run_id,tick,phase,nominal_frame,hardware_index,isaaclab_index,joint,category,nominal_preclip_action,fused_preclip_action,nominal_postclip_action,fused_postclip_action,postclip_action_delta,nominal_q_target_rad,fused_q_target_rad,q_target_delta_rad,recorded_raw_postclip_action,recorded_new_q_target_rad,held_q_target_rad,actual_q_rad,actual_dq_rad_s,held_target_minus_actual_rad,motor_tau_est_Nm,nominal_pd_proxy_Nm,note
20261007_174302_general32_lift_walk_start_A201_on,615,PLAY,334,0,0,left_hip_pitch_joint,interior_target_change,,,0.7491360902786255,0.486439049243927,-0.2626970410346985,-0.04930683970451355,-0.14142456650733948,-0.09211772680282593,0.48643895983695984,-0.14142459630966187,-0.16398419439792633,-0.226705313,0.518144608,0.06272111860207366,2.8125,2.946692623376208,held error describes prior logged command/state; not future counterfactual target tracking or external force
20261007_174302_general32_lift_walk_start_A201_on,615,PLAY,334,1,3,left_hip_roll_joint,interior_target_change,,,0.0459701269865036,-0.1542237251996994,-0.200193852186203,0.016119951382279396,-0.05408031865954399,-0.07020027190446854,-0.15422376990318298,-0.054080333560705185,-0.03700987249612808,0.124644458,-0.265071899,-0.1616543304961281,-14.677734375,-14.347403806575198,held error describes prior logged command/state; not future counterfactual target tracking or external force
20261007_174302_general32_lift_walk_start_A201_on,615,PLAY,334,2,6,left_hip_yaw_joint,interior_target_change,,,0.37312209606170654,0.4433647692203522,0.07024267315864563,0.20430168509483337,0.24276281893253326,0.03846113383769989,0.44336509704589844,0.2427629977464676,0.23493289947509766,0.032180727,0.968501925,0.20275217247509766,5.98455286,5.669106565967285,held error describes prior logged command/state; not future counterfactual target tracking or external force
20261007_174302_general32_lift_walk_start_A201_on,615,PLAY,334,3,9,left_knee_joint,interior_target_change,,,-0.9927717447280884,-0.9578882455825806,0.03488349914550781,0.3208732008934021,0.33310550451278687,0.012232303619384766,-0.9578883647918701,0.3331054747104645,0.3380870521068573,0.317176104,0.138535514,0.020910948106857286,1.0546875,1.1982489812346486,held error describes prior logged command/state; not future counterfactual target tracking or external force
20261007_174302_general32_lift_walk_start_A201_on,615,PLAY,334,4,13,left_ankle_pitch_joint,interior_target_change,,,0.18701520562171936,0.26496535539627075,0.07795014977455139,-0.28097936511039734,-0.24679221212863922,0.03418715298175812,0.2649646997451782,-0.2467924952507019,-0.25592026114463806,-0.125678524,-0.508944094,-0.13024173714463805,-1.76604712,-2.788600284315879,held error describes prior logged command/state; not future counterfactual target tracking or external force
20261007_174302_general32_lift_walk_start_A201_on,615,PLAY,334,5,17,left_ankle_roll_joint,interior_target_change,,,-0.03827619552612305,0.02873137593269348,0.06700757145881653,-0.016787070780992508,0.012600929476320744,0.029387999325990677,0.028731338679790497,0.012600913643836975,0.005858399905264378,-0.075518161,0.843095899,0.08137656090526438,1.015711665,0.7895815828836523,held error describes prior logged command/state; not future counterfactual target tracking or external force
20261007_174302_general32_lift_walk_start_A201_on,615,PLAY,334,6,1,right_hip_pitch_joint,interior_target_change,,,0.9433268308639526,0.6166030168533325,-0.3267238140106201,0.018788369372487068,-0.09578108042478561,-0.11456944793462753,0.616602897644043,-0.0957811251282692,-0.11221012473106384,-0.259157538,0.278161854,0.14694741326893618,13.18359375,12.807389516289941,held error describes prior logged command/state; not future counterfactual target tracking or external force
20261007_174302_general32_lift_walk_start_A201_on,615,PLAY,334,7,4,right_hip_roll_joint,interior_target_change,,,-0.5497278571128845,-0.7604262232780457,-0.21069836616516113,-0.1927683800458908,-0.2666521668434143,-0.0738837867975235,-0.7604256868362427,-0.26665198802948,-0.2938089966773987,-0.212132499,-0.289070159,-0.08167649767739868,-6.6796875,-6.270326131549159,held error describes prior logged command/state; not future counterfactual target tracking or external force
20261007_174302_general32_lift_walk_start_A201_on,615,PLAY,334,8,7,right_hip_yaw_joint,interior_target_change,,,-0.7598391175270081,-0.6706940531730652,0.08914506435394287,-0.41604721546173096,-0.3672361671924591,0.04881104826927185,-0.6706944108009338,-0.36723634600639343,-0.3833531141281128,-0.520168006,0.702806711,0.13681489187188722,4.026988506,3.6994159685734997,held error describes prior logged command/state; not future counterfactual target tracking or external force
20261007_174302_general32_lift_walk_start_A201_on,615,PLAY,334,9,10,right_knee_joint,interior_target_change,,,-1.2650392055511475,-1.6133975982666016,-0.3483583927154541,0.22539949417114258,0.1032436341047287,-0.12215586006641388,-1.613397479057312,0.10324367135763168,0.0958256796002388,0.25741902,-0.184350416,-0.1615933403997612,-14.58984375,-14.850615609195355,held error describes prior logged command/state; not future counterfactual target tracking or external force
20261007_174302_general32_lift_walk_start_A201_on,615,PLAY,334,10,14,right_ankle_pitch_joint,interior_target_change,,,0.21659865975379944,0.23315377533435822,0.016555115580558777,-0.26800474524497986,-0.26074403524398804,0.007260710000991821,0.23315460979938507,-0.2607436776161194,-0.3394801616668701,-0.001029212,0.408405751,-0.3384509496668701,-10.437036514,-10.387303678361983,held error describes prior logged command/state; not future counterfactual target tracking or external force
20261007_174302_general32_lift_walk_start_A201_on,615,PLAY,334,11,18,right_ankle_roll_joint,interior_target_change,,,0.5333127975463867,0.6764918565750122,0.1431790590286255,0.23389889299869537,0.29669398069381714,0.06279508769512177,0.6764917373657227,0.29669392108917236,0.2981097102165222,0.024557387,0.626972973,0.27355232321652223,6.781943321,6.658973484513907,held error describes prior logged command/state; not future counterfactual target tracking or external force
20261007_174302_general32_lift_walk_start_A201_on,615,PLAY,334,12,2,waist_yaw_joint,interior_target_change,,,0.006442725658416748,-0.00031657516956329346,-0.0067593008279800415,0.003527691587805748,-0.0001733396202325821,-0.00370103120803833,-0.0003165290108881891,-0.00017331411072518677,-0.005234231241047382,0.014315937,-0.111420572,-0.019550168241047383,-0.727095187,-0.5005093168170875,held error describes prior logged command/state; not future counterfactual target tracking or external force
20261007_174302_general32_lift_walk_start_A201_on,615,PLAY,334,13,5,waist_roll_joint,interior_target_change,,,-0.7111033797264099,-0.670272946357727,0.04083043336868286,-0.31187382340431213,-0.29396650195121765,0.017907321453094482,-0.6702724695205688,-0.29396629333496094,-0.2688760757446289,-0.02002231,-0.164279073,-0.24885376574462892,-7.108510494,-6.79456680755873,held error describes prior logged command/state; not future counterfactual target tracking or external force
20261007_174302_general32_lift_walk_start_A201_on,615,PLAY,334,14,8,waist_pitch_joint,interior_target_change,,,-1.2323330640792847,-0.7946357131004333,0.4376973509788513,-0.5404733419418335,-0.34850919246673584,0.19196414947509766,-0.7946354746818542,-0.3485091030597687,-0.3700260818004608,0.060819544,0.071810037,-0.4308456258004608,-12.278118134,-12.409932368256298,held error describes prior logged command/state; not future counterfactual target tracking or external force
20261007_174302_general32_lift_walk_start_A201_on,615,PLAY,334,15,11,left_shoulder_pitch_joint,interior_target_change,,,-1.4865115880966187,-2.0984601974487305,-0.6119486093521118,-0.4519502520561218,-0.7203370332717896,-0.2683867812156677,-2.0984606742858887,-0.7203372716903687,-0.7725242972373962,-0.518485546,-0.092038848,-0.2540387512373963,-3.6875,-3.536710660035628,held error describes prior logged command/state; not future counterfactual target tracking or external force
20261007_174302_general32_lift_walk_start_A201_on,615,PLAY,334,16,15,left_shoulder_roll_joint,interior_target_change,,,0.5878731608390808,0.8252699375152588,0.23739677667617798,0.4578278362751007,0.5619446635246277,0.10411682724952698,0.8252705931663513,0.5619449615478516,0.5358322262763977,0.37097168,0.019941751,0.16486054627639768,2.125,2.3312738387177157,held error describes prior logged command/state; not future counterfactual target tracking or external force
20261007_174302_general32_lift_walk_start_A201_on,615,PLAY,334,17,19,left_shoulder_yaw_joint,interior_target_change,,,-1.4498624801635742,-1.3005499839782715,0.14931249618530273,-0.6358767747879028,-0.5703917145729065,0.06548506021499634,-1.3005493879318237,-0.5703914761543274,-0.5608275532722473,-0.58683157,0.058291271,0.026004016727752655,0.4375,0.3176902583560389,held error describes prior logged command/state; not future counterfactual target tracking or external force
20261007_174302_general32_lift_walk_start_A201_on,615,PLAY,334,18,21,left_elbow_joint,interior_target_change,,,1.743889570236206,1.6657674312591553,-0.07812213897705078,1.3648303747177124,1.3305678367614746,-0.03426253795623779,1.6657681465148926,1.3305680751800537,1.3256983757019043,1.316586971,0.375825316,0.009111404701904302,-0.3125,-0.21111412955392275,held error describes prior logged command/state; not future counterfactual target tracking or external force
20261007_174302_general32_lift_walk_start_A201_on,615,PLAY,334,19,23,left_wrist_roll_joint,interior_target_change,,,-1.2741217613220215,-1.4462010860443115,-0.17207932472229004,-0.5588008761405945,-0.634270966053009,-0.07547008991241455,-1.4462013244628906,-0.6342710852622986,-0.6124985814094543,-0.596646667,-0.115048565,-0.015851914409454326,-0.25,-0.12152496311886068,held error describes prior logged command/state; not future counterfactual target tracking or external force
20261007_174302_general32_lift_walk_start_A201_on,615,PLAY,334,20,25,left_wrist_pitch_joint,interior_target_change,,,-0.4050142765045166,-0.6999192237854004,-0.2949049472808838,-0.03017391636967659,-0.05214459076523781,-0.021970674395561218,-0.6999190449714661,-0.05214457958936691,-0.03413540497422218,0.003679157,-0.36815539,-0.037814561974222186,-0.256249994,-0.241223085846978,held error describes prior logged command/state; not future counterfactual target tracking or external force
20261007_174302_general32_lift_walk_start_A201_on,615,PLAY,334,21,27,left_wrist_yaw_joint,residual_moves_to_boundary,,,2.7754039764404297,3.0,0.2245960235595703,0.20677001774311066,0.22350260615348816,0.016732588410377502,3.0,0.22350260615348816,0.22350260615348816,0.213103488,0.006135923,0.010399118153488152,0.131249994,0.16792578093149624,held error describes prior logged command/state; not future counterfactual target tracking or external force
20261007_174302_general32_lift_walk_start_A201_on,615,PLAY,334,22,12,right_shoulder_pitch_joint,interior_target_change,,,-1.1235302686691284,-1.546584129333496,-0.4230538606643677,-0.2927548885345459,-0.4782967269420624,-0.18554183840751648,-1.5465834140777588,-0.4782963991165161,-0.5011133551597595,-0.375993073,0.520019531,-0.1251202821597595,-2.0625,-2.254815549164352,held error describes prior logged command/state; not future counterfactual target tracking or external force
20261007_174302_general32_lift_walk_start_A201_on,615,PLAY,334,23,16,right_shoulder_roll_joint,interior_target_change,,,-0.8386110663414001,-1.1667078733444214,-0.32809680700302124,-0.5677958130836487,-0.7116916179656982,-0.14389580488204956,-1.1667083501815796,-0.7116917967796326,-0.724555492401123,-0.587586582,0.269980639,-0.13696891040112302,-2.3125,-2.1968248798643146,held error describes prior logged command/state; not future counterfactual target tracking or external force
20261007_174302_general32_lift_walk_start_A201_on,615,PLAY,334,24,20,right_shoulder_yaw_joint,interior_target_change,,,1.458160161972046,1.3284149169921875,-0.1297452449798584,0.6395159959793091,0.5826126337051392,-0.05690336227416992,1.3284146785736084,0.5826125144958496,0.5615507960319519,0.560106754,0.237767026,0.0014440420319519198,0.0,-0.19512918477712168,held error describes prior logged command/state; not future counterfactual target tracking or external force
20261007_174302_general32_lift_walk_start_A201_on,615,PLAY,334,25,22,right_elbow_joint,interior_target_change,,,0.9954910278320312,0.7137033343315125,-0.2817876935005188,1.0365997552871704,0.9130141139030457,-0.12358564138412476,0.7137031555175781,0.9130139946937561,0.8809568881988525,0.959325254,0.081300981,-0.07836836580114748,-1.0,-1.1905561255872488,held error describes prior logged command/state; not future counterfactual target tracking or external force
20261007_174302_general32_lift_walk_start_A201_on,615,PLAY,334,26,24,right_wrist_roll_joint,interior_target_change,,,1.6238183975219727,1.9259123802185059,0.3020939826965332,0.712169885635376,0.8446614742279053,0.1324915885925293,1.9259121417999268,0.8446613550186157,0.8794437646865845,0.930467248,-0.604388475,-0.05102348331341555,-0.375,-0.1788013669776235,held error describes prior logged command/state; not future counterfactual target tracking or external force
20261007_174302_general32_lift_walk_start_A201_on,615,PLAY,334,27,26,right_wrist_pitch_joint,interior_target_change,,,-2.482779026031494,-2.962986946105957,-0.4802079200744629,-0.1849692016839981,-0.22074510157108307,-0.03577589988708496,-2.9629874229431152,-0.22074514627456665,-0.2079239934682846,-0.155507311,-0.362019479,-0.0524166824682846,-0.462500006,-0.49277627307995536,held error describes prior logged command/state; not future counterfactual target tracking or external force
20261007_174302_general32_lift_walk_start_A201_on,615,PLAY,334,28,28,right_wrist_yaw_joint,residual_moves_to_boundary,,,-2.7888500690460205,-3.0,-0.2111499309539795,-0.20777176320552826,-0.22350260615348816,-0.0157308429479599,-3.0,-0.22350260615348816,-0.22350260615348816,-0.21503295,-0.006135923,-0.008469656153488159,-0.118749999,-0.13555263474407264,held error describes prior logged command/state; not future counterfactual target tracking or external force
20261007_174302_general32_lift_walk_start_A201_on,705,PLAY,424,0,0,left_hip_pitch_joint,interior_target_change,,,1.059965968132019,0.7736815214157104,-0.2862844467163086,0.059689220041036606,-0.04069970175623894,-0.10038892179727554,0.7736818194389343,-0.04069959744811058,-0.020858585834503174,-0.089703783,0.706858337,0.06884519716549682,2.28515625,2.36302168964472,held error describes prior logged command/state; not future counterfactual target tracking or external force
20261007_174302_general32_lift_walk_start_A201_on,705,PLAY,424,1,3,left_hip_roll_joint,interior_target_change,,,-0.6859217882156372,-0.41336607933044434,0.27255570888519287,-0.24052633345127106,-0.14495155215263367,0.09557478129863739,-0.4133661091327667,-0.14495156705379486,-0.15914694964885712,-0.00165329,0.074176498,-0.15749365964885711,-16.259765625,-16.075338718192636,held error describes prior logged command/state; not future counterfactual target tracking or external force
20261007_174302_general32_lift_walk_start_A201_on,705,PLAY,424,2,6,left_hip_yaw_joint,interior_target_change,,,0.012037709355354309,0.025029256939888,0.012991547584533691,0.006591205019503832,0.01370468083769083,0.007113475818186998,0.025029122829437256,0.01370460819453001,0.011050035245716572,-0.194932431,0.390829086,0.20598246624571656,7.494673252,7.276520710948834,held error describes prior logged command/state; not future counterfactual target tracking or external force
20261007_174302_general32_lift_walk_start_A201_on,705,PLAY,424,3,9,left_knee_joint,interior_target_change,,,-0.9191543459892273,-1.650161862373352,-0.7310075163841248,0.34668800234794617,0.09035181999206543,-0.25633618235588074,-1.6501612663269043,0.09035202860832214,0.10297492891550064,0.118994296,-0.151625484,-0.01601936708449936,-0.966796875,-0.6309189729144943,held error describes prior logged command/state; not future counterfactual target tracking or external force
20261007_174302_general32_lift_walk_start_A201_on,705,PLAY,424,4,13,left_ankle_pitch_joint,interior_target_change,,,0.8954319953918457,0.8370634913444519,-0.0583685040473938,0.029716160148382187,0.004117057658731937,-0.025599103420972824,0.8370634913444519,0.004117057658731937,0.04902523383498192,-0.051212851,-0.373407751,0.10023808483498192,3.779358149,3.5344383650505136,held error describes prior logged command/state; not future counterfactual target tracking or external force
20261007_174302_general32_lift_walk_start_A201_on,705,PLAY,424,5,17,left_ankle_roll_joint,interior_target_change,,,-0.25175589323043823,-0.2626359462738037,-0.010880053043365479,-0.11041442304849625,-0.1151861697435379,-0.0047717466950416565,-0.2626360058784485,-0.1151861920952797,-0.12349512428045273,-0.051231604,0.187893555,-0.07226352028045273,-2.337082148,-2.400522991430741,held error describes prior logged command/state; not future counterfactual target tracking or external force
20261007_174302_general32_lift_walk_start_A201_on,705,PLAY,424,6,1,right_hip_pitch_joint,interior_target_change,,,1.1583329439163208,0.847179651260376,-0.3111532926559448,0.09418272972106934,-0.014926740899682045,-0.10910946875810623,0.8471794724464417,-0.014926804229617119,-0.0008332871366292238,-0.043582097,0.619591892,0.042748809863370776,0.87890625,0.32745745464166287,held error describes prior logged command/state; not future counterfactual target tracking or external force
20261007_174302_general32_lift_walk_start_A201_on,705,PLAY,424,7,4,right_hip_roll_joint,interior_target_change,,,-0.3917551338672638,-0.2799851894378662,0.11176994442939758,-0.1373734325170517,-0.09818001836538315,0.03919341415166855,-0.27998536825180054,-0.09818007797002792,-0.10422895103693008,-0.267517716,0.007635816,0.16328876496306993,15.64453125,16.13348687644526,held error describes prior logged command/state; not future counterfactual target tracking or external force
20261007_174302_general32_lift_walk_start_A201_on,705,PLAY,424,8,7,right_hip_yaw_joint,interior_target_change,,,-0.9106529355049133,-0.9385836124420166,-0.02793067693710327,-0.4986248016357422,-0.5139181613922119,-0.015293359756469727,-0.9385836124420166,-0.5139181613922119,-0.5057348608970642,-0.504030764,0.317120105,-0.001704096897064189,-0.615234375,-0.8796275639434287,held error describes prior logged command/state; not future counterfactual target tracking or external force
20261007_174302_general32_lift_walk_start_A201_on,705,PLAY,424,9,10,right_knee_joint,interior_target_change,,,-0.6767823696136475,-1.0755019187927246,-0.39871954917907715,0.43167850375175476,0.29186293482780457,-0.1398155689239502,-1.0755020380020142,0.2918628752231598,0.3130340278148651,0.228000671,-0.018544124,0.08503335681486512,8.701171875,8.543663087586438,held error describes prior logged command/state; not future counterfactual target tracking or external force
20261007_174302_general32_lift_walk_start_A201_on,705,PLAY,424,10,14,right_ankle_pitch_joint,interior_target_change,,,2.0165114402770996,1.7490332126617432,-0.26747822761535645,0.5213961601257324,0.40408629179000854,-0.11730986833572388,1.7490332126617432,0.40408629179000854,0.45359477400779724,-0.010127404,-0.002696911,0.46372217800779725,13.051224709,13.22155303723125,held error describes prior logged command/state; not future counterfactual target tracking or external force
20261007_174302_general32_lift_walk_start_A201_on,705,PLAY,424,11,18,right_ankle_roll_joint,interior_target_change,,,0.31435254216194153,0.36691153049468994,0.05255898833274841,0.13786789774894714,0.16091907024383545,0.023051172494888306,0.3669116795063019,0.16091914474964142,0.15234176814556122,0.109556749,0.036988877,0.04278501914556122,0.814208925,1.1523120242534,held error describes prior logged command/state; not future counterfactual target tracking or external force
20261007_174302_general32_lift_walk_start_A201_on,705,PLAY,424,12,2,waist_yaw_joint,interior_target_change,,,-0.10220649838447571,-0.07363331317901611,0.028573185205459595,-0.055962808430194855,-0.04031766206026077,0.015645146369934082,-0.07363294810056686,-0.040317460894584656,-0.006892453879117966,0.046724323,0.020569952,-0.053616776879117964,-2.293146372,-2.206896873360047,held error describes prior logged command/state; not future counterfactual target tracking or external force
20261007_174302_general32_lift_walk_start_A201_on,705,PLAY,424,13,5,waist_roll_joint,interior_target_change,,,1.2791649103164673,0.5138661861419678,-0.7652987241744995,0.5610126852989197,0.22537004947662354,-0.33564263582229614,0.5138664245605469,0.2253701537847519,0.23522049188613892,-0.147211954,-0.11719507,0.3824324458861389,10.533346176,11.11244512166294,held error describes prior logged command/state; not future counterfactual target tracking or external force
20261007_174302_general32_lift_walk_start_A201_on,705,PLAY,424,14,8,waist_pitch_joint,interior_target_change,,,1.2277754545211792,0.3558650612831116,-0.8719103932380676,0.538474440574646,0.15607434511184692,-0.3824000954627991,0.35586509108543396,0.15607436001300812,0.12210674583911896,0.039072491,0.052432071,0.08303425483911896,2.223212957,2.2714445344158003,held error describes prior logged command/state; not future counterfactual target tracking or external force
20261007_174302_general32_lift_walk_start_A201_on,705,PLAY,424,15,11,left_shoulder_pitch_joint,interior_target_change,,,-0.4048762321472168,-1.7495317459106445,-1.3446555137634277,0.02243047021329403,-0.5673049092292786,-0.5897353887557983,-1.7495313882827759,-0.567304790019989,-0.5475910902023315,-0.361612022,-0.174873814,-0.18597906820233157,-2.625,-2.4916680173206767,held error describes prior logged command/state; not future counterfactual target tracking or external force
20261007_174302_general32_lift_walk_start_A201_on,705,PLAY,424,16,15,left_shoulder_roll_joint,interior_target_change,,,0.5461010932922363,0.7599459886550903,0.213844895362854,0.43950754404067993,0.5332950949668884,0.0937875509262085,0.7599455118179321,0.5332948565483093,0.5320250988006592,0.42677024,0.375825316,0.10525485880065916,1.0625,1.1589899646248245,held error describes prior logged command/state; not future counterfactual target tracking or external force
20261007_174302_general32_lift_walk_start_A201_on,705,PLAY,424,17,19,left_shoulder_yaw_joint,interior_target_change,,,-1.8455580472946167,-1.6256904602050781,0.21986758708953857,-0.8094198703765869,-0.712990939617157,0.09642893075942993,-1.6256905794143677,-0.7129909992218018,-0.7218744158744812,-0.682717323,-0.751650631,-0.039157092874481214,0.1875,0.12390168193256146,held error describes prior logged command/state; not future counterfactual target tracking or external force
20261007_174302_general32_lift_walk_start_A201_on,705,PLAY,424,18,21,left_elbow_joint,interior_target_change,,,1.097743272781372,0.9880267381668091,-0.10971653461456299,1.081445336341858,1.0333261489868164,-0.048119187355041504,0.988027036190033,1.033326268196106,1.0490895509719849,1.058590531,0.159534007,-0.009500980028015027,-0.375,-0.28012778134460403,held error describes prior logged command/state; not future counterfactual target tracking or external force
20261007_174302_general32_lift_walk_start_A201_on,705,PLAY,424,19,23,left_wrist_roll_joint,interior_target_change,,,-0.9025618433952332,-1.548168659210205,-0.6456068158149719,-0.39584314823150635,-0.6789916753768921,-0.28314852714538574,-1.5481680631637573,-0.6789913773536682,-0.6724593043327332,-0.61438328,-1.11060214,-0.05807602433273318,-0.0625,0.1799441440138796,held error describes prior logged command/state; not future counterfactual target tracking or external force
20261007_174302_general32_lift_walk_start_A201_on,705,PLAY,424,20,25,left_wrist_pitch_joint,residual_moves_to_boundary,,,-2.649390459060669,-3.0,-0.35060954093933105,-0.1973818987607956,-0.22350260615348816,-0.026120707392692566,-3.0,-0.22350260615348816,-0.22350260615348816,-0.211653396,-0.012271847,-0.011849210153488166,-0.231250003,-0.18570186523103602,held error describes prior logged command/state; not future counterfactual target tracking or external force
20261007_174302_general32_lift_walk_start_A201_on,705,PLAY,424,21,27,left_wrist_yaw_joint,residual_moves_to_boundary,,,2.787078380584717,3.0,0.2129216194152832,0.20763976871967316,0.22350260615348816,0.015862837433815002,3.0,0.22350260615348816,0.22350260615348816,0.213187382,0.030679617,0.01031522415348815,0.143749997,0.14030204273390917,held error describes prior logged command/state; not future counterfactual target tracking or external force
20261007_174302_general32_lift_walk_start_A201_on,705,PLAY,424,22,12,right_shoulder_pitch_joint,residual_moves_off_boundary,,,3.0,-0.23192861676216125,-3.2319286167621613,1.515731930732727,0.0982813686132431,-1.4174505472183228,-0.23192840814590454,0.09828145802021027,0.05517909675836563,-0.448114157,0.009203885,0.5032932537583656,7.25,7.163892316655235,held error describes prior logged command/state; not future counterfactual target tracking or external force
20261007_174302_general32_lift_walk_start_A201_on,705,PLAY,424,23,16,right_shoulder_roll_joint,interior_target_change,,,1.537390112876892,-0.9940584301948547,-2.531448543071747,0.4742644131183624,-0.6359714865684509,-1.1102359294891357,-0.9940589666366577,-0.63597172498703,-0.6377526521682739,-0.903406858,-0.532291353,0.26565420583172605,4.0,4.2686447564347905,held error describes prior logged command/state; not future counterfactual target tracking or external force
20261007_174302_general32_lift_walk_start_A201_on,705,PLAY,424,24,20,right_shoulder_yaw_joint,residual_moves_off_boundary,,,3.0,1.0602753162384033,-1.9397246837615967,1.3157318830490112,0.46501269936561584,-0.8507192134857178,1.0602755546569824,0.4650128185749054,0.47583529353141785,0.218867913,-0.012271847,0.2569673805314179,3.75,3.673078499055279,held error describes prior logged command/state; not future counterfactual target tracking or external force
20261007_174302_general32_lift_walk_start_A201_on,705,PLAY,424,25,22,right_elbow_joint,interior_target_change,,,1.0231012105941772,0.02278047800064087,-1.0003207325935364,1.0487090349197388,0.6099910140037537,-0.4387180209159851,0.0227797944098711,0.6099907159805298,0.6431146264076233,0.507579863,-0.064427197,0.13553476340762327,2.125,1.9899046091174357,held error describes prior logged command/state; not future counterfactual target tracking or external force
20261007_174302_general32_lift_walk_start_A201_on,705,PLAY,424,26,24,right_wrist_roll_joint,interior_target_change,,,1.032504677772522,2.5723705291748047,1.5398658514022827,0.4528331160545349,1.128183364868164,0.6753502488136292,2.5723700523376465,1.128183126449585,1.1302579641342163,1.078879833,0.607456446,0.0513781311342163,0.0625,0.1810719858341968,held error describes prior logged command/state; not future counterfactual target tracking or external force
20261007_174302_general32_lift_walk_start_A201_on,705,PLAY,424,27,26,right_wrist_pitch_joint,nominal_already_same_boundary,,,-3.0,-3.0,0.0,-0.22350260615348816,-0.22350260615348816,0.0,-3.0,-0.22350260615348816,-0.22350260615348816,-0.244729862,0.0,0.021227255846511833,0.387499988,0.35615785989927357,held error describes prior logged command/state; not future counterfactual target tracking or external force
20261007_174302_general32_lift_walk_start_A201_on,705,PLAY,424,28,28,right_wrist_yaw_joint,nominal_already_same_boundary,,,-3.0,-3.0,0.0,-0.22350260615348816,-0.22350260615348816,0.0,-3.0,-0.22350260615348816,-0.22350260615348816,-0.21502097,-0.006135923,-0.008481636153488153,-0.118749999,-0.13575363911281646,held error describes prior logged command/state; not future counterfactual target tracking or external force
20261007_174302_general32_lift_walk_start_A201_on,1120,PLAY,839,0,0,left_hip_pitch_joint,interior_target_change,,,0.632396399974823,0.36478617787361145,-0.26761022210121155,-0.09024295210838318,-0.18408355116844177,-0.0938405990600586,0.3647864758968353,-0.18408344686031342,-0.18682724237442017,-0.287382782,0.441786498,0.10055553962557984,7.294921875,7.177752396842918,held error describes prior logged command/state; not future counterfactual target tracking or external force
20261007_174302_general32_lift_walk_start_A201_on,1120,PLAY,839,1,3,left_hip_roll_joint,interior_target_change,,,0.318215012550354,0.305547297000885,-0.012667715549468994,0.11158574372529984,0.10714366286993027,-0.004442080855369568,0.30554723739624023,0.10714364051818848,0.12465792894363403,0.118968733,-0.320704252,0.00568919594363404,2.109375,2.5870498823789365,held error describes prior logged command/state; not future counterfactual target tracking or external force
20261007_174302_general32_lift_walk_start_A201_on,1120,PLAY,839,2,6,left_hip_yaw_joint,interior_target_change,,,-0.4406099319458008,-0.31498628854751587,0.1256236433982849,-0.24125440418720245,-0.1724696308374405,0.06878477334976196,-0.31498631834983826,-0.17246964573860168,-0.18347705900669098,-0.155158505,-0.203985378,-0.028318554006690977,-0.391512781,-0.6160458059651394,held error describes prior logged command/state; not future counterfactual target tracking or external force
20261007_174302_general32_lift_walk_start_A201_on,1120,PLAY,839,3,9,left_knee_joint,interior_target_change,,,-0.6777411103248596,-0.9974386692047119,-0.3196975588798523,0.43134230375289917,0.319236695766449,-0.1121056079864502,-0.9974383115768433,0.3192368149757385,0.3641866147518158,0.336938888,-1.134464025,0.027247726751815804,8.876953125,9.85731536941599,held error describes prior logged command/state; not future counterfactual target tracking or external force
20261007_174302_general32_lift_walk_start_A201_on,1120,PLAY,839,4,13,left_ankle_pitch_joint,interior_target_change,,,1.0469651222229004,1.2749836444854736,0.22801852226257324,0.09617514908313751,0.19617889821529388,0.10000374913215637,1.2749836444854736,0.19617889821529388,0.05027640610933304,-0.188273028,0.013308207,0.23854943410933305,6.596835613,6.774808965697198,held error describes prior logged command/state; not future counterfactual target tracking or external force
20261007_174302_general32_lift_walk_start_A201_on,1120,PLAY,839,5,17,left_ankle_roll_joint,interior_target_change,,,-0.2047206461429596,-0.2088014781475067,-0.004080832004547119,-0.08978582918643951,-0.09157559275627136,-0.0017897635698318481,-0.20880141854286194,-0.09157556295394897,-0.0920640155673027,-0.120722562,0.033245433,0.0286585464326973,0.517056406,0.7564822334303408,held error describes prior logged command/state; not future counterfactual target tracking or external force
20261007_174302_general32_lift_walk_start_A201_on,1120,PLAY,839,6,1,right_hip_pitch_joint,interior_target_change,,,0.4866209328174591,0.28601545095443726,-0.20060548186302185,-0.1413607895374298,-0.21170540153980255,-0.07034461200237274,0.28601545095443726,-0.21170540153980255,-0.20685690641403198,-0.314116657,-0.311977625,0.10725975058596804,12.744140625,12.597477499726768,held error describes prior logged command/state; not future counterfactual target tracking or external force
20261007_174302_general32_lift_walk_start_A201_on,1120,PLAY,839,7,4,right_hip_roll_joint,interior_target_change,,,-1.2714015245437622,-1.0715696811676025,0.19983184337615967,-0.4458315372467041,-0.37575820088386536,0.07007333636283875,-1.0715699195861816,-0.3757582902908325,-0.4014371931552887,-0.103927195,-0.463603109,-0.29750999815528867,-26.982421875,-26.55799272059899,held error describes prior logged command/state; not future counterfactual target tracking or external force
20261007_174302_general32_lift_walk_start_A201_on,1120,PLAY,839,8,7,right_hip_yaw_joint,interior_target_change,,,-0.5417057871818542,-0.5452638864517212,-0.0035580992698669434,-0.296609103679657,-0.298557311296463,-0.0019482076168060303,-0.5452640056610107,-0.2985573709011078,-0.28950607776641846,-0.399413288,0.003428325,0.10990721023358152,4.586292744,4.407218610973921,held error describes prior logged command/state; not future counterfactual target tracking or external force
20261007_174302_general32_lift_walk_start_A201_on,1120,PLAY,839,9,10,right_knee_joint,interior_target_change,,,-1.1803971529006958,-1.3674743175506592,-0.18707716464996338,0.2550801932811737,0.18947945535182953,-0.06560073792934418,-1.3674743175506592,0.18947945535182953,0.16888727247714996,0.236616537,0.061086528,-0.06772926452285002,-6.6796875,-7.097246352512346,held error describes prior logged command/state; not future counterfactual target tracking or external force
20261007_174302_general32_lift_walk_start_A201_on,1120,PLAY,839,10,14,right_ankle_pitch_joint,interior_target_change,,,1.144432783126831,1.2010204792022705,0.05658769607543945,0.13892225921154022,0.163740336894989,0.02481807768344879,1.2010200023651123,0.1637401282787323,0.2094315141439438,-0.057168253,0.407423556,0.2665997671439438,6.108514309,6.859177480129285,held error describes prior logged command/state; not future counterfactual target tracking or external force
20261007_174302_general32_lift_walk_start_A201_on,1120,PLAY,839,11,18,right_ankle_roll_joint,interior_target_change,,,-0.13618379831314087,-0.07368931174278259,0.062494486570358276,-0.059727124869823456,-0.03231846168637276,0.0274086631834507,-0.0736895352602005,-0.03231855854392052,-0.049151260405778885,-0.019747328,0.08018171,-0.029403932405778883,-1.152217984,-0.9835340577792802,held error describes prior logged command/state; not future counterfactual target tracking or external force
20261007_174302_general32_lift_walk_start_A201_on,1120,PLAY,839,12,2,waist_yaw_joint,interior_target_change,,,-0.14033296704292297,-0.020069144666194916,0.12026382237672806,-0.07683882117271423,-0.010988789610564709,0.06585003435611725,-0.020068978890776634,-0.010988698340952396,0.018449140712618828,-0.033854712,-0.140561342,0.05230385271261883,2.18128562,2.4610693221930777,held error describes prior logged command/state; not future counterfactual target tracking or external force
20261007_174302_general32_lift_walk_start_A201_on,1120,PLAY,839,13,5,waist_roll_joint,interior_target_change,,,-0.43925827741622925,-0.20765063166618347,0.23160764575004578,-0.19264870882034302,-0.09107085317373276,0.10157785564661026,-0.2076507806777954,-0.09107092022895813,-0.1078486442565918,0.098337837,-0.147693843,-0.20618648125659178,-5.821561337,-5.608589057425442,held error describes prior logged command/state; not future counterfactual target tracking or external force
20261007_174302_general32_lift_walk_start_A201_on,1120,PLAY,839,14,8,waist_pitch_joint,interior_target_change,,,-1.294360637664795,-0.8488429188728333,0.44551771879196167,-0.5676771998405457,-0.3722832500934601,0.19539394974708557,-0.8488430380821228,-0.37228330969810486,-0.38202300667762756,0.034063883,0.074460998,-0.4160868896776276,-11.885734558,-11.994100031647042,held error describes prior logged command/state; not future counterfactual target tracking or external force
20261007_174302_general32_lift_walk_start_A201_on,1120,PLAY,839,15,11,left_shoulder_pitch_joint,interior_target_change,,,-1.0537189245224,-1.2047827243804932,-0.15106379985809326,-0.26213720440864563,-0.32839035987854004,-0.06625315546989441,-1.204782247543335,-0.3283901512622833,-0.3133273124694824,-0.280670553,-0.039883502,-0.03265675946948243,-0.5,-0.42919593438423914,held error describes prior logged command/state; not future counterfactual target tracking or external force
20261007_174302_general32_lift_walk_start_A201_on,1120,PLAY,839,16,15,left_shoulder_roll_joint,interior_target_change,,,0.6833810210227966,0.9884216785430908,0.3050406575202942,0.4997154176235199,0.6334993243217468,0.13378390669822693,0.988422155380249,0.6334995627403259,0.6447110176086426,0.384477913,0.158000022,0.2602331046086426,3.4375,3.565142567717532,held error describes prior logged command/state; not future counterfactual target tracking or external force
20261007_174302_general32_lift_walk_start_A201_on,1120,PLAY,839,17,19,left_shoulder_yaw_joint,interior_target_change,,,-1.1849396228790283,-1.2087576389312744,-0.023818016052246094,-0.5196876525878906,-0.5301336646080017,-0.010446012020111084,-1.208757758140564,-0.5301337242126465,-0.5173370242118835,-0.517826378,0.0,0.0004893537881164312,0.125,0.006973596225402148,held error describes prior logged command/state; not future counterfactual target tracking or external force
20261007_174302_general32_lift_walk_start_A201_on,1120,PLAY,839,18,21,left_elbow_joint,interior_target_change,,,1.264022946357727,1.119084119796753,-0.14493882656097412,1.154371738433838,1.090804934501648,-0.06356680393218994,1.1190845966339111,1.090805172920227,1.1180710792541504,1.122933865,-0.01687379,-0.00486278574584964,-0.1875,-0.05398943703375698,held error describes prior logged command/state; not future counterfactual target tracking or external force
20261007_174302_general32_lift_walk_start_A201_on,1120,PLAY,839,19,23,left_wrist_roll_joint,interior_target_change,,,-0.8337661623954773,-1.0257906913757324,-0.19202452898025513,-0.36567091941833496,-0.44988852739334106,-0.0842176079750061,-1.0257906913757324,-0.44988852739334106,-0.4329296946525574,-0.417506427,-0.366621435,-0.01542326765255736,-0.0625,0.11281618049024433,held error describes prior logged command/state; not future counterfactual target tracking or external force
20261007_174302_general32_lift_walk_start_A201_on,1120,PLAY,839,20,25,left_wrist_pitch_joint,interior_target_change,,,-2.432544708251953,-2.777902364730835,-0.34535765647888184,-0.1812267005443573,-0.206956148147583,-0.025729447603225708,-2.777902364730835,-0.206956148147583,-0.20600584149360657,-0.209927678,0.024543693,0.003921836506393439,0.0,0.039585722953674816,held error describes prior logged command/state; not future counterfactual target tracking or external force
20261007_174302_general32_lift_walk_start_A201_on,1120,PLAY,839,21,27,left_wrist_yaw_joint,residual_moves_to_boundary,,,2.919180393218994,3.0,0.08081960678100586,0.21748147904872894,0.22350260615348816,0.006021127104759216,3.0,0.22350260615348816,0.22350260615348816,0.213151425,0.0,0.010351181153488154,0.143749997,0.17367551197918235,held error describes prior logged command/state; not future counterfactual target tracking or external force
20261007_174302_general32_lift_walk_start_A201_on,1120,PLAY,839,22,12,right_shoulder_pitch_joint,interior_target_change,,,-1.320202112197876,-1.5296630859375,-0.20946097373962402,-0.37901070713996887,-0.4708755314350128,-0.09186482429504395,-1.5296632051467896,-0.4708755910396576,-0.4937789738178253,-0.258355916,0.012271847,-0.2354230578178253,-3.1875,-3.3660584836740797,held error describes prior logged command/state; not future counterfactual target tracking or external force
20261007_174302_general32_lift_walk_start_A201_on,1120,PLAY,839,23,16,right_shoulder_roll_joint,interior_target_change,,,-0.5203446745872498,-0.6325520873069763,-0.11220741271972656,-0.42821136116981506,-0.4774229824542999,-0.04921162128448486,-0.6325520873069763,-0.4774229824542999,-0.495662122964859,-0.452116877,-0.924990475,-0.043545245964859036,0.0,0.21862563791638356,held error describes prior logged command/state; not future counterfactual target tracking or external force
20261007_174302_general32_lift_walk_start_A201_on,1120,PLAY,839,24,20,right_shoulder_yaw_joint,interior_target_change,,,0.9113114476203918,0.9046242833137512,-0.006687164306640625,0.3996805250644684,0.3967476785182953,-0.0029328465461730957,0.9046244025230408,0.39674773812294006,0.4044743776321411,0.37379998,0.395767063,0.030674397632141137,0.25,0.07808033915475399,held error describes prior logged command/state; not future counterfactual target tracking or external force
20261007_174302_general32_lift_walk_start_A201_on,1120,PLAY,839,25,22,right_elbow_joint,interior_target_change,,,0.6879140734672546,0.606429398059845,-0.08148467540740967,0.9017034769058228,0.8659662008285522,-0.03573727607727051,0.6064293384552002,0.8659661412239075,0.8616952896118164,0.96559298,0.220893249,-0.10389769038818364,-1.4375,-1.6810061969099315,held error describes prior logged command/state; not future counterfactual target tracking or external force
20261007_174302_general32_lift_walk_start_A201_on,1120,PLAY,839,26,24,right_wrist_roll_joint,interior_target_change,,,0.7996582984924316,1.0169836282730103,0.2173253297805786,0.35071200132369995,0.44602593779563904,0.09531393647193909,1.0169836282730103,0.44602593779563904,0.46483975648880005,0.473221093,-0.142660215,-0.008381336511199933,-0.1875,0.009985344504567478,held error describes prior logged command/state; not future counterfactual target tracking or external force
20261007_174302_general32_lift_walk_start_A201_on,1120,PLAY,839,27,26,right_wrist_pitch_joint,residual_moves_to_boundary,,,-2.852726459503174,-3.0,-0.14727354049682617,-0.21253059804439545,-0.22350260615348816,-0.010972008109092712,-3.0,-0.22350260615348816,-0.22350260615348816,-0.215524301,-0.024543693,-0.007978305153488158,-0.106250003,-0.10764648420064324,held error describes prior logged command/state; not future counterfactual target tracking or external force
20261007_174302_general32_lift_walk_start_A201_on,1120,PLAY,839,28,28,right_wrist_yaw_joint,residual_moves_to_boundary,,,-2.8873844146728516,-3.0,-0.11261558532714844,-0.21511265635490417,-0.22350260615348816,-0.008389949798583984,-3.0,-0.22350260615348816,-0.22350260615348816,-0.214985013,-0.006135923,-0.008517593153488157,-0.118749999,-0.13635693745062322,held error describes prior logged command/state; not future counterfactual target tracking or external force
20261007_174302_general32_lift_walk_start_A201_on,1130,FINAL_HOLD,839,0,0,left_hip_pitch_joint,interior_target_change,,,-0.1760072112083435,-0.6555956602096558,-0.47958844900131226,-0.3737189471721649,-0.5418921113014221,-0.1681731641292572,-0.6555959582328796,-0.5418922305107117,-0.37069377303123474,-0.245709628,-0.413424879,-0.12498414503123473,-10.107421875,-9.777516590693978,held error describes prior logged command/state; not future counterfactual target tracking or external force
20261007_174302_general32_lift_walk_start_A201_on,1130,FINAL_HOLD,839,1,3,left_hip_roll_joint,interior_target_change,,,0.06468954682350159,0.11625806987285614,0.05156852304935455,0.02268413081765175,0.04076722636818886,0.01808309555053711,0.11625764518976212,0.04076707735657692,0.03251573070883751,0.041110683,0.005454154,-0.008594952291162493,-1.318359375,-0.8861554263972669,held error describes prior logged command/state; not future counterfactual target tracking or external force
20261007_174302_general32_lift_walk_start_A201_on,1130,FINAL_HOLD,839,2,6,left_hip_yaw_joint,interior_target_change,,,-0.3699255883693695,-0.23567481338977814,0.13425077497959137,-0.2025514543056488,-0.12904290854930878,0.07350854575634003,-0.23567482829093933,-0.12904292345046997,-0.21740630269050598,-0.176250741,-0.032569092,-0.04115556169050599,-1.286399126,-1.5702909371194171,held error describes prior logged command/state; not future counterfactual target tracking or external force
20261007_174302_general32_lift_walk_start_A201_on,1130,FINAL_HOLD,839,3,9,left_knee_joint,interior_target_change,,,-1.4021246433258057,-1.6316028833389282,-0.22947824001312256,0.1773289144039154,0.09685973823070526,-0.08046917617321014,-1.6316027641296387,0.09685978293418884,0.16604039072990417,0.329695076,0.536688745,-0.1636546852700958,-19.6875,-19.603784692329775,held error describes prior logged command/state; not future counterfactual target tracking or external force
20261007_174302_general32_lift_walk_start_A201_on,1130,FINAL_HOLD,839,4,13,left_ankle_pitch_joint,interior_target_change,,,-0.44391849637031555,-0.5689104795455933,-0.12499198317527771,-0.5576925873756409,-0.6125112175941467,-0.05481863021850586,-0.5689101219177246,-0.6125110983848572,-0.5425263047218323,-0.193454728,-0.002285069,-0.3490715767218323,-9.777056694,-9.944828571053304,held error describes prior logged command/state; not future counterfactual target tracking or external force
20261007_174302_general32_lift_walk_start_A201_on,1130,FINAL_HOLD,839,5,17,left_ankle_roll_joint,interior_target_change,,,-0.30320605635643005,-0.20297282934188843,0.10023322701454163,-0.13297930359840393,-0.089019276201725,0.043960027396678925,-0.2029729187488556,-0.08901932090520859,-0.1378125548362732,-0.093584947,-0.003699537,-0.04422760783627319,-1.528271914,-1.2538292996324443,held error describes prior logged command/state; not future counterfactual target tracking or external force
20261007_174302_general32_lift_walk_start_A201_on,1130,FINAL_HOLD,839,6,1,right_hip_pitch_joint,interior_target_change,,,0.5702180862426758,0.3630908131599426,-0.20712727308273315,-0.1120464876294136,-0.18467804789543152,-0.07263156026601791,0.3630906939506531,-0.1846780776977539,-0.12400448322296143,-0.258808136,0.129808873,0.1348036527770386,12.744140625,12.539891487341732,held error describes prior logged command/state; not future counterfactual target tracking or external force
20261007_174302_general32_lift_walk_start_A201_on,1130,FINAL_HOLD,839,7,4,right_hip_roll_joint,interior_target_change,,,-0.40717530250549316,-0.43878525495529175,-0.031609952449798584,-0.14278069138526917,-0.15386508405208588,-0.011084392666816711,-0.4387853741645813,-0.15386512875556946,-0.1373036652803421,-0.162840575,0.121082224,0.025536909719657885,1.58203125,1.7667838443549662,held error describes prior logged command/state; not future counterfactual target tracking or external force
20261007_174302_general32_lift_walk_start_A201_on,1130,FINAL_HOLD,839,8,7,right_hip_yaw_joint,interior_target_change,,,-0.6149991750717163,-0.5562857985496521,0.05871337652206421,-0.3367406129837036,-0.3045923113822937,0.03214830160140991,-0.5562857985496521,-0.3045923113822937,-0.34958216547966003,-0.391016573,-0.063424021,0.041434407520339944,1.957563996,1.8270345449122416,held error describes prior logged command/state; not future counterfactual target tracking or external force
20261007_174302_general32_lift_walk_start_A201_on,1130,FINAL_HOLD,839,9,10,right_knee_joint,interior_target_change,,,-1.238315463066101,-1.1026066541671753,0.13570880889892578,0.23477047681808472,0.2823583483695984,0.04758787155151367,-1.1026068925857544,0.2823582589626312,0.23645101487636566,0.25663498,-0.185441241,-0.02018396512363435,-0.52734375,-0.8302871833341823,held error describes prior logged command/state; not future counterfactual target tracking or external force
20261007_174302_general32_lift_walk_start_A201_on,1130,FINAL_HOLD,839,10,14,right_ankle_pitch_joint,interior_target_change,,,0.27414339780807495,0.3038294315338135,0.029686033725738525,-0.24276693165302277,-0.22974731028079987,0.0130196213722229,0.303829163312912,-0.22974741458892822,-0.22909297049045563,-0.056440692,0.010463418,-0.1726522784904556,-4.745104313,-4.939790279312422,held error describes prior logged command/state; not future counterfactual target tracking or external force
20261007_174302_general32_lift_walk_start_A201_on,1130,FINAL_HOLD,839,11,18,right_ankle_roll_joint,interior_target_change,,,0.23366600275039673,0.3395084738731384,0.1058424711227417,0.10248060524463654,0.14890071749687195,0.04642011225223541,0.3395082354545593,0.1489006131887436,0.09667302668094635,0.022071896,0.13366282,0.07460113068094634,1.658259153,1.8837012064684373,held error describes prior logged command/state; not future counterfactual target tracking or external force
20261007_174302_general32_lift_walk_start_A201_on,1130,FINAL_HOLD,839,12,2,waist_yaw_joint,interior_target_change,,,0.03730586916208267,-0.04654587432742119,-0.08385174348950386,0.02042669616639614,-0.02548602968454361,-0.0459127277135849,-0.04654607176780701,-0.025486137717962265,0.021557524800300598,-0.096876971,-0.042854067,0.1184344958003006,4.642222881,4.8682236956296245,held error describes prior logged command/state; not future counterfactual target tracking or external force
20261007_174302_general32_lift_walk_start_A201_on,1130,FINAL_HOLD,839,13,5,waist_roll_joint,interior_target_change,,,0.8031497597694397,0.8970819711685181,0.09393221139907837,0.3522432744503021,0.39343979954719543,0.04119652509689331,0.8970818519592285,0.39343973994255066,0.3390200138092041,0.004888631,-0.207550853,0.3341313828092041,9.419371605,9.899750330069846,held error describes prior logged command/state; not future counterfactual target tracking or external force
20261007_174302_general32_lift_walk_start_A201_on,1130,FINAL_HOLD,839,14,8,waist_pitch_joint,interior_target_change,,,-0.37180042266845703,0.18613076210021973,0.5579311847686768,-0.16306322813034058,0.08163273334503174,0.24469596147537231,0.18613095581531525,0.0816328153014183,-0.14703376591205597,0.021937177,-0.122236252,-0.16897094291205597,-4.230195999,-4.594091280091614,held error describes prior logged command/state; not future counterfactual target tracking or external force
20261007_174302_general32_lift_walk_start_A201_on,1130,FINAL_HOLD,839,15,11,left_shoulder_pitch_joint,interior_target_change,,,-1.283682107925415,-1.5181889533996582,-0.23450684547424316,-0.36299383640289307,-0.46584323048591614,-0.10284939408302307,-1.5181899070739746,-0.46584364771842957,-0.36260539293289185,-0.250985622,0.013805828,-0.11161977093289183,-1.75,-1.6031762097907518,held error describes prior logged command/state; not future counterfactual target tracking or external force
20261007_174302_general32_lift_walk_start_A201_on,1130,FINAL_HOLD,839,16,15,left_shoulder_roll_joint,interior_target_change,,,0.6622647047042847,0.7312330603599548,0.06896835565567017,0.4904542863368988,0.5207022428512573,0.03024795651435852,0.7312328219413757,0.5207021236419678,0.5021196007728577,0.38085869,0.027611656,0.12126091077285767,1.5,1.7029935679447228,held error describes prior logged command/state; not future counterfactual target tracking or external force
20261007_174302_general32_lift_walk_start_A201_on,1130,FINAL_HOLD,839,17,19,left_shoulder_yaw_joint,interior_target_change,,,-1.109118938446045,-1.0635881423950195,0.04553079605102539,-0.4864344000816345,-0.46646562218666077,0.019968777894973755,-1.0635883808135986,-0.4664657413959503,-0.4871175289154053,-0.517898321,0.27611655,0.03078079208459472,0.375,0.18814620780261077,held error describes prior logged command/state; not future counterfactual target tracking or external force
20261007_174302_general32_lift_walk_start_A201_on,1130,FINAL_HOLD,839,18,21,left_elbow_joint,interior_target_change,,,1.2317196130752563,0.9981775283813477,-0.2335420846939087,1.1402043104171753,1.0377780199050903,-0.10242629051208496,0.9981775283813477,1.0377780199050903,1.1455116271972656,1.159929156,0.004601942,-0.014417528802734392,-0.3125,-0.20963375096041031,held error describes prior logged command/state; not future counterfactual target tracking or external force
20261007_174302_general32_lift_walk_start_A201_on,1130,FINAL_HOLD,839,19,23,left_wrist_roll_joint,interior_target_change,,,-0.6728231906890869,-0.8338438868522644,-0.1610206961631775,-0.29508498311042786,-0.3657050132751465,-0.07062003016471863,-0.8338441848754883,-0.36570513248443604,-0.29273396730422974,-0.304567099,-0.003067962,0.011833131695770271,0.0,0.17141282102106925,held error describes prior logged command/state; not future counterfactual target tracking or external force
20261007_174302_general32_lift_walk_start_A201_on,1130,FINAL_HOLD,839,20,25,left_wrist_pitch_joint,interior_target_change,,,-0.9655192494392395,-1.45607590675354,-0.49055665731430054,-0.07193202525377274,-0.10847891867160797,-0.036546893417835236,-1.4560760259628296,-0.10847893357276917,-0.0769333690404892,-0.107870013,0.435650557,0.030936643959510804,0.0125,0.053728735588102206,held error describes prior logged command/state; not future counterfactual target tracking or external force
20261007_174302_general32_lift_walk_start_A201_on,1130,FINAL_HOLD,839,21,27,left_wrist_yaw_joint,residual_moves_to_boundary,,,2.4366793632507324,3.0,0.5633206367492676,0.18153473734855652,0.22350260615348816,0.04196786880493164,3.0,0.22350260615348816,0.18561124801635742,0.201598644,-0.13499032,-0.01598739598364257,-0.150000006,-0.12405301520329476,held error describes prior logged command/state; not future counterfactual target tracking or external force
20261007_174302_general32_lift_walk_start_A201_on,1130,FINAL_HOLD,839,22,12,right_shoulder_pitch_joint,interior_target_change,,,-1.5929642915725708,-1.6439412832260132,-0.05097699165344238,-0.49863800406455994,-0.5209953784942627,-0.02235737442970276,-1.643941044807434,-0.5209952592849731,-0.49929460883140564,-0.154848173,0.36508745,-0.34444643583140566,-5.0,-5.239791897483297,held error describes prior logged command/state; not future counterfactual target tracking or external force
20261007_174302_general32_lift_walk_start_A201_on,1130,FINAL_HOLD,839,23,16,right_shoulder_roll_joint,interior_target_change,,,-0.5773613452911377,-1.024632215499878,-0.44727087020874023,-0.45321759581565857,-0.6493804454803467,-0.1961628496646881,-1.0246323347091675,-0.6493805050849915,-0.44264915585517883,-0.445142061,-0.009203885,0.0024929051448211448,-0.0625,0.043875425706055515,held error describes prior logged command/state; not future counterfactual target tracking or external force
20261007_174302_general32_lift_walk_start_A201_on,1130,FINAL_HOLD,839,24,20,right_shoulder_yaw_joint,interior_target_change,,,0.5925939083099365,0.4943505823612213,-0.09824332594871521,0.25989824533462524,0.21681095659732819,-0.04308728873729706,0.49435046315193176,0.2168108969926834,0.26767411828041077,0.327996254,-0.41570881,-0.06032213571958922,-0.3125,-0.4824874611233096,held error describes prior logged command/state; not future counterfactual target tracking or external force
20261007_174302_general32_lift_walk_start_A201_on,1130,FINAL_HOLD,839,25,22,right_elbow_joint,interior_target_change,,,0.49743637442588806,0.22439295053482056,-0.2730434238910675,0.8181642889976501,0.6984136700630188,-0.11975061893463135,0.2243926227092743,0.6984134912490845,0.8198810815811157,0.977493346,-0.006135923,-0.15761226441888432,-2.0625,-2.2405062712451245,held error describes prior logged command/state; not future counterfactual target tracking or external force
20261007_174302_general32_lift_walk_start_A201_on,1130,FINAL_HOLD,839,26,24,right_wrist_roll_joint,interior_target_change,,,0.5339579582214355,0.7389196157455444,0.2049616575241089,0.23418185114860535,0.3240733742713928,0.08989152312278748,0.7389199733734131,0.32407352328300476,0.2387305051088333,0.269213647,-0.296058297,-0.030483141891166687,-0.375,-0.1658128982982347,held error describes prior logged command/state; not future counterfactual target tracking or external force
20261007_174302_general32_lift_walk_start_A201_on,1130,FINAL_HOLD,839,27,26,right_wrist_pitch_joint,interior_target_change,,,-2.2493958473205566,-2.8043532371520996,-0.554957389831543,-0.1675819456577301,-0.2089267522096634,-0.04134480655193329,-2.8043532371520996,-0.2089267522096634,-0.16892407834529877,-0.184149608,0.202485472,0.015225529654701225,0.043749999,0.0391758018599673,held error describes prior logged command/state; not future counterfactual target tracking or external force
20261007_174302_general32_lift_walk_start_A201_on,1130,FINAL_HOLD,839,28,28,right_wrist_yaw_joint,residual_moves_to_boundary,,,-2.813944101333618,-3.0,-0.18605589866638184,-0.20964127779006958,-0.22350260615348816,-0.013861328363418579,-3.0,-0.22350260615348816,-0.20877282321453094,-0.213439047,0.01840777,0.004666223785469048,0.106250003,0.05862933059201665,held error describes prior logged command/state; not future counterfactual target tracking or external force
20261007_174302_general32_lift_walk_start_A201_on,1150,FINAL_HOLD,839,0,0,left_hip_pitch_joint,interior_target_change,,,0.7325304746627808,0.5017451047897339,-0.23078536987304688,-0.05512978881597519,-0.13605733215808868,-0.0809275433421135,0.5017452836036682,-0.13605725765228271,-0.24699515104293823,-0.30028525,-0.297796816,0.05329009895706177,6.85546875,7.15970601610917,held error describes prior logged command/state; not future counterfactual target tracking or external force
20261007_174302_general32_lift_walk_start_A201_on,1150,FINAL_HOLD,839,1,3,left_hip_roll_joint,interior_target_change,,,0.9130229353904724,0.9215431213378906,0.008520185947418213,0.32016196846961975,0.3231496512889862,0.002987682819366455,0.921542763710022,0.32314953207969666,0.37532997131347656,-0.022276809,0.296705991,0.39760678031347657,36.826171875,37.53034717569001,held error describes prior logged command/state; not future counterfactual target tracking or external force
20261007_174302_general32_lift_walk_start_A201_on,1150,FINAL_HOLD,839,2,6,left_hip_yaw_joint,interior_target_change,,,-0.8712977170944214,-0.8271968960762024,0.044100821018218994,-0.47707599401474,-0.45292872190475464,0.02414727210998535,-0.8271971940994263,-0.45292890071868896,-0.5321859121322632,-0.09989015,-0.114848904,-0.4322957621322632,-16.667259216,-17.075543210317655,held error describes prior logged command/state; not future counterfactual target tracking or external force
20261007_174302_general32_lift_walk_start_A201_on,1150,FINAL_HOLD,839,3,9,left_knee_joint,interior_target_change,,,-1.2655993700027466,-1.5246970653533936,-0.259097695350647,0.22520306706428528,0.13434749841690063,-0.09085556864738464,-1.5246977806091309,0.13434724509716034,0.07746690511703491,0.418282479,-1.712604403,-0.3408155738829651,-23.818359375,-22.96980572200664,held error describes prior logged command/state; not future counterfactual target tracking or external force
20261007_174302_general32_lift_walk_start_A201_on,1150,FINAL_HOLD,839,4,13,left_ankle_pitch_joint,interior_target_change,,,-0.3807194232940674,-0.5161304473876953,-0.13541102409362793,-0.5299748778343201,-0.5893630981445312,-0.05938822031021118,-0.516130268573761,-0.5893630385398865,-0.7235376238822937,-0.317360282,0.053801503,-0.4061773418822937,-11.572748184,-11.674180044581712,held error describes prior logged command/state; not future counterfactual target tracking or external force
20261007_174302_general32_lift_walk_start_A201_on,1150,FINAL_HOLD,839,5,17,left_ankle_roll_joint,interior_target_change,,,0.006446614861488342,0.007542908191680908,0.001096293330192566,0.002827339107170701,0.003308148356154561,0.00048080924898386,0.007542736828327179,0.003308073151856661,0.04683265835046768,-0.004061918,-0.098919347,0.05089457635046768,1.341118813,1.6300426022914278,held error describes prior logged command/state; not future counterfactual target tracking or external force
20261007_174302_general32_lift_walk_start_A201_on,1150,FINAL_HOLD,839,6,1,right_hip_pitch_joint,interior_target_change,,,-0.3964585065841675,-0.5443357229232788,-0.14787721633911133,-0.4510227143764496,-0.5028775334358215,-0.05185481905937195,-0.5443357825279236,-0.5028775930404663,-0.4968712627887726,-0.461268008,1.01120019,-0.035603254788772576,-9.140625,-9.907687967362467,held error describes prior logged command/state; not future counterfactual target tracking or external force
20261007_174302_general32_lift_walk_start_A201_on,1150,FINAL_HOLD,839,7,4,right_hip_roll_joint,interior_target_change,,,-0.6736593842506409,-0.7362172603607178,-0.0625578761100769,-0.2362263947725296,-0.2581630349159241,-0.02193664014339447,-0.7362170219421387,-0.2581629455089569,-0.2835756242275238,-0.224080503,0.467966437,-0.05949512122752382,-9.052734375,-8.848180347402883,held error describes prior logged command/state; not future counterfactual target tracking or external force
20261007_174302_general32_lift_walk_start_A201_on,1150,FINAL_HOLD,839,8,7,right_hip_yaw_joint,interior_target_change,,,-0.13299351930618286,-0.05414228141307831,0.07885123789310455,-0.07282013446092606,-0.029645415022969246,0.04317472130060196,-0.05414266884326935,-0.029645627364516258,0.026123376563191414,-0.130048692,1.323333621,0.1561720685631914,3.355823994,2.8899331739615852,held error describes prior logged command/state; not future counterfactual target tracking or external force
20261007_174302_general32_lift_walk_start_A201_on,1150,FINAL_HOLD,839,9,10,right_knee_joint,interior_target_change,,,-1.144437551498413,-1.0626531839370728,0.08178436756134033,0.26768985390663147,0.29636847972869873,0.02867862582206726,-1.0626529455184937,0.2963685691356659,0.3696945309638977,0.419449985,0.029452434,-0.04975545403610232,-4.5703125,-5.116496784880421,held error describes prior logged command/state; not future counterfactual target tracking or external force
20261007_174302_general32_lift_walk_start_A201_on,1150,FINAL_HOLD,839,10,14,right_ankle_pitch_joint,interior_target_change,,,0.6062291264533997,0.46983957290649414,-0.13638955354690552,-0.09712165594100952,-0.15693901479244232,-0.0598173588514328,0.46983885765075684,-0.1569393426179886,-0.1523703932762146,-0.063381538,-0.274197519,-0.0889888552762146,-1.741215467,-2.038776692242343,held error describes prior logged command/state; not future counterfactual target tracking or external force
20261007_174302_general32_lift_walk_start_A201_on,1150,FINAL_HOLD,839,11,18,right_ankle_roll_joint,interior_target_change,,,0.2365613877773285,0.2505730986595154,0.01401171088218689,0.10375045984983444,0.10989567637443542,0.006145216524600983,0.2505730092525482,0.10989563912153244,0.10707099735736847,0.106146172,-0.09390033,0.0009248253573684723,-0.193127006,0.19673572774569253,held error describes prior logged command/state; not future counterfactual target tracking or external force
20261007_174302_general32_lift_walk_start_A201_on,1150,FINAL_HOLD,839,12,2,waist_yaw_joint,interior_target_change,,,0.307688444852829,-0.17714816331863403,-0.484836608171463,0.1684737205505371,-0.09699685126543045,-0.26547056436538696,-0.17714783549308777,-0.09699667245149612,-0.03145716339349747,-0.151529297,0.491964728,0.12007213360650254,3.355823994,3.5660152467014568,held error describes prior logged command/state; not future counterfactual target tracking or external force
20261007_174302_general32_lift_walk_start_A201_on,1150,FINAL_HOLD,839,13,5,waist_roll_joint,interior_target_change,,,0.5470748543739319,0.4423440098762512,-0.10473084449768066,0.23993462324142456,0.19400204718112946,-0.045932576060295105,0.44234439730644226,0.1940022110939026,0.21075430512428284,0.024898265,0.28320986,0.18585604012428283,4.639845848,4.783259704679925,held error describes prior logged command/state; not future counterfactual target tracking or external force
20261007_174302_general32_lift_walk_start_A201_on,1150,FINAL_HOLD,839,14,8,waist_pitch_joint,interior_target_change,,,-0.6289348006248474,-0.31991565227508545,0.30901914834976196,-0.2758365273475647,-0.14030775427818298,0.1355287730693817,-0.31991568207740784,-0.14030775427818298,-0.07888886332511902,0.045650456,-0.144131109,-0.12453931932511902,-3.160931349,-3.2880076384556784,held error describes prior logged command/state; not future counterfactual target tracking or external force
20261007_174302_general32_lift_walk_start_A201_on,1150,FINAL_HOLD,839,15,11,left_shoulder_pitch_joint,interior_target_change,,,-1.311347246170044,-1.6484588384628296,-0.33711159229278564,-0.3751271665096283,-0.5229766368865967,-0.14784947037696838,-1.6484588384628296,-0.5229766368865967,-0.45962250232696533,-0.323322415,0.45712629,-0.13630008732696536,-2.5,-2.357076548597499,held error describes prior logged command/state; not future counterfactual target tracking or external force
20261007_174302_general32_lift_walk_start_A201_on,1150,FINAL_HOLD,839,16,15,left_shoulder_roll_joint,interior_target_change,,,0.6477172374725342,0.535462498664856,-0.11225473880767822,0.48407408595085144,0.43484169244766235,-0.04923239350318909,0.5354622602462769,0.4348416030406952,0.4583137333393097,0.342413276,-0.219359264,0.1159004573393097,1.6875,1.8506614344088848,held error describes prior logged command/state; not future counterfactual target tracking or external force
20261007_174302_general32_lift_walk_start_A201_on,1150,FINAL_HOLD,839,17,19,left_shoulder_yaw_joint,interior_target_change,,,-1.138437032699585,-1.110625147819519,0.027811884880065918,-0.49929264187812805,-0.4870949983596802,0.012197643518447876,-1.1106253862380981,-0.48709508776664734,-0.4564688503742218,-0.513536036,-0.06749516,0.05706718562577817,0.9375,0.8744760862835085,held error describes prior logged command/state; not future counterfactual target tracking or external force
20261007_174302_general32_lift_walk_start_A201_on,1150,FINAL_HOLD,839,18,21,left_elbow_joint,interior_target_change,,,1.1774404048919678,0.8905646204948425,-0.28687578439712524,1.1163986921310425,0.9905814528465271,-0.12581723928451538,0.8905649781227112,0.9905815720558167,1.007203459739685,1.11835587,-0.589048624,-0.11115241026031497,-1.25,-1.049592684823584,held error describes prior logged command/state; not future counterfactual target tracking or external force
20261007_174302_general32_lift_walk_start_A201_on,1150,FINAL_HOLD,839,19,23,left_wrist_roll_joint,interior_target_change,,,-0.4780886769294739,-0.42002466320991516,0.058064013719558716,-0.20967884361743927,-0.1842132955789566,0.025465548038482666,-0.4200250506401062,-0.18421345949172974,-0.18018443882465363,-0.223158255,0.233165085,0.042973816175346374,0.25,0.4008709455130548,held error describes prior logged command/state; not future counterfactual target tracking or external force
20261007_174302_general32_lift_walk_start_A201_on,1150,FINAL_HOLD,839,20,25,left_wrist_pitch_joint,residual_moves_to_boundary,,,-2.672842025756836,-3.0,-0.32715797424316406,-0.19912905991077423,-0.22350260615348816,-0.024373546242713928,-3.0,-0.22350260615348816,-0.22350260615348816,-0.211425707,0.036815539,-0.012076899153488169,-0.256249994,-0.2419543781119746,held error describes prior logged command/state; not future counterfactual target tracking or external force
20261007_174302_general32_lift_walk_start_A201_on,1150,FINAL_HOLD,839,21,27,left_wrist_yaw_joint,interior_target_change,,,1.7576956748962402,1.6874445676803589,-0.07025110721588135,0.13094985485076904,0.12571609020233154,-0.0052337646484375,1.6874446868896484,0.12571610510349274,0.1289443075656891,0.121280357,0.13499032,0.007663950565689082,-0.03125,-0.015600481625588275,held error describes prior logged command/state; not future counterfactual target tracking or external force
20261007_174302_general32_lift_walk_start_A201_on,1150,FINAL_HOLD,839,22,12,right_shoulder_pitch_joint,interior_target_change,,,-1.0946842432022095,-0.3447268307209015,0.749957412481308,-0.2801036834716797,0.04881063103675842,0.3289143145084381,-0.3447270691394806,0.048810526728630066,0.04323572292923927,0.290449679,-0.785398185,-0.24721395607076074,-2.6875,-2.8104216331917673,held error describes prior logged command/state; not future counterfactual target tracking or external force
20261007_174302_general32_lift_walk_start_A201_on,1150,FINAL_HOLD,839,23,16,right_shoulder_roll_joint,interior_target_change,,,-0.6675245761871338,-1.2974834442138672,-0.6299588680267334,-0.49276113510131836,-0.7690467834472656,-0.27628564834594727,-1.2974833250045776,-0.7690467238426208,-0.8319497108459473,-0.619464576,-0.130388379,-0.21248513484594722,-3.0,-2.909754177508383,held error describes prior logged command/state; not future counterfactual target tracking or external force
20261007_174302_general32_lift_walk_start_A201_on,1150,FINAL_HOLD,839,24,20,right_shoulder_yaw_joint,interior_target_change,,,0.5641145706176758,0.18017984926700592,-0.38393472135066986,0.24740785360336304,0.07902279496192932,-0.16838505864143372,0.18017998337745667,0.0790228545665741,0.013574588112533092,0.108792797,-0.026077675,-0.0952182088874669,-1.125,-1.333260510643552,held error describes prior logged command/state; not future counterfactual target tracking or external force
20261007_174302_general32_lift_walk_start_A201_on,1150,FINAL_HOLD,839,25,22,right_elbow_joint,interior_target_change,,,-0.5540479421615601,-1.0468635559082031,-0.49281561374664307,0.35700714588165283,0.1408693939447403,-0.21613775193691254,-1.0468636751174927,0.14086933434009552,0.07429846376180649,0.19924973,0.012271847,-0.12495126623819353,-1.625,-1.79176665743029,held error describes prior logged command/state; not future counterfactual target tracking or external force
20261007_174302_general32_lift_walk_start_A201_on,1150,FINAL_HOLD,839,26,24,right_wrist_roll_joint,interior_target_change,,,0.8216524720191956,1.1897609233856201,0.36810845136642456,0.3603581488132477,0.5218021273612976,0.16144397854804993,1.1897609233856201,0.5218021273612976,0.5604262351989746,0.593914211,-0.391165107,-0.03348797580102536,-0.3125,-0.12235057993145299,held error describes prior logged command/state; not future counterfactual target tracking or external force
20261007_174302_general32_lift_walk_start_A201_on,1150,FINAL_HOLD,839,27,26,right_wrist_pitch_joint,nominal_already_same_boundary,,,-3.0,-3.0,0.0,-0.22350260615348816,-0.22350260615348816,0.0,-3.0,-0.22350260615348816,-0.22350260615348816,-0.215907797,0.012271847,-0.007594809153488147,-0.106250003,-0.1405362672099414,held error describes prior logged command/state; not future counterfactual target tracking or external force
20261007_174302_general32_lift_walk_start_A201_on,1150,FINAL_HOLD,839,28,28,right_wrist_yaw_joint,residual_moves_to_boundary,,,-2.996300220489502,-3.0,-0.003699779510498047,-0.22322697937488556,-0.22350260615348816,-0.0002756267786026001,-3.0,-0.22350260615348816,-0.22350260615348816,-0.212827861,-0.147262156,-0.010674745153488152,0.018750001,-0.021807560507126872,held error describes prior logged command/state; not future counterfactual target tracking or external force
20261007_174302_general32_lift_walk_start_A201_on,2328,FINAL_HOLD,839,0,0,left_hip_pitch_joint,interior_target_change,,,0.7270455956459045,0.5432802438735962,-0.18376535177230835,-0.05705312639474869,-0.12149254977703094,-0.06443942338228226,0.5432800054550171,-0.12149263918399811,-0.12177486717700958,-0.231026024,0.002181662,0.10925115682299041,10.37109375,10.812854096470039,held error describes prior logged command/state; not future counterfactual target tracking or external force
20261007_174302_general32_lift_walk_start_A201_on,2328,FINAL_HOLD,839,1,3,left_hip_roll_joint,interior_target_change,,,-0.4748208224773407,-0.5554511547088623,-0.0806303322315216,-0.16650137305259705,-0.1947753131389618,-0.028273940086364746,-0.5554514527320862,-0.19477541744709015,-0.1945498138666153,0.028463865,-0.017453294,-0.2230136788666153,-22.236328125,-21.990195364762663,held error describes prior logged command/state; not future counterfactual target tracking or external force
20261007_174302_general32_lift_walk_start_A201_on,2328,FINAL_HOLD,839,2,6,left_hip_yaw_joint,interior_target_change,,,-0.28293880820274353,-0.2623746395111084,0.020564168691635132,-0.15492214262485504,-0.14366230368614197,0.011259838938713074,-0.26237475872039795,-0.14366237819194794,-0.14431533217430115,-0.285542011,0.008570814,0.14122667882569884,5.760830879,5.652457054059765,held error describes prior logged command/state; not future counterfactual target tracking or external force
20261007_174302_general32_lift_walk_start_A201_on,2328,FINAL_HOLD,839,3,9,left_knee_joint,interior_target_change,,,-1.2205662727355957,-1.4165767431259155,-0.19601047039031982,0.2409944385290146,0.17226111888885498,-0.0687333196401596,-1.4165773391723633,0.17226091027259827,0.17236649990081787,0.15644899,0.002181662,0.01591750990081786,1.23046875,1.5636365172169557,held error describes prior logged command/state; not future counterfactual target tracking or external force
20261007_174302_general32_lift_walk_start_A201_on,2328,FINAL_HOLD,839,4,13,left_ankle_pitch_joint,interior_target_change,,,0.878950834274292,0.8866927027702332,0.007741868495941162,0.02248789556324482,0.025883303955197334,0.0033954083919525146,0.8866934180259705,0.025883616879582405,0.025566158816218376,-0.075047776,-0.001507484,0.10061393481621837,2.882179022,2.870357704695845,held error describes prior logged command/state; not future counterfactual target tracking or external force
20261007_174302_general32_lift_walk_start_A201_on,2328,FINAL_HOLD,839,5,17,left_ankle_roll_joint,interior_target_change,,,-0.3789271116256714,-0.4252276122570038,-0.0463005006313324,-0.16618883609771729,-0.18649518489837646,-0.02030634880065918,-0.4252281188964844,-0.18649540841579437,-0.1862601339817047,-0.118122675,0.002579613,-0.06813745898170472,-2.106629848,-1.946683013895536,held error describes prior logged command/state; not future counterfactual target tracking or external force
20261007_174302_general32_lift_walk_start_A201_on,2328,FINAL_HOLD,839,6,1,right_hip_pitch_joint,interior_target_change,,,0.38876739144325256,0.29911771416664124,-0.08964967727661133,-0.17567425966262817,-0.2071109414100647,-0.03143668174743652,0.2991178035736084,-0.2071109116077423,-0.2069087028503418,-0.257921815,0.013089971,0.0510131121496582,5.361328125,4.972737130508216,held error describes prior logged command/state; not future counterfactual target tracking or external force
20261007_174302_general32_lift_walk_start_A201_on,2328,FINAL_HOLD,839,7,4,right_hip_roll_joint,interior_target_change,,,0.15112650394439697,0.21298792958259583,0.06186142563819885,0.05299424007534981,0.07468666136264801,0.021692421287298203,0.21298807859420776,0.07468671351671219,0.07452670484781265,-0.141228497,0.042542402,0.21575520184781266,20.830078125,21.11260950512602,held error describes prior logged command/state; not future counterfactual target tracking or external force
20261007_174302_general32_lift_walk_start_A201_on,2328,FINAL_HOLD,839,8,7,right_hip_yaw_joint,interior_target_change,,,-0.7105025053024292,-0.6847237348556519,0.025778770446777344,-0.38903313875198364,-0.3749180734157562,0.014115065336227417,-0.6847239136695862,-0.3749181628227234,-0.3750084936618805,-0.276462287,-0.001714163,-0.09854620666188052,-3.69140625,-3.9551267890775454,held error describes prior logged command/state; not future counterfactual target tracking or external force
20261007_174302_general32_lift_walk_start_A201_on,2328,FINAL_HOLD,839,9,10,right_knee_joint,interior_target_change,,,-1.2071818113327026,-1.2853195667266846,-0.07813775539398193,0.24568785727024078,0.21828795969486237,-0.027399897575378418,-1.2853189706802368,0.21828816831111908,0.21841925382614136,0.173024505,-0.004363324,0.04539474882614136,4.74609375,4.526075540162393,held error describes prior logged command/state; not future counterfactual target tracking or external force
20261007_174302_general32_lift_walk_start_A201_on,2328,FINAL_HOLD,839,10,14,right_ankle_pitch_joint,interior_target_change,,,1.0357646942138672,1.0367721319198608,0.0010074377059936523,0.09126289933919907,0.09170473366975784,0.00044183433055877686,1.03677237033844,0.0917048379778862,0.0911526307463646,-0.008162701,-0.000106868,0.09931533174636459,2.719932318,2.830804558070427,held error describes prior logged command/state; not future counterfactual target tracking or external force
20261007_174302_general32_lift_walk_start_A201_on,2328,FINAL_HOLD,839,11,18,right_ankle_roll_joint,interior_target_change,,,0.22130361199378967,0.2805377244949341,0.05923411250114441,0.0970587432384491,0.12303747981786728,0.025978736579418182,0.28053784370422363,0.12303753197193146,0.12316392362117767,0.060884293,0.00342991,0.062279630621177674,1.482360363,1.7688236563322886,held error describes prior logged command/state; not future counterfactual target tracking or external force
20261007_174302_general32_lift_walk_start_A201_on,2328,FINAL_HOLD,839,12,2,waist_yaw_joint,interior_target_change,,,-0.18192028999328613,-0.1552543044090271,0.026665985584259033,-0.09960981458425522,-0.08500894904136658,0.014600865542888641,-0.1552542746067047,-0.08500892668962479,-0.08491683751344681,-0.091774657,-0.008570814,0.006857819486553188,0.111860797,0.2974651538121653,held error describes prior logged command/state; not future counterfactual target tracking or external force
20261007_174302_general32_lift_walk_start_A201_on,2328,FINAL_HOLD,839,13,5,waist_roll_joint,interior_target_change,,,0.05278533697128296,0.10910691320896149,0.05632157623767853,0.023150451481342316,0.047851815819740295,0.02470136433839798,0.10910719633102417,0.04785194247961044,0.047503452748060226,0.031180026,-0.013427853,0.016323426748060227,0.302908093,0.4896021037187645,held error describes prior logged command/state; not future counterfactual target tracking or external force
20261007_174302_general32_lift_walk_start_A201_on,2328,FINAL_HOLD,839,14,8,waist_pitch_joint,interior_target_change,,,-1.1863720417022705,-0.7061101794242859,0.4802618622779846,-0.5203158855438232,-0.3096839189529419,0.21063196659088135,-0.7061102986335754,-0.3096839487552643,-0.30941593647003174,0.053542335,0.001452563,-0.36295827147003173,-10.268474579,-10.3473983976744,held error describes prior logged command/state; not future counterfactual target tracking or external force
20261007_174302_general32_lift_walk_start_A201_on,2328,FINAL_HOLD,839,15,11,left_shoulder_pitch_joint,interior_target_change,,,-1.1337482929229736,-1.297838807106018,-0.16409051418304443,-0.29723629355430603,-0.3692026436328888,-0.07196635007858276,-1.2978382110595703,-0.3692024052143097,-0.3698512315750122,-0.289359123,-0.007669904,-0.08049210857501221,-1.25,-1.1401043613039108,held error describes prior logged command/state; not future counterfactual target tracking or external force
20261007_174302_general32_lift_walk_start_A201_on,2328,FINAL_HOLD,839,16,15,left_shoulder_roll_joint,interior_target_change,,,0.6878395676612854,0.7508864402770996,0.06304687261581421,0.5016708374023438,0.5293217301368713,0.027650892734527588,0.750886857509613,0.5293219685554504,0.5299278497695923,0.381673604,0.003067962,0.14825424576959229,1.9375,2.109932002167183,held error describes prior logged command/state; not future counterfactual target tracking or external force
20261007_174302_general32_lift_walk_start_A201_on,2328,FINAL_HOLD,839,17,19,left_shoulder_yaw_joint,interior_target_change,,,-1.2626734972000122,-1.3581507205963135,-0.09547722339630127,-0.5537799596786499,-0.5956540703773499,-0.04187411069869995,-1.3581513166427612,-0.5956543684005737,-0.5955885648727417,-0.596850395,0.001533981,0.0012618301272583343,0.125,0.016590202476533866,held error describes prior logged command/state; not future counterfactual target tracking or external force
20261007_174302_general32_lift_walk_start_A201_on,2328,FINAL_HOLD,839,18,21,left_elbow_joint,interior_target_change,,,1.3351771831512451,1.2427128553390503,-0.09246432781219482,1.185578465461731,1.145025610923767,-0.04055285453796387,1.242713212966919,1.1450258493423462,1.1449799537658691,1.143031478,0.001533981,0.0019484757658692065,-0.125,0.026375330434849232,held error describes prior logged command/state; not future counterfactual target tracking or external force
20261007_174302_general32_lift_walk_start_A201_on,2328,FINAL_HOLD,839,19,23,left_wrist_roll_joint,interior_target_change,,,-0.8916513323783875,-1.1621179580688477,-0.2704666256904602,-0.3910580575466156,-0.5096786022186279,-0.11862054467201233,-1.1621180772781372,-0.5096786022186279,-0.5096990466117859,-0.505710363,0.0,-0.003988683611785837,-0.1875,-0.05684122541798947,held error describes prior logged command/state; not future counterfactual target tracking or external force
20261007_174302_general32_lift_walk_start_A201_on,2328,FINAL_HOLD,839,20,25,left_wrist_pitch_joint,residual_moves_to_boundary,,,-2.7975244522094727,-3.0,-0.20247554779052734,-0.20841801166534424,-0.22350260615348816,-0.015084594488143921,-3.0,-0.22350260615348816,-0.22350260615348816,-0.224320725,-0.01840777,0.0008181188465118394,0.0,0.03338876863307168,held error describes prior logged command/state; not future counterfactual target tracking or external force
20261007_174302_general32_lift_walk_start_A201_on,2328,FINAL_HOLD,839,21,27,left_wrist_yaw_joint,residual_moves_to_boundary,,,2.850088596343994,3.0,0.14991140365600586,0.21233408153057098,0.22350260615348816,0.011168524622917175,3.0,0.22350260615348816,0.22350260615348816,0.213139445,0.0,0.010363161153488148,0.143749997,0.17387651634792617,held error describes prior logged command/state; not future counterfactual target tracking or external force
20261007_174302_general32_lift_walk_start_A201_on,2328,FINAL_HOLD,839,22,12,right_shoulder_pitch_joint,interior_target_change,,,-1.0587995052337646,-1.386600375175476,-0.3278008699417114,-0.26436543464660645,-0.40813148021698,-0.14376604557037354,-1.3865998983383179,-0.40813127160072327,-0.4086174964904785,-0.279376268,0.007669904,-0.12924122849047853,-1.625,-1.8487263031741779,held error describes prior logged command/state; not future counterfactual target tracking or external force
20261007_174302_general32_lift_walk_start_A201_on,2328,FINAL_HOLD,839,23,16,right_shoulder_roll_joint,interior_target_change,,,-0.6853189468383789,-0.741958498954773,-0.05663955211639404,-0.5005653500556946,-0.5254061818122864,-0.024840831756591797,-0.7419590950012207,-0.5254064202308655,-0.5265025496482849,-0.394700468,-0.01687379,-0.13180208164828489,-2.0,-1.862953455004757,held error describes prior logged command/state; not future counterfactual target tracking or external force
20261007_174302_general32_lift_walk_start_A201_on,2328,FINAL_HOLD,839,24,20,right_shoulder_yaw_joint,interior_target_change,,,0.656104326248169,0.6290138363838196,-0.027090489864349365,0.2877524793148041,0.2758711874485016,-0.01188129186630249,0.6290139555931091,0.27587124705314636,0.27565011382102966,0.296873242,-0.001533981,-0.02122312817897032,-0.125,-0.3010511305983896,held error describes prior logged command/state; not future counterfactual target tracking or external force
20261007_174302_general32_lift_walk_start_A201_on,2328,FINAL_HOLD,839,25,22,right_elbow_joint,interior_target_change,,,0.8627144694328308,0.7127074003219604,-0.15000706911087036,0.9783669710159302,0.9125772714614868,-0.06578969955444336,0.7127075791358948,0.9125773906707764,0.9130652546882629,0.96347177,0.006135923,-0.05040651531173701,-0.5625,-0.7238908834716455,held error describes prior logged command/state; not future counterfactual target tracking or external force
20261007_174302_general32_lift_walk_start_A201_on,2328,FINAL_HOLD,839,26,24,right_wrist_roll_joint,interior_target_change,,,0.4889622926712036,0.5971615314483643,0.10819923877716064,0.2144477665424347,0.26190149784088135,0.047453731298446655,0.5971617698669434,0.2619016170501709,0.2622324824333191,0.245017484,-0.007669904,0.017214998433319084,0.0625,0.25228276060010035,held error describes prior logged command/state; not future counterfactual target tracking or external force
20261007_174302_general32_lift_walk_start_A201_on,2328,FINAL_HOLD,839,27,26,right_wrist_pitch_joint,residual_moves_to_boundary,,,-2.860823631286621,-3.0,-0.1391763687133789,-0.21313385665416718,-0.22350260615348816,-0.010368749499320984,-3.0,-0.22350260615348816,-0.22350260615348816,-0.21679464,0.006135923,-0.0067079661534881485,-0.087499999,-0.11910248970058969,held error describes prior logged command/state; not future counterfactual target tracking or external force
20261007_174302_general32_lift_walk_start_A201_on,2328,FINAL_HOLD,839,28,28,right_wrist_yaw_joint,residual_moves_to_boundary,,,-2.954101324081421,-3.0,-0.0458986759185791,-0.2200831174850464,-0.22350260615348816,-0.0034194886684417725,-3.0,-0.22350260615348816,-0.22350260615348816,-0.215068907,-0.012271847,-0.008433699153488156,-0.106250003,-0.1283953015838877,held error describes prior logged command/state; not future counterfactual target tracking or external force
20261007_174626_general32_high_watering_walk_A501_on,720,PLAY,381,0,0,left_hip_pitch_joint,interior_target_change,,,1.3641905784606934,1.224906086921692,-0.13928449153900146,0.16636906564235687,0.11752736568450928,-0.048841699957847595,1.224906086921692,0.11752736568450928,0.07161937654018402,-0.046505183,1.495529056,0.11812455954018403,2.4609375,2.2709618414888073,held error describes prior logged command/state; not future counterfactual target tracking or external force
20261007_174626_general32_high_watering_walk_A501_on,720,PLAY,381,1,3,left_hip_roll_joint,interior_target_change,,,-0.7168884873390198,-0.6965450048446655,0.020343482494354248,-0.2513851821422577,-0.24425148963928223,0.007133692502975464,-0.6965445876121521,-0.2442513406276703,-0.28169575333595276,-0.117025688,-0.466875613,-0.16467006533595274,-13.798828125,-13.373118780843281,held error describes prior logged command/state; not future counterfactual target tracking or external force
20261007_174626_general32_high_watering_walk_A501_on,720,PLAY,381,2,6,left_hip_yaw_joint,interior_target_change,,,0.4909961223602295,0.6625586152076721,0.17156249284744263,0.2688432037830353,0.3627816140651703,0.09393841028213501,0.6625585556030273,0.3627815842628479,0.2837599515914917,0.307678789,-2.751231194,-0.02391883740850831,5.816761494,6.076305287526401,held error describes prior logged command/state; not future counterfactual target tracking or external force
20261007_174626_general32_high_watering_walk_A501_on,720,PLAY,381,3,9,left_knee_joint,interior_target_change,,,-1.5167115926742554,-1.5286612510681152,-0.011949658393859863,0.1371476948261261,0.13295739889144897,-0.004190295934677124,-1.5286606550216675,0.1329576075077057,0.19524802267551422,0.203405857,-1.160643935,-0.008157834324485774,6.064453125,6.513843825546933,held error describes prior logged command/state; not future counterfactual target tracking or external force
20261007_174626_general32_high_watering_walk_A501_on,720,PLAY,381,4,13,left_ankle_pitch_joint,interior_target_change,,,0.923166036605835,0.6508476734161377,-0.27231836318969727,0.04187968000769615,-0.07755297422409058,-0.11943265795707703,0.650846540927887,-0.07755347341299057,-0.18102993071079254,-0.232031688,-2.710757256,0.05100175728920747,10.151892662,6.372135544486566,held error describes prior logged command/state; not future counterfactual target tracking or external force
20261007_174626_general32_high_watering_walk_A501_on,720,PLAY,381,5,17,left_ankle_roll_joint,interior_target_change,,,0.05205085873603821,0.0653601586818695,0.013309299945831299,0.022828325629234314,0.028665482997894287,0.005837157368659973,0.06536052376031876,0.02866564318537712,0.030722854658961296,2.8945e-05,1.85916853,0.030693909658961297,-1.283123851,-2.498545753586598,held error describes prior logged command/state; not future counterfactual target tracking or external force
20261007_174626_general32_high_watering_walk_A501_on,720,PLAY,381,6,1,right_hip_pitch_joint,interior_target_change,,,-0.21092498302459717,-0.6378085017204285,-0.4268835186958313,-0.3859632611274719,-0.5356548428535461,-0.14969158172607422,-0.6378084421157837,-0.5356548428535461,-0.6227235198020935,-0.488146782,-1.064650893,-0.1345767378020935,-6.6796875,-6.6196716911019475,held error describes prior logged command/state; not future counterfactual target tracking or external force
20261007_174626_general32_high_watering_walk_A501_on,720,PLAY,381,7,4,right_hip_roll_joint,interior_target_change,,,-0.5272629261016846,-0.8267872333526611,-0.29952430725097656,-0.18489079177379608,-0.28992241621017456,-0.10503162443637848,-0.8267872333526611,-0.28992241621017456,-0.3057909905910492,-0.35492906,0.363246679,0.049138069408950824,2.28515625,2.577854127146548,held error describes prior logged command/state; not future counterfactual target tracking or external force
20261007_174626_general32_high_watering_walk_A501_on,720,PLAY,381,8,7,right_hip_yaw_joint,interior_target_change,,,0.1438141167163849,0.28370240330696106,0.13988828659057617,0.07874491065740585,0.1553402543067932,0.07659534364938736,0.28370201587677,0.1553400307893753,0.024255992844700813,-0.001111527,0.440539807,0.025367519844700814,0.167791188,-0.10760463351714122,held error describes prior logged command/state; not future counterfactual target tracking or external force
20261007_174626_general32_high_watering_walk_A501_on,720,PLAY,381,9,10,right_knee_joint,interior_target_change,,,-1.4585254192352295,-1.671419382095337,-0.21289396286010742,0.1575513333082199,0.0828976258635521,-0.07465370744466782,-1.6714192628860474,0.08289767056703568,0.04649246856570244,0.670664907,0.797397316,-0.6241724384342976,-66.26953125,-66.88512821620748,held error describes prior logged command/state; not future counterfactual target tracking or external force
20261007_174626_general32_high_watering_walk_A501_on,720,PLAY,381,10,14,right_ankle_pitch_joint,interior_target_change,,,-0.9488102793693542,-1.1565312147140503,-0.20772093534469604,-0.7791266441345215,-0.8702283501625061,-0.09110170602798462,-1.1565324068069458,-0.8702288866043091,-1.0481278896331787,-0.340192139,0.082297377,-0.7079357506331787,-20.121015549,-20.32637475069143,held error describes prior logged command/state; not future counterfactual target tracking or external force
20261007_174626_general32_high_watering_walk_A501_on,720,PLAY,381,11,18,right_ankle_roll_joint,interior_target_change,,,0.11264294385910034,0.16066214442253113,0.048019200563430786,0.049402639269828796,0.07046277076005936,0.02106013149023056,0.1606626957654953,0.07046301662921906,0.014505812898278236,0.118992791,0.171578288,-0.10448697810172176,-3.306425333,-3.289328507002743,held error describes prior logged command/state; not future counterfactual target tracking or external force
20261007_174626_general32_high_watering_walk_A501_on,720,PLAY,381,12,2,waist_yaw_joint,interior_target_change,,,-0.7064986228942871,-0.3975963592529297,0.3089022636413574,-0.3868408203125,-0.2177024781703949,0.1691383421421051,-0.3975954055786133,-0.2177019566297531,-0.10875958204269409,0.157167286,-0.985643566,-0.26592686804269405,-8.557351112,-8.163571227731108,held error describes prior logged command/state; not future counterfactual target tracking or external force
20261007_174626_general32_high_watering_walk_A501_on,720,PLAY,381,13,5,waist_roll_joint,residual_moves_off_boundary,,,-3.0,-2.5239882469177246,0.4760117530822754,-1.3157318830490112,-1.1069639921188354,0.20876789093017578,-2.5239877700805664,-1.1069637537002563,-0.8382381796836853,-0.378864408,0.794911444,-0.4593737716836853,-14.051235199,-14.535048320893523,held error describes prior logged command/state; not future counterfactual target tracking or external force
20261007_174626_general32_high_watering_walk_A501_on,720,PLAY,381,14,8,waist_pitch_joint,interior_target_change,,,-1.0408294200897217,-0.20458069443702698,0.8362487256526947,-0.4564841687679291,-0.08972445130348206,0.366759717464447,-0.2045808881521225,-0.08972453325986862,0.12908603250980377,-0.075067773,-0.153907269,0.20415380550980378,5.992619038,6.09789411799238,held error describes prior logged command/state; not future counterfactual target tracking or external force
20261007_174626_general32_high_watering_walk_A501_on,720,PLAY,381,15,11,left_shoulder_pitch_joint,interior_target_change,,,0.5318527221679688,1.6540749073028564,1.1222221851348877,0.4332585334777832,0.925439715385437,0.4921811819076538,1.6540751457214355,0.9254398345947266,0.595470666885376,0.852330089,-0.358951509,-0.256859422114624,-3.5,-3.334757707052789,held error describes prior logged command/state; not future counterfactual target tracking or external force
20261007_174626_general32_high_watering_walk_A501_on,720,PLAY,381,16,15,left_shoulder_roll_joint,interior_target_change,,,0.2889423072338104,-0.08217161893844604,-0.37111392617225647,0.32672354578971863,0.16396139562129974,-0.16276215016841888,-0.08217160403728485,0.16396139562129974,0.41504085063934326,0.271310866,0.486271918,0.14372998463934328,1.5625,1.6070847852666816,held error describes prior logged command/state; not future counterfactual target tracking or external force
20261007_174626_general32_high_watering_walk_A501_on,720,PLAY,381,17,19,left_shoulder_yaw_joint,interior_target_change,,,0.5273709297180176,0.36502787470817566,-0.16234305500984192,0.2312929332256317,0.16009294986724854,-0.07119998335838318,0.3650280237197876,0.1600930094718933,0.19850905239582062,0.184041753,1.423534274,0.014467299395820615,-0.6875,-1.0852948194567307,held error describes prior logged command/state; not future counterfactual target tracking or external force
20261007_174626_general32_high_watering_walk_A501_on,720,PLAY,381,18,21,left_elbow_joint,interior_target_change,,,-0.6194131970405579,-1.3465579748153687,-0.7271447777748108,0.32833942770957947,0.00943022035062313,-0.3189091980457306,-1.346558928489685,0.009429802186787128,0.013968811370432377,0.439161927,-1.828505158,-0.42519311562956763,-4.6875,-4.400404994661594,held error describes prior logged command/state; not future counterfactual target tracking or external force
20261007_174626_general32_high_watering_walk_A501_on,720,PLAY,381,19,23,left_wrist_roll_joint,interior_target_change,,,-0.5994194746017456,-0.8342873454093933,-0.2348678708076477,-0.2628917694091797,-0.3658995032310486,-0.1030077338218689,-0.8342865109443665,-0.36589914560317993,-0.3917226791381836,-0.57458365,3.130854845,0.1828609708618164,0.0,-0.23450039735166817,held error describes prior logged command/state; not future counterfactual target tracking or external force
20261007_174626_general32_high_watering_walk_A501_on,720,PLAY,381,20,25,left_wrist_pitch_joint,residual_moves_to_boundary,,,-2.95416522026062,-3.0,-0.04583477973937988,-0.22008788585662842,-0.22350260615348816,-0.003414720296859741,-3.0,-0.22350260615348816,-0.22350260615348816,-0.207291141,0.006135923,-0.016211465153488147,-0.306250006,-0.2785553125180564,held error describes prior logged command/state; not future counterfactual target tracking or external force
20261007_174626_general32_high_watering_walk_A501_on,720,PLAY,381,21,27,left_wrist_yaw_joint,residual_moves_to_boundary,,,2.661214828491211,3.0,0.33878517150878906,0.19826282560825348,0.22350260615348816,0.02523978054523468,3.0,0.22350260615348816,0.22350260615348816,0.211449668,0.116582543,0.012052938153488152,0.025,0.07770150126325093,held error describes prior logged command/state; not future counterfactual target tracking or external force
20261007_174626_general32_high_watering_walk_A501_on,720,PLAY,381,22,12,right_shoulder_pitch_joint,nominal_already_same_boundary,,,-3.0,-3.0,0.0,-1.115731954574585,-1.115731954574585,0.0,-3.0,-1.115731954574585,-1.115731954574585,-0.995421708,2.868544102,-0.120310246574585,-3.6875,-4.316904741179988,held error describes prior logged command/state; not future counterfactual target tracking or external force
20261007_174626_general32_high_watering_walk_A501_on,720,PLAY,381,23,16,right_shoulder_roll_joint,nominal_already_same_boundary,,,-3.0,-3.0,0.0,-1.515731930732727,-1.515731930732727,0.0,-3.0,-1.515731930732727,-1.515731930732727,-1.536305785,3.163068533,0.020573854267272873,-2.3125,-2.576417867401206,held error describes prior logged command/state; not future counterfactual target tracking or external force
20261007_174626_general32_high_watering_walk_A501_on,720,PLAY,381,24,20,right_shoulder_yaw_joint,interior_target_change,,,-0.010844901204109192,-0.28227055072784424,-0.27142564952373505,-0.004756327718496323,-0.1237974613904953,-0.11904112994670868,-0.282270610332489,-0.12379748374223709,0.227237269282341,0.451062262,-2.926835537,-0.223824992717659,-0.75,-0.5343534059407657,held error describes prior logged command/state; not future counterfactual target tracking or external force
20261007_174626_general32_high_watering_walk_A501_on,720,PLAY,381,25,22,right_elbow_joint,residual_moves_off_boundary,,,-3.0,-2.3014273643493652,0.6985726356506348,-0.7157319188117981,-0.4093538224697113,0.3063780963420868,-2.301424980163574,-0.40935277938842773,0.2415022850036621,0.754802465,-2.774971247,-0.5133001799963379,-4.875,-4.797329851711014,held error describes prior logged command/state; not future counterfactual target tracking or external force
20261007_174626_general32_high_watering_walk_A501_on,720,PLAY,381,26,24,right_wrist_roll_joint,interior_target_change,,,1.2889944314956665,1.4933243989944458,0.2043299674987793,0.5653237104415894,0.6549382209777832,0.08961451053619385,1.4933241605758667,0.6549381017684937,0.6624902486801147,0.767409861,-2.101553679,-0.10491961231988522,0.0625,0.41140773966555133,held error describes prior logged command/state; not future counterfactual target tracking or external force
20261007_174626_general32_high_watering_walk_A501_on,720,PLAY,381,27,26,right_wrist_pitch_joint,residual_moves_to_boundary,,,-1.982165813446045,-3.0,-1.017834186553955,-0.1476730853319168,-0.22350260615348816,-0.07582952082157135,-3.0,-0.22350260615348816,-0.22350260615348816,-0.198231071,0.049087387,-0.02527153515348815,-0.4375,-0.4764463776386581,held error describes prior logged command/state; not future counterfactual target tracking or external force
20261007_174626_general32_high_watering_walk_A501_on,720,PLAY,381,28,28,right_wrist_yaw_joint,nominal_already_same_boundary,,,3.0,3.0,0.0,0.22350260615348816,0.22350260615348816,0.0,3.0,0.22350260615348816,0.22350260615348816,0.218580291,0.012271847,0.004922315153488149,0.09375,0.06948014930196623,held error describes prior logged command/state; not future counterfactual target tracking or external force
20261007_174626_general32_high_watering_walk_A501_on,726,PLAY,387,0,0,left_hip_pitch_joint,interior_target_change,,,0.9302482604980469,0.8883984088897705,-0.04184985160827637,0.014202219434082508,-0.0004729111969936639,-0.014675131067633629,0.8883985877037048,-0.0004728485073428601,0.02249201573431492,0.05660389,1.202095628,-0.03411187426568508,-10.546875,-10.96421595815918,held error describes prior logged command/state; not future counterfactual target tracking or external force
20261007_174626_general32_high_watering_walk_A501_on,726,PLAY,387,1,3,left_hip_roll_joint,interior_target_change,,,0.026349425315856934,-0.040626730769872665,-0.0669761560857296,0.009239728562533855,-0.014246229082345963,-0.023485958576202393,-0.04062654823064804,-0.014246164821088314,-0.025955911725759506,-0.134189233,-0.018544124,0.10823332127424048,10.37109375,10.842743067763715,held error describes prior logged command/state; not future counterfactual target tracking or external force
20261007_174626_general32_high_watering_walk_A501_on,726,PLAY,387,2,6,left_hip_yaw_joint,interior_target_change,,,0.38284367322921753,0.5207105875015259,0.13786691427230835,0.20962469279766083,0.28511324524879456,0.07548855245113373,0.5207105875015259,0.28511324524879456,0.33159080147743225,0.344265461,-0.046282392,-0.012674659522567744,-0.111860797,-0.39087289970177,held error describes prior logged command/state; not future counterfactual target tracking or external force
20261007_174626_general32_high_watering_walk_A501_on,726,PLAY,387,3,9,left_knee_joint,interior_target_change,,,-1.6683779954910278,-1.6868562698364258,-0.01847827434539795,0.08396412432193756,0.07748450338840485,-0.006479620933532715,-1.6868560314178467,0.07748459279537201,0.058035366237163544,0.086507991,-0.939205348,-0.028472624762836463,2.021484375,3.1036679286908875,held error describes prior logged command/state; not future counterfactual target tracking or external force
20261007_174626_general32_high_watering_walk_A501_on,726,PLAY,387,4,13,left_ankle_pitch_joint,interior_target_change,,,1.737692952156067,1.2993841171264648,-0.43830883502960205,0.3991127014160156,0.2068803906440735,-0.19223231077194214,1.2993842363357544,0.20688045024871826,0.1201019212603569,-0.174353063,-0.294305205,0.2944549842603569,9.200768471,8.926334618421004,held error describes prior logged command/state; not future counterfactual target tracking or external force
20261007_174626_general32_high_watering_walk_A501_on,726,PLAY,387,5,17,left_ankle_roll_joint,interior_target_change,,,0.22742372751235962,0.15812236070632935,-0.06930136680603027,0.09974288940429688,0.06934887915849686,-0.03039401024580002,0.15812215209007263,0.0693487897515297,0.06185184419155121,0.034426611,-0.481049478,0.027425233191551206,0.976430655,1.6544914772619186,held error describes prior logged command/state; not future counterfactual target tracking or external force
20261007_174626_general32_high_watering_walk_A501_on,726,PLAY,387,6,1,right_hip_pitch_joint,interior_target_change,,,0.43284669518470764,0.2954937517642975,-0.13735294342041016,-0.16021734476089478,-0.20838172733783722,-0.048164382576942444,0.2954937219619751,-0.2083817422389984,-0.2695148289203644,-0.470838368,-0.010908308,0.20132353907963563,20.21484375,20.019664355914713,held error describes prior logged command/state; not future counterfactual target tracking or external force
20261007_174626_general32_high_watering_walk_A501_on,726,PLAY,387,7,4,right_hip_roll_joint,interior_target_change,,,-1.1128532886505127,-1.3937593698501587,-0.280906081199646,-0.3902347683906555,-0.48873770236968994,-0.09850293397903442,-1.3937591314315796,-0.4887376129627228,-0.502206027507782,-0.352355391,-0.529052973,-0.14985063650778196,-11.953125,-11.512272066194797,held error describes prior logged command/state; not future counterfactual target tracking or external force
20261007_174626_general32_high_watering_walk_A501_on,726,PLAY,387,8,7,right_hip_yaw_joint,interior_target_change,,,-0.26284635066986084,-0.2387208342552185,0.024125516414642334,-0.14392058551311493,-0.13071075081825256,0.013209834694862366,-0.23872089385986328,-0.13071078062057495,-0.06723416596651077,0.006695948,-0.587957799,-0.07393011396651078,-1.342329502,-1.4665243994762742,held error describes prior logged command/state; not future counterfactual target tracking or external force
20261007_174626_general32_high_watering_walk_A501_on,726,PLAY,387,9,10,right_knee_joint,interior_target_change,,,-0.47397586703300476,-0.664597749710083,-0.19062188267707825,0.5027949213981628,0.4359511733055115,-0.06684374809265137,-0.6645984053611755,0.4359509348869324,0.44568780064582825,0.640121639,0.031634096,-0.19443383835417172,-18.896484375,-19.467660738321264,held error describes prior logged command/state; not future counterfactual target tracking or external force
20261007_174626_general32_high_watering_walk_A501_on,726,PLAY,387,10,14,right_ankle_pitch_joint,interior_target_change,,,0.8671102523803711,0.8936710953712463,0.026560842990875244,0.017294885590672493,0.028943868353962898,0.011648982763290405,0.8936706185340881,0.028943659737706184,-0.1594703495502472,-0.253903389,2.179249763,0.09443303944975279,-4.537895203,-1.2626711953064804,held error describes prior logged command/state; not future counterfactual target tracking or external force
20261007_174626_general32_high_watering_walk_A501_on,726,PLAY,387,11,18,right_ankle_roll_joint,interior_target_change,,,-0.08150528371334076,0.0020085200667381287,0.08351380378007889,-0.03574636951088905,0.0008808913407847285,0.036627259105443954,0.0020082290284335613,0.000880763924214989,0.006591358222067356,0.106726654,-0.386951268,-0.10013529577793265,-2.943019629,-2.1518785705497168,held error describes prior logged command/state; not future counterfactual target tracking or external force
20261007_174626_general32_high_watering_walk_A501_on,726,PLAY,387,12,2,waist_yaw_joint,interior_target_change,,,0.37373730540275574,0.6288825273513794,0.25514522194862366,0.2046385407447815,0.3443424105644226,0.1397038698196411,0.6288829445838928,0.3443426191806793,0.3245369791984558,-0.045277998,-0.306835115,0.3698149771984558,15.2689991,15.643734130493218,held error describes prior logged command/state; not future counterfactual target tracking or external force
20261007_174626_general32_high_watering_walk_A501_on,726,PLAY,387,13,5,waist_roll_joint,interior_target_change,,,-2.5226213932037354,-1.92575204372406,0.5968693494796753,-1.1063644886016846,-0.8445911407470703,0.26177334785461426,-1.9257522821426392,-0.8445912599563599,-1.0005731582641602,-0.385734648,-0.227255449,-0.6148385102641601,-17.155075073,-17.11132064309574,held error describes prior logged command/state; not future counterfactual target tracking or external force
20261007_174626_general32_high_watering_walk_A501_on,726,PLAY,387,14,8,waist_pitch_joint,interior_target_change,,,-1.123215675354004,-0.3138045072555542,0.8094111680984497,-0.4926169216632843,-0.13762754201889038,0.3549893796443939,-0.3138045370578766,-0.13762755692005157,-0.19309872388839722,-0.076784834,0.20685111,-0.11631388988839722,-4.020655632,-3.690410844730633,held error describes prior logged command/state; not future counterfactual target tracking or external force
20261007_174626_general32_high_watering_walk_A501_on,726,PLAY,387,15,11,left_shoulder_pitch_joint,interior_target_change,,,1.318061113357544,1.2777884006500244,-0.04027271270751953,0.7780717015266418,0.7604089975357056,-0.01766270399093628,1.2777880430221558,0.7604088187217712,1.0169678926467896,0.853696287,-0.46326223,0.16327160564678955,2.5,2.747004146228533,held error describes prior logged command/state; not future counterfactual target tracking or external force
20261007_174626_general32_high_watering_walk_A501_on,726,PLAY,387,16,15,left_shoulder_roll_joint,interior_target_change,,,0.05190145969390869,0.16075067222118378,0.10884921252727509,0.2227628082036972,0.27050158381462097,0.04773877561092377,0.16075097024440765,0.2705017328262329,0.19792068004608154,0.235957414,0.233165085,-0.03803673395391846,-0.8125,-0.7535798430946727,held error describes prior logged command/state; not future counterfactual target tracking or external force
20261007_174626_general32_high_watering_walk_A501_on,726,PLAY,387,17,19,left_shoulder_yaw_joint,interior_target_change,,,0.6208721399307251,0.43710190057754517,-0.18377023935317993,0.2723004221916199,0.1917029768228531,-0.08059744536876678,0.4371020793914795,0.19170305132865906,0.17056341469287872,0.208477587,-0.624330223,-0.03791417230712127,0.0625,0.02610608847048901,held error describes prior logged command/state; not future counterfactual target tracking or external force
20261007_174626_general32_high_watering_walk_A501_on,726,PLAY,387,18,21,left_elbow_joint,interior_target_change,,,-0.30129092931747437,-1.041603684425354,-0.7403127551078796,0.4678606390953064,0.14317625761032104,-0.32468438148498535,-1.0416041612625122,0.14317604899406433,0.2558334171772003,0.264228195,0.487805903,-0.008394777822799682,-0.5625,-0.5621794816821977,held error describes prior logged command/state; not future counterfactual target tracking or external force
20261007_174626_general32_high_watering_walk_A501_on,726,PLAY,387,19,23,left_wrist_roll_joint,interior_target_change,,,-0.16194945573806763,-0.31430280208587646,-0.15235334634780884,-0.07102736085653305,-0.13784608244895935,-0.0668187215924263,-0.31430184841156006,-0.13784566521644592,-0.19809553027153015,-0.305382013,2.038660526,0.10728648272846986,-0.1875,-0.32062025579617703,held error describes prior logged command/state; not future counterfactual target tracking or external force
20261007_174626_general32_high_watering_walk_A501_on,726,PLAY,387,20,25,left_wrist_pitch_joint,residual_moves_to_boundary,,,-2.652392864227295,-3.0,-0.3476071357727051,-0.19760558009147644,-0.22350260615348816,-0.02589702606201172,-3.0,-0.22350260615348816,-0.22350260615348816,-0.221564353,0.13499032,-0.0019382531534881675,-0.231250003,-0.17670940459082352,held error describes prior logged command/state; not future counterfactual target tracking or external force
20261007_174626_general32_high_watering_walk_A501_on,726,PLAY,387,21,27,left_wrist_yaw_joint,residual_moves_to_boundary,,,2.9727442264556885,3.0,0.027255773544311523,0.22147202491760254,0.22350260615348816,0.00203058123588562,3.0,0.22350260615348816,0.22350260615348816,0.21303159,0.01840777,0.010471016153488166,0.143749997,0.15602404057724795,held error describes prior logged command/state; not future counterfactual target tracking or external force
20261007_174626_general32_high_watering_walk_A501_on,726,PLAY,387,22,12,right_shoulder_pitch_joint,nominal_already_same_boundary,,,-3.0,-3.0,0.0,-1.115731954574585,-1.115731954574585,0.0,-3.0,-1.115731954574585,-1.115731954574585,-0.582661033,-0.013805828,-0.5330709215745849,-7.375,-7.584067639136714,held error describes prior logged command/state; not future counterfactual target tracking or external force
20261007_174626_general32_high_watering_walk_A501_on,726,PLAY,387,23,16,right_shoulder_roll_joint,nominal_already_same_boundary,,,-3.0,-3.0,0.0,-1.515731930732727,-1.515731930732727,0.0,-3.0,-1.515731930732727,-1.515731930732727,-1.125786185,0.092038848,-0.3899457457327271,-5.8125,-5.6404694627017555,held error describes prior logged command/state; not future counterfactual target tracking or external force
20261007_174626_general32_high_watering_walk_A501_on,726,PLAY,387,24,20,right_shoulder_yaw_joint,interior_target_change,,,-0.0635596215724945,-0.188609778881073,-0.1250501573085785,-0.027875808998942375,-0.08271996676921844,-0.05484415590763092,-0.1886102557182312,-0.08272018283605576,-0.2316814363002777,-0.16148743,0.059825253,-0.07019400630027772,-0.8125,-1.0545831405956334,held error describes prior logged command/state; not future counterfactual target tracking or external force
20261007_174626_general32_high_watering_walk_A501_on,726,PLAY,387,25,22,right_elbow_joint,interior_target_change,,,-2.501723289489746,-1.3399921655654907,1.1617311239242554,-0.49719908833503723,0.01230983529239893,0.5095089077949524,-1.339991569519043,0.012310096994042397,-0.17082233726978302,0.038613174,-2.164447069,-0.20943551126978302,-1.0625,-1.0209505859844872,held error describes prior logged command/state; not future counterfactual target tracking or external force
20261007_174626_general32_high_watering_walk_A501_on,726,PLAY,387,26,24,right_wrist_roll_joint,interior_target_change,,,0.9336512684822083,0.9189717173576355,-0.014679551124572754,0.4094782769680023,0.4030401408672333,-0.006438136100769043,0.9189713597297668,0.40303999185562134,0.4009840488433838,0.507819533,-1.402058482,-0.10683548415661626,-0.5625,-0.2504926651992463,held error describes prior logged command/state; not future counterfactual target tracking or external force
20261007_174626_general32_high_watering_walk_A501_on,726,PLAY,387,27,26,right_wrist_pitch_joint,interior_target_change,,,-0.9195870161056519,-1.807936191558838,-0.888349175453186,-0.0685100331902504,-0.13469281792640686,-0.06618278473615646,-1.8079365491867065,-0.13469284772872925,-0.13626369833946228,-0.130723923,-0.006135923,-0.005539775339462288,-0.0625,-0.08639413361568167,held error describes prior logged command/state; not future counterfactual target tracking or external force
20261007_174626_general32_high_watering_walk_A501_on,726,PLAY,387,28,28,right_wrist_yaw_joint,nominal_already_same_boundary,,,3.0,3.0,0.0,0.22350260615348816,0.22350260615348816,0.0,3.0,0.22350260615348816,0.22350260615348816,0.218867913,0.0,0.004634693153488162,0.09375,0.07776240163927771,held error describes prior logged command/state; not future counterfactual target tracking or external force
20261007_174626_general32_high_watering_walk_A501_on,1103,PLAY,764,0,0,left_hip_pitch_joint,interior_target_change,,,0.5711054801940918,0.5318739414215088,-0.03923153877258301,-0.11173531413078308,-0.12549230456352234,-0.013756990432739258,0.5318740010261536,-0.12549228966236115,-0.12428401410579681,-0.16203098,0.01199914,0.03774696589420318,3.251953125,3.66496474305764,held error describes prior logged command/state; not future counterfactual target tracking or external force
20261007_174626_general32_high_watering_walk_A501_on,1103,PLAY,764,1,3,left_hip_roll_joint,interior_target_change,,,-0.32163530588150024,-0.35327911376953125,-0.031643807888031006,-0.11278510838747025,-0.12388136982917786,-0.011096261441707611,-0.3532790243625641,-0.12388134002685547,-0.1281719207763672,0.162840575,-0.013089971,-0.2910124957763672,-28.916015625,-28.75629848540818,held error describes prior logged command/state; not future counterfactual target tracking or external force
20261007_174626_general32_high_watering_walk_A501_on,1103,PLAY,764,2,6,left_hip_yaw_joint,interior_target_change,,,-0.056979261338710785,-0.055924415588378906,0.0010548457503318787,-0.031198794022202492,-0.03062121570110321,0.0005775783210992813,-0.05592447519302368,-0.030621249228715897,-0.034579306840896606,-0.099300906,0.006856651,0.06472159915910339,2.684659004,2.5829259383338155,held error describes prior logged command/state; not future counterfactual target tracking or external force
20261007_174626_general32_high_watering_walk_A501_on,1103,PLAY,764,3,9,left_knee_joint,interior_target_change,,,-1.412618637084961,-1.3537341356277466,0.058884501457214355,0.17364907264709473,0.19429759681224823,0.020648524165153503,-1.3537338972091675,0.1942976862192154,0.19411413371562958,0.187631413,-0.003272493,0.006482720715629581,0.3515625,0.6630729336661348,held error describes prior logged command/state; not future counterfactual target tracking or external force
20261007_174626_general32_high_watering_walk_A501_on,1103,PLAY,764,4,13,left_ankle_pitch_joint,interior_target_change,,,1.0518038272857666,1.099684476852417,0.04788064956665039,0.09829729795455933,0.11929666250944138,0.02099936455488205,1.099684238433838,0.11929655820131302,0.12045681476593018,-0.137126118,-0.001487935,0.25758293276593014,7.128302574,7.344134180339148,held error describes prior logged command/state; not future counterfactual target tracking or external force
20261007_174626_general32_high_watering_walk_A501_on,1103,PLAY,764,5,17,left_ankle_roll_joint,interior_target_change,,,-0.4460952877998352,-0.4888300597667694,-0.042734771966934204,-0.19564726948738098,-0.21438977122306824,-0.018742501735687256,-0.4888305068016052,-0.21438996493816376,-0.21433034539222717,-0.143769175,0.002640142,-0.07056117039222717,-2.192293882,-2.015871634410568,held error describes prior logged command/state; not future counterfactual target tracking or external force
20261007_174626_general32_high_watering_walk_A501_on,1103,PLAY,764,6,1,right_hip_pitch_joint,interior_target_change,,,0.7473661303520203,0.6438567042350769,-0.10350942611694336,-0.049927495419979095,-0.086224265396595,-0.036296769976615906,0.6438563466072083,-0.08622439205646515,-0.08039738237857819,-0.124550715,0.035997417,0.04415333262142182,4.39453125,4.148425237790838,held error describes prior logged command/state; not future counterfactual target tracking or external force
20261007_174626_general32_high_watering_walk_A501_on,1103,PLAY,764,7,4,right_hip_roll_joint,interior_target_change,,,0.1579795479774475,0.24639621376991272,0.08841666579246521,0.055397339165210724,0.08640165627002716,0.031004317104816437,0.24639615416526794,0.08640163391828537,0.08274205774068832,-0.122786641,-0.052359883,0.20552869874068833,20.21484375,20.697898827643705,held error describes prior logged command/state; not future counterfactual target tracking or external force
20261007_174626_general32_high_watering_walk_A501_on,1103,PLAY,764,8,7,right_hip_yaw_joint,interior_target_change,,,-0.9302110075950623,-0.9670084714889526,-0.03679746389389038,-0.5093337297439575,-0.5294820666313171,-0.02014833688735962,-0.9670085906982422,-0.5294821262359619,-0.5232425332069397,-0.509856224,0.006856651,-0.013386309206939728,-0.391512781,-0.5553902520455452,held error describes prior logged command/state; not future counterfactual target tracking or external force
20261007_174626_general32_high_watering_walk_A501_on,1103,PLAY,764,9,10,right_knee_joint,interior_target_change,,,-1.2583482265472412,-1.335392713546753,-0.07704448699951172,0.22774577140808105,0.20072923600673676,-0.0270165354013443,-1.3353924751281738,0.20072931051254272,0.20324300229549408,0.136848137,0.015271632,0.06639486529549407,6.6796875,6.483281002457687,held error describes prior logged command/state; not future counterfactual target tracking or external force
20261007_174626_general32_high_watering_walk_A501_on,1103,PLAY,764,10,14,right_ankle_pitch_joint,interior_target_change,,,1.1194095611572266,1.2459454536437988,0.12653589248657227,0.1279476433992386,0.18344341218471527,0.055495768785476685,1.2459455728530884,0.18344345688819885,0.19057250022888184,-0.040255722,-0.002424666,0.23082822222888183,6.383879185,6.583291254644101,held error describes prior logged command/state; not future counterfactual target tracking or external force
20261007_174626_general32_high_watering_walk_A501_on,1103,PLAY,764,11,18,right_ankle_roll_joint,interior_target_change,,,0.2440909594297409,0.27223122119903564,0.02814026176929474,0.1070527583360672,0.11939443647861481,0.012341678142547607,0.2722315192222595,0.11939457058906555,0.12042468786239624,0.068555243,0.00700352,0.05186944486239624,1.14237082,1.465636274915068,held error describes prior logged command/state; not future counterfactual target tracking or external force
20261007_174626_general32_high_watering_walk_A501_on,1103,PLAY,764,12,2,waist_yaw_joint,interior_target_change,,,0.14070092141628265,0.16332292556762695,0.0226220041513443,0.07704029232263565,0.08942689001560211,0.012386597692966461,0.16332268714904785,0.08942676335573196,0.08174960315227509,0.094801232,-0.053139046,-0.013051628847724914,-0.615234375,-0.38848067505423184,held error describes prior logged command/state; not future counterfactual target tracking or external force
20261007_174626_general32_high_watering_walk_A501_on,1103,PLAY,764,13,5,waist_roll_joint,interior_target_change,,,-0.019902922213077545,0.039973556995391846,0.05987647920846939,-0.00872896984219551,0.017531495541334152,0.026260465383529663,0.0399734228849411,0.017531435936689377,0.018244974315166473,0.074832074,-0.008702529,-0.056587099684833525,-1.720562577,-1.5970125535551587,held error describes prior logged command/state; not future counterfactual target tracking or external force
20261007_174626_general32_high_watering_walk_A501_on,1103,PLAY,764,14,8,waist_pitch_joint,interior_target_change,,,-0.35754725337028503,-0.18079873919487,0.17674851417541504,-0.15681211650371552,-0.07929422706365585,0.07751788944005966,-0.18079861998558044,-0.07929417490959167,-0.08690917491912842,0.016118417,0.00343481,-0.10302759191912841,-2.851994514,-2.9426469667742357,held error describes prior logged command/state; not future counterfactual target tracking or external force
20261007_174626_general32_high_watering_walk_A501_on,1103,PLAY,764,15,11,left_shoulder_pitch_joint,interior_target_change,,,0.3178229331970215,0.22532673180103302,-0.09249620139598846,0.3393899202346802,0.29882320761680603,-0.040566712617874146,0.22532658278942108,0.29882311820983887,0.30161017179489136,0.219718784,0.004601942,0.08189138779489136,1.0,1.1628282868689073,held error describes prior logged command/state; not future counterfactual target tracking or external force
20261007_174626_general32_high_watering_walk_A501_on,1103,PLAY,764,16,15,left_shoulder_roll_joint,interior_target_change,,,0.3699920177459717,0.39356955885887146,0.02357754111289978,0.3622701168060303,0.3726106882095337,0.010340571403503418,0.3935698866844177,0.37261083722114563,0.3744472563266754,0.261423886,0.003067962,0.11302337032667542,1.4375,1.6078700871015894,held error describes prior logged command/state; not future counterfactual target tracking or external force
20261007_174626_general32_high_watering_walk_A501_on,1103,PLAY,764,17,19,left_shoulder_yaw_joint,interior_target_change,,,-0.09089036285877228,-0.293657511472702,-0.20276714861392975,-0.03986245021224022,-0.12879152595996857,-0.08892907202243805,-0.2936575710773468,-0.12879155576229095,-0.1290721744298935,-0.153326184,0.003067962,0.02425400957010651,0.4375,0.3428514152606698,held error describes prior logged command/state; not future counterfactual target tracking or external force
20261007_174626_general32_high_watering_walk_A501_on,1103,PLAY,764,18,21,left_elbow_joint,interior_target_change,,,1.2345068454742432,1.314363956451416,0.07985711097717285,1.141426682472229,1.176450252532959,0.03502357006072998,1.3143640756607056,1.176450252532959,1.1752598285675049,1.136032701,0.027611656,0.039227127567504905,0.4375,0.5339610707850312,held error describes prior logged command/state; not future counterfactual target tracking or external force
20261007_174626_general32_high_watering_walk_A501_on,1103,PLAY,764,19,23,left_wrist_roll_joint,interior_target_change,,,0.23018157482147217,0.15412378311157227,-0.0760577917098999,0.10095241665840149,0.06759519129991531,-0.033357225358486176,0.1541232317686081,0.06759495288133621,0.06447777897119522,0.048847701,-0.004601942,0.01563007797119522,0.0625,0.22691333172515768,held error describes prior logged command/state; not future counterfactual target tracking or external force
20261007_174626_general32_high_watering_walk_A501_on,1103,PLAY,764,20,25,left_wrist_pitch_joint,interior_target_change,,,-2.273573875427246,-2.6380136013031006,-0.3644397258758545,-0.1693832278251648,-0.19653430581092834,-0.02715107798576355,-2.638014793395996,-0.1965343952178955,-0.19627955555915833,-0.184640959,0.0,-0.011638596559158332,-0.212500006,-0.1952761898529638,held error describes prior logged command/state; not future counterfactual target tracking or external force
20261007_174626_general32_high_watering_walk_A501_on,1103,PLAY,764,21,27,left_wrist_yaw_joint,interior_target_change,,,0.6096814870834351,0.4282621145248413,-0.18141937255859375,0.04542180150747299,0.031905900686979294,-0.013515900820493698,0.42826223373413086,0.03190590813755989,0.03273225203156471,0.046642605,-0.177941784,-0.013910352968435284,-0.068750001,-0.0433254668606442,held error describes prior logged command/state; not future counterfactual target tracking or external force
20261007_174626_general32_high_watering_walk_A501_on,1103,PLAY,764,22,12,right_shoulder_pitch_joint,interior_target_change,,,-0.2737993896007538,-0.4843333959579468,-0.210534006357193,0.0799177959561348,-0.01241763960570097,-0.09233543276786804,-0.48433342576026917,-0.012417652644217014,-0.011849813163280487,-0.013626064,-0.145728186,0.0017762508367195132,0.3125,0.15752062328965055,held error describes prior logged command/state; not future counterfactual target tracking or external force
20261007_174626_general32_high_watering_walk_A501_on,1103,PLAY,764,23,16,right_shoulder_roll_joint,interior_target_change,,,-0.5089716911315918,-0.5334083437919617,-0.024436652660369873,-0.42322343587875366,-0.4339407980442047,-0.01071736216545105,-0.5334084033966064,-0.4339408278465271,-0.4322722852230072,-0.335462421,-0.024543693,-0.09680986422300719,-1.5,-1.3573342539252775,held error describes prior logged command/state; not future counterfactual target tracking or external force
20261007_174626_general32_high_watering_walk_A501_on,1103,PLAY,764,24,20,right_shoulder_yaw_joint,interior_target_change,,,0.31739020347595215,0.3884662091732025,0.07107600569725037,0.1392001360654831,0.17037247121334076,0.031172335147857666,0.3884666860103607,0.17037267982959747,0.16221210360527039,0.165394291,0.001533981,-0.003182187394729613,0.0625,-0.04673981472072255,held error describes prior logged command/state; not future counterfactual target tracking or external force
20261007_174626_general32_high_watering_walk_A501_on,1103,PLAY,764,25,22,right_elbow_joint,interior_target_change,,,1.7645785808563232,1.6723541021347046,-0.09222447872161865,1.3739041090011597,1.3334565162658691,-0.04044759273529053,1.672354817390442,1.3334568738937378,1.3306374549865723,1.325455308,0.0,0.005182146986572267,0.1875,0.07384882173721147,held error describes prior logged command/state; not future counterfactual target tracking or external force
20261007_174626_general32_high_watering_walk_A501_on,1103,PLAY,764,26,24,right_wrist_roll_joint,interior_target_change,,,0.09631193429231644,0.17108041048049927,0.07476847618818283,0.04224022850394249,0.07503198832273483,0.03279175981879234,0.17108045518398285,0.07503200322389603,0.08667346090078354,0.111896709,-0.197883531,-0.025223248099216458,-0.3125,-0.17992252884637108,held error describes prior logged command/state; not future counterfactual target tracking or external force
20261007_174626_general32_high_watering_walk_A501_on,1103,PLAY,764,27,26,right_wrist_pitch_joint,residual_moves_to_boundary,,,-2.7000732421875,-3.0,-0.2999267578125,-0.201157808303833,-0.22350260615348816,-0.02234479784965515,-3.0,-0.22350260615348816,-0.22350260615348816,-0.216854557,-0.012271847,-0.006648049153488156,-0.087499999,-0.09843508029444376,held error describes prior logged command/state; not future counterfactual target tracking or external force
20261007_174626_general32_high_watering_walk_A501_on,1103,PLAY,764,28,28,right_wrist_yaw_joint,interior_target_change,,,-0.2689427435398102,-0.21863031387329102,0.050312429666519165,-0.020036468282341957,-0.01628814823925495,0.0037483200430870056,-0.21863044798374176,-0.016288159415125847,-0.0166575089097023,-0.036623791,0.079767004,0.0199662820902977,0.293749988,0.24979838454560588,held error describes prior logged command/state; not future counterfactual target tracking or external force
20261007_174626_general32_high_watering_walk_A501_on,1119,FINAL_HOLD,764,0,0,left_hip_pitch_joint,interior_target_change,,,0.5870484113693237,0.5254368782043457,-0.06161153316497803,-0.1061447411775589,-0.12774953246116638,-0.021604791283607483,0.5254366993904114,-0.12774959206581116,-0.13406553864479065,-0.142847702,0.044724066,0.008782163355209344,0.3515625,0.5881433111471022,held error describes prior logged command/state; not future counterfactual target tracking or external force
20261007_174626_general32_high_watering_walk_A501_on,1119,FINAL_HOLD,764,1,3,left_hip_roll_joint,interior_target_change,,,-0.3280830383300781,-0.33125418424606323,-0.0031711459159851074,-0.11504607647657394,-0.11615807563066483,-0.0011119991540908813,-0.3312540054321289,-0.11615801602602005,-0.11738764494657516,0.160156116,-0.029452434,-0.2775437609465752,-27.333984375,-27.31834051894673,held error describes prior logged command/state; not future counterfactual target tracking or external force
20261007_174626_general32_high_watering_walk_A501_on,1119,FINAL_HOLD,764,2,6,left_hip_yaw_joint,interior_target_change,,,-0.08326505869626999,-0.06765024363994598,0.015614815056324005,-0.04559148848056793,-0.03704165294766426,0.008549835532903671,-0.06765018403530121,-0.037041619420051575,-0.042940884828567505,-0.101537354,0.020569952,0.05859646917143249,2.516867876,2.30174577528326,held error describes prior logged command/state; not future counterfactual target tracking or external force
20261007_174626_general32_high_watering_walk_A501_on,1119,FINAL_HOLD,764,3,9,left_knee_joint,interior_target_change,,,-1.3844923973083496,-1.3628976345062256,0.021594762802124023,0.1835118681192398,0.19108431041240692,0.007572442293167114,-1.3628971576690674,0.19108448922634125,0.18967412412166595,0.173629582,-0.008726647,0.01604454212166595,1.318359375,1.6450435682871345,held error describes prior logged command/state; not future counterfactual target tracking or external force
20261007_174626_general32_high_watering_walk_A501_on,1119,FINAL_HOLD,764,4,13,left_ankle_pitch_joint,interior_target_change,,,1.1372044086456299,1.2256534099578857,0.08844900131225586,0.13575205206871033,0.17454378306865692,0.038791730999946594,1.2256540060043335,0.17454403638839722,0.17095035314559937,-0.138038039,0.005749673,0.30898839214559937,8.538903236,8.796121551130215,held error describes prior logged command/state; not future counterfactual target tracking or external force
20261007_174626_general32_high_watering_walk_A501_on,1119,FINAL_HOLD,764,5,17,left_ankle_roll_joint,interior_target_change,,,-0.4461498260498047,-0.4857889413833618,-0.03963911533355713,-0.1956711858510971,-0.21305601298809052,-0.017384827136993408,-0.4857891798019409,-0.21305611729621887,-0.21327224373817444,-0.142491281,-0.00426418,-0.07078096273817444,-2.268838167,-2.0096084724219083,held error describes prior logged command/state; not future counterfactual target tracking or external force
20261007_174626_general32_high_watering_walk_A501_on,1119,FINAL_HOLD,764,6,1,right_hip_pitch_joint,interior_target_change,,,0.8100425004959106,0.7580609917640686,-0.05198150873184204,-0.02794930897653103,-0.0461772195994854,-0.01822791062295437,0.7580610513687134,-0.046177200973033905,-0.04668239876627922,-0.109296128,0.044724066,0.06261372923372079,6.240234375,5.9227668029027445,held error describes prior logged command/state; not future counterfactual target tracking or external force
20261007_174626_general32_high_watering_walk_A501_on,1119,FINAL_HOLD,764,7,4,right_hip_roll_joint,interior_target_change,,,0.16242316365242004,0.21479341387748718,0.05237025022506714,0.056955546140670776,0.07531977444887161,0.018364228308200836,0.2147931456565857,0.07531967759132385,0.07997072488069534,-0.126749426,-0.01199914,0.20672015088069534,20.21484375,20.561341938274325,held error describes prior logged command/state; not future counterfactual target tracking or external force
20261007_174626_general32_high_watering_walk_A501_on,1119,FINAL_HOLD,764,8,7,right_hip_yaw_joint,interior_target_change,,,-0.9175506830215454,-0.9592233896255493,-0.041672706604003906,-0.5024016499519348,-0.5252193808555603,-0.02281773090362549,-0.9592235684394836,-0.5252195000648499,-0.5161314010620117,-0.511744499,0.003428325,-0.004386902062011755,0.111860797,-0.18503165645528125,held error describes prior logged command/state; not future counterfactual target tracking or external force
20261007_174626_general32_high_watering_walk_A501_on,1119,FINAL_HOLD,764,9,10,right_knee_joint,interior_target_change,,,-1.2743456363677979,-1.2963318824768066,-0.02198624610900879,0.22213609516620636,0.21442636847496033,-0.007709726691246033,-1.2963318824768066,0.21442636847496033,0.2167525291442871,0.138774127,-0.037088249,0.07797840214428711,8.173828125,7.961519384870245,held error describes prior logged command/state; not future counterfactual target tracking or external force
20261007_174626_general32_high_watering_walk_A501_on,1119,FINAL_HOLD,764,10,14,right_ankle_pitch_joint,interior_target_change,,,1.0927224159240723,1.1854987144470215,0.09277629852294922,0.11624326556921005,0.15693284571170807,0.040689580142498016,1.1854984760284424,0.1569327414035797,0.14651994407176971,-0.050016642,-0.005653507,0.19653658607176971,5.468625546,5.61179547075791,held error describes prior logged command/state; not future counterfactual target tracking or external force
20261007_174626_general32_high_watering_walk_A501_on,1119,FINAL_HOLD,764,11,18,right_ankle_roll_joint,interior_target_change,,,0.2563069462776184,0.26289090514183044,0.006583958864212036,0.11241041123867035,0.11529798805713654,0.0028875768184661865,0.26289087533950806,0.11529797315597534,0.11590186506509781,0.076030135,0.00362458,0.03987173006509781,0.885449171,1.1298173633229163,held error describes prior logged command/state; not future counterfactual target tracking or external force
20261007_174626_general32_high_watering_walk_A501_on,1119,FINAL_HOLD,764,12,2,waist_yaw_joint,interior_target_change,,,0.1533603072166443,0.18488186597824097,0.03152155876159668,0.08397189527750015,0.1012314110994339,0.017259515821933746,0.18488210439682007,0.10123154520988464,0.0993027463555336,0.09197554,0.056567371,0.007327206355533605,-0.111860797,0.1497084677532629,held error describes prior logged command/state; not future counterfactual target tracking or external force
20261007_174626_general32_high_watering_walk_A501_on,1119,FINAL_HOLD,764,13,5,waist_roll_joint,interior_target_change,,,0.0162961408495903,0.06707146018743515,0.05077531933784485,0.007147117517888546,0.029416020959615707,0.022268902510404587,0.06707049906253815,0.02941560000181198,0.03577156737446785,0.061110545,-0.00863342,-0.025338977625532152,-0.931721032,-0.7065275499012366,held error describes prior logged command/state; not future counterfactual target tracking or external force
20261007_174626_general32_high_watering_walk_A501_on,1119,FINAL_HOLD,764,14,8,waist_pitch_joint,interior_target_change,,,-0.41074252128601074,-0.2663878798484802,0.14435464143753052,-0.1801423579454422,-0.11683168262243271,0.06331067532300949,-0.26638832688331604,-0.11683187633752823,-0.12204103171825409,0.013398859,-0.00396821,-0.1354398907182541,-3.771416903,-3.853005473966055,held error describes prior logged command/state; not future counterfactual target tracking or external force
20261007_174626_general32_high_watering_walk_A501_on,1119,FINAL_HOLD,764,15,11,left_shoulder_pitch_joint,interior_target_change,,,0.33103296160697937,0.29588583111763,-0.035147130489349365,0.3451835513114929,0.3297688066959381,-0.01541474461555481,0.29588615894317627,0.32976895570755005,0.3303849399089813,0.200699821,-0.118116528,0.12968511890898132,1.75,1.9552517209473814,held error describes prior logged command/state; not future counterfactual target tracking or external force
20261007_174626_general32_high_watering_walk_A501_on,1119,FINAL_HOLD,764,16,15,left_shoulder_roll_joint,interior_target_change,,,0.4053516387939453,0.42175644636154175,0.016404807567596436,0.377778023481369,0.38497281074523926,0.007194787263870239,0.4217563271522522,0.3849727511405945,0.3839281499385834,0.244741842,-0.03374758,0.1391863079385834,1.8125,2.014108142586952,held error describes prior logged command/state; not future counterfactual target tracking or external force
20261007_174626_general32_high_watering_walk_A501_on,1119,FINAL_HOLD,764,17,19,left_shoulder_yaw_joint,interior_target_change,,,-0.11661043018102646,-0.391476571559906,-0.27486614137887955,-0.05114268884062767,-0.17169274389743805,-0.12055005133152008,-0.3914763629436493,-0.1716926544904709,-0.1706945151090622,-0.130723923,-0.696427286,-0.0399705921090622,0.125,0.062208929856786166,held error describes prior logged command/state; not future counterfactual target tracking or external force
20261007_174626_general32_high_watering_walk_A501_on,1119,FINAL_HOLD,764,18,21,left_elbow_joint,interior_target_change,,,1.275040864944458,1.3674230575561523,0.09238219261169434,1.1592040061950684,1.1997207403182983,0.04051673412322998,1.3674230575561523,1.1997207403182983,1.199019193649292,1.12306571,0.509281635,0.07595348364929189,0.5,0.6203524969620868,held error describes prior logged command/state; not future counterfactual target tracking or external force
20261007_174626_general32_high_watering_walk_A501_on,1119,FINAL_HOLD,764,19,23,left_wrist_roll_joint,interior_target_change,,,0.18971669673919678,0.05000689625740051,-0.13970980048179626,0.0832054391503334,0.02193189039826393,-0.06127354875206947,0.05000664293766022,0.021931778639554977,0.0026917378418147564,0.034550522,-0.078233026,-0.031858784158185244,-0.5,-0.38303272414783845,held error describes prior logged command/state; not future counterfactual target tracking or external force
20261007_174626_general32_high_watering_walk_A501_on,1119,FINAL_HOLD,764,20,25,left_wrist_pitch_joint,interior_target_change,,,-1.290672779083252,-1.6614079475402832,-0.37073516845703125,-0.09615624696016312,-0.12377633899450302,-0.027620092034339905,-1.6614078283309937,-0.12377633154392242,-0.1128278449177742,-0.082067974,-0.349747628,-0.0307598709177742,-0.137500003,-0.1425192595588632,held error describes prior logged command/state; not future counterfactual target tracking or external force
20261007_174626_general32_high_watering_walk_A501_on,1119,FINAL_HOLD,764,21,27,left_wrist_yaw_joint,interior_target_change,,,1.1596107482910156,1.0231413841247559,-0.13646936416625977,0.08639200776815414,0.0762249231338501,-0.010167084634304047,1.0231409072875977,0.07622488588094711,0.07869696617126465,0.085231811,-0.055223312,-0.006534844828735356,-0.106250003,-0.05065746045707782,held error describes prior logged command/state; not future counterfactual target tracking or external force
20261007_174626_general32_high_watering_walk_A501_on,1119,FINAL_HOLD,764,22,12,right_shoulder_pitch_joint,interior_target_change,,,-0.24847935140132904,-0.48090335726737976,-0.23242400586605072,0.09102259576320648,-0.0109133031219244,-0.10193590074777603,-0.480903685092926,-0.010913446545600891,-0.006714208517223597,-0.009167932,-0.076699041,0.0024537234827764036,0.1875,0.10455021155730801,held error describes prior logged command/state; not future counterfactual target tracking or external force
20261007_174626_general32_high_watering_walk_A501_on,1119,FINAL_HOLD,764,23,16,right_shoulder_roll_joint,interior_target_change,,,-0.43111902475357056,-0.4909690022468567,-0.05984997749328613,-0.3890790343284607,-0.41532787680625916,-0.026248842477798462,-0.49096938967704773,-0.4153280258178711,-0.42234545946121216,-0.333485037,-0.023009712,-0.08886042246121217,-1.375,-1.2454414209509406,held error describes prior logged command/state; not future counterfactual target tracking or external force
20261007_174626_general32_high_watering_walk_A501_on,1119,FINAL_HOLD,764,24,20,right_shoulder_yaw_joint,interior_target_change,,,0.29719722270965576,0.3869730234146118,0.08977580070495605,0.130343958735466,0.16971759498119354,0.03937363624572754,0.3869728147983551,0.16971749067306519,0.16806188225746155,0.156837553,0.003067962,0.011224329257461557,0.3125,0.15717035658081246,held error describes prior logged command/state; not future counterfactual target tracking or external force
20261007_174626_general32_high_watering_walk_A501_on,1119,FINAL_HOLD,764,25,22,right_elbow_joint,interior_target_change,,,1.7262566089630127,1.5598280429840088,-0.1664285659790039,1.3570970296859741,1.2841051816940308,-0.07299184799194336,1.5598284006118774,1.2841053009033203,1.2838186025619507,1.27865696,-0.046019424,0.00516164256195073,0.1875,0.11530649469675985,held error describes prior logged command/state; not future counterfactual target tracking or external force
20261007_174626_general32_high_watering_walk_A501_on,1119,FINAL_HOLD,764,26,24,right_wrist_roll_joint,interior_target_change,,,-0.03974116966128349,0.15471449494361877,0.19445566460490227,-0.017429575324058533,0.06785427033901215,0.08528384566307068,0.15471431612968445,0.06785418838262558,0.06063074246048927,0.012271847,0.035281561,0.04835889546048927,0.5,0.657136136858573,held error describes prior logged command/state; not future counterfactual target tracking or external force
20261007_174626_general32_high_watering_walk_A501_on,1119,FINAL_HOLD,764,27,26,right_wrist_pitch_joint,interior_target_change,,,-2.479839324951172,-2.958212375640869,-0.47837305068969727,-0.18475018441677094,-0.22038939595222473,-0.035639211535453796,-2.9582114219665527,-0.22038932144641876,-0.2061457633972168,-0.160876244,-0.497009784,-0.045269519397216795,-0.224999994,-0.2286700856943158,held error describes prior logged command/state; not future counterfactual target tracking or external force
20261007_174626_general32_high_watering_walk_A501_on,1119,FINAL_HOLD,764,28,28,right_wrist_yaw_joint,interior_target_change,,,-0.9534405469894409,-0.9453167915344238,0.00812375545501709,-0.07103215157985687,-0.07042692601680756,0.0006052255630493164,-0.9453173279762268,-0.07042696326971054,-0.07196648418903351,-0.056038238,-0.13499032,-0.01592824618903351,-0.087499999,-0.12306058055164826,held error describes prior logged command/state; not future counterfactual target tracking or external force
20261007_174626_general32_high_watering_walk_A501_on,1150,FINAL_HOLD,764,0,0,left_hip_pitch_joint,interior_target_change,,,0.6136443614959717,0.5729061961174011,-0.04073816537857056,-0.09681856632232666,-0.11110386997461319,-0.01428530365228653,0.5729061961174011,-0.11110386997461319,-0.11189267784357071,-0.150210813,-0.013089971,0.03831813515642929,3.427734375,3.8798489432904764,held error describes prior logged command/state; not future counterfactual target tracking or external force
20261007_174626_general32_high_watering_walk_A501_on,1150,FINAL_HOLD,764,1,3,left_hip_roll_joint,interior_target_change,,,-0.3510845899581909,-0.3882858157157898,-0.03720122575759888,-0.12311183661222458,-0.1361568719148636,-0.013045035302639008,-0.3882855772972107,-0.13615678250789642,-0.13677926361560822,0.158826664,-0.077448986,-0.2956059276156082,-29.35546875,-28.80547209428778,held error describes prior logged command/state; not future counterfactual target tracking or external force
20261007_174626_general32_high_watering_walk_A501_on,1150,FINAL_HOLD,764,2,6,left_hip_yaw_joint,interior_target_change,,,-0.10659917443990707,-0.11899208277463913,-0.012392908334732056,-0.058368001133203506,-0.06515369564294815,-0.006785694509744644,-0.11899213492870331,-0.06515372544527054,-0.0649542585015297,-0.110965244,0.008570814,0.04601098549847031,1.957563996,1.826763110923195,held error describes prior logged command/state; not future counterfactual target tracking or external force
20261007_174626_general32_high_watering_walk_A501_on,1150,FINAL_HOLD,764,3,9,left_knee_joint,interior_target_change,,,-1.343801736831665,-1.2733736038208008,0.07042813301086426,0.1977805197238922,0.22247694432735443,0.02469642460346222,-1.2733732461929321,0.22247706353664398,0.22078897058963776,0.173314258,0.004363324,0.04747471258963776,4.306640625,4.67714198565499,held error describes prior logged command/state; not future counterfactual target tracking or external force
20261007_174626_general32_high_watering_walk_A501_on,1150,FINAL_HOLD,764,4,13,left_ankle_pitch_joint,interior_target_change,,,1.2578530311584473,1.3197271823883057,0.0618741512298584,0.18866580724716187,0.215802401304245,0.02713659405708313,1.3197269439697266,0.21580229699611664,0.21092773973941803,-0.138240635,-0.00386373,0.34916837473941803,9.773180008,9.958744097231218,held error describes prior logged command/state; not future counterfactual target tracking or external force
20261007_174626_general32_high_watering_walk_A501_on,1150,FINAL_HOLD,764,5,17,left_ankle_roll_joint,interior_target_change,,,-0.454201340675354,-0.4933148920536041,-0.03911355137825012,-0.19920240342617035,-0.21635672450065613,-0.01715432107448578,-0.49331504106521606,-0.2163567841053009,-0.21672901511192322,-0.14285858,-0.001061456,-0.0738704351119232,-2.335814476,-2.1034734519064977,held error describes prior logged command/state; not future counterfactual target tracking or external force
20261007_174626_general32_high_watering_walk_A501_on,1150,FINAL_HOLD,764,6,1,right_hip_pitch_joint,interior_target_change,,,0.7561463713645935,0.632984459400177,-0.1231619119644165,-0.0468486063182354,-0.09003674238920212,-0.04318813607096672,0.6329843997955322,-0.09003676474094391,-0.08995071053504944,-0.108818889,0.002181662,0.018868178464950563,2.109375,1.8560431299863347,held error describes prior logged command/state; not future counterfactual target tracking or external force
20261007_174626_general32_high_watering_walk_A501_on,1150,FINAL_HOLD,764,7,4,right_hip_roll_joint,interior_target_change,,,0.18667730689048767,0.2737477421760559,0.08707043528556824,0.06546054035425186,0.09599278122186661,0.030532240867614746,0.2737477123737335,0.09599277377128601,0.09714991599321365,-0.126357406,-0.030543264,0.22350732199321366,21.97265625,22.341915386371262,held error describes prior logged command/state; not future counterfactual target tracking or external force
20261007_174626_general32_high_watering_walk_A501_on,1150,FINAL_HOLD,764,8,7,right_hip_yaw_joint,interior_target_change,,,-0.9300886392593384,-0.9618542194366455,-0.03176558017730713,-0.50926673412323,-0.5266599059104919,-0.017393171787261963,-0.9618545174598694,-0.5266600251197815,-0.5274390578269958,-0.530104816,-0.01199914,0.0026657581730041846,0.335582376,0.13780060700683933,held error describes prior logged command/state; not future counterfactual target tracking or external force
20261007_174626_general32_high_watering_walk_A501_on,1150,FINAL_HOLD,764,9,10,right_knee_joint,interior_target_change,,,-1.2586634159088135,-1.3260130882263184,-0.06734967231750488,0.2276352345943451,0.20401830971240997,-0.02361692488193512,-1.3260130882263184,0.20401830971240997,0.20456929504871368,0.133149534,-0.021816617,0.07141976104871367,7.470703125,7.215222673054393,held error describes prior logged command/state; not future counterfactual target tracking or external force
20261007_174626_general32_high_watering_walk_A501_on,1150,FINAL_HOLD,764,10,14,right_ankle_pitch_joint,interior_target_change,,,1.1678438186645508,1.3142898082733154,0.14644598960876465,0.1491898000240326,0.21341769397258759,0.06422789394855499,1.314289927482605,0.21341773867607117,0.21421845257282257,-0.05093113,-0.001635679,0.26514958257282256,7.462833881,7.5600611975582845,held error describes prior logged command/state; not future counterfactual target tracking or external force
20261007_174626_general32_high_watering_walk_A501_on,1150,FINAL_HOLD,764,11,18,right_ankle_roll_joint,interior_target_change,,,0.260968953371048,0.28750115633010864,0.02653220295906067,0.11445505917072296,0.12609148025512695,0.011636421084403992,0.28750112652778625,0.12609146535396576,0.1260925531387329,0.077449396,-0.000833858,0.048643157138732906,1.112792969,1.3879035535316693,held error describes prior logged command/state; not future counterfactual target tracking or external force
20261007_174626_general32_high_watering_walk_A501_on,1150,FINAL_HOLD,764,12,2,waist_yaw_joint,interior_target_change,,,0.11651873588562012,0.14076927304267883,0.024250537157058716,0.0637994185090065,0.077077716588974,0.013278298079967499,0.14076942205429077,0.07707779854536057,0.07706645876169205,0.091453254,-0.013713301,-0.01438679523830795,-0.671164751,-0.5429733494320027,held error describes prior logged command/state; not future counterfactual target tracking or external force
20261007_174626_general32_high_watering_walk_A501_on,1150,FINAL_HOLD,764,13,5,waist_roll_joint,interior_target_change,,,0.01675955206155777,0.07879825681447983,0.06203870475292206,0.007350359112024307,0.03455912694334984,0.02720876783132553,0.07879801094532013,0.03455901890993118,0.03646761178970337,0.067770749,0.032990497,-0.031303137210296636,-1.206041455,-0.9520378650537997,held error describes prior logged command/state; not future counterfactual target tracking or external force
20261007_174626_general32_high_watering_walk_A501_on,1150,FINAL_HOLD,764,14,8,waist_pitch_joint,interior_target_change,,,-0.4874039888381958,-0.30264806747436523,0.18475592136383057,-0.21376432478427887,-0.13273458182811737,0.0810297429561615,-0.3026481866836548,-0.13273462653160095,-0.13236157596111298,0.012943135,-0.02091728,-0.14530471096111297,-4.005969524,-4.103411969750724,held error describes prior logged command/state; not future counterfactual target tracking or external force
20261007_174626_general32_high_watering_walk_A501_on,1150,FINAL_HOLD,764,15,11,left_shoulder_pitch_joint,interior_target_change,,,0.28511208295822144,0.2045007050037384,-0.08061137795448303,0.3250436782836914,0.2896893620491028,-0.03535431623458862,0.20450063049793243,0.2896893322467804,0.289225310087204,0.198099241,-0.001533981,0.09112606908720397,1.0625,1.2999948958317618,held error describes prior logged command/state; not future counterfactual target tracking or external force
20261007_174626_general32_high_watering_walk_A501_on,1150,FINAL_HOLD,764,16,15,left_shoulder_roll_joint,interior_target_change,,,0.3986623287200928,0.4036271870136261,0.004964858293533325,0.3748442530632019,0.3770217299461365,0.0021774768829345703,0.40362727642059326,0.37702175974845886,0.37591367959976196,0.244717881,-0.013805828,0.13119579859976196,1.6875,1.8821467950017379,held error describes prior logged command/state; not future counterfactual target tracking or external force
20261007_174626_general32_high_watering_walk_A501_on,1150,FINAL_HOLD,764,17,19,left_shoulder_yaw_joint,interior_target_change,,,-0.07293649017810822,-0.2822698950767517,-0.2093334048986435,-0.03198828920722008,-0.12379717081785202,-0.09180888533592224,-0.28226953744888306,-0.12379701435565948,-0.12408334016799927,-0.16100806,0.003067962,0.03692471983200074,0.625,0.5234169271689713,held error describes prior logged command/state; not future counterfactual target tracking or external force
20261007_174626_general32_high_watering_walk_A501_on,1150,FINAL_HOLD,764,18,21,left_elbow_joint,interior_target_change,,,1.2847545146942139,1.3553133010864258,0.07055878639221191,1.1634641885757446,1.1944096088409424,0.030945420265197754,1.3553133010864258,1.1944096088409424,1.1939674615859985,1.171002626,-0.006135923,0.0229648355859986,0.1875,0.33282985809224797,held error describes prior logged command/state; not future counterfactual target tracking or external force
20261007_174626_general32_high_watering_walk_A501_on,1150,FINAL_HOLD,764,19,23,left_wrist_roll_joint,interior_target_change,,,0.21593111753463745,0.14039206504821777,-0.07553905248641968,0.09470248967409134,0.06157277524471283,-0.03312971442937851,0.1403917521238327,0.061572637408971786,0.060562606900930405,0.047038086,0.001533981,0.013524520900930405,0.0,0.19134118258380717,held error describes prior logged command/state; not future counterfactual target tracking or external force
20261007_174626_general32_high_watering_walk_A501_on,1150,FINAL_HOLD,764,20,25,left_wrist_pitch_joint,interior_target_change,,,-2.5997395515441895,-2.9712209701538086,-0.37148141860961914,-0.19368286430835724,-0.2213585525751114,-0.02767568826675415,-2.971221446990967,-0.22135858237743378,-0.22220124304294586,-0.211881101,0.006135923,-0.010320142042945873,-0.200000003,-0.17970876135771593,held error describes prior logged command/state; not future counterfactual target tracking or external force
20261007_174626_general32_high_watering_walk_A501_on,1150,FINAL_HOLD,764,21,27,left_wrist_yaw_joint,interior_target_change,,,0.6232534050941467,0.4443990886211395,-0.1788543164730072,0.046432919800281525,0.033108118921518326,-0.013324800878763199,0.44439876079559326,0.03310809284448624,0.034630872309207916,0.045348309,-0.116582543,-0.010717436690792087,-0.09375,-0.055294019755256524,held error describes prior logged command/state; not future counterfactual target tracking or external force
20261007_174626_general32_high_watering_walk_A501_on,1150,FINAL_HOLD,764,22,12,right_shoulder_pitch_joint,interior_target_change,,,-0.21584127843379974,-0.4207029938697815,-0.20486171543598175,0.10533691197633743,0.015489211305975914,-0.08984769880771637,-0.4207032322883606,0.015489106066524982,0.015136239118874073,-0.019030949,0.010737866,0.03416718811887407,0.5625,0.4771620707093062,held error describes prior logged command/state; not future counterfactual target tracking or external force
20261007_174626_general32_high_watering_walk_A501_on,1150,FINAL_HOLD,764,23,16,right_shoulder_roll_joint,interior_target_change,,,-0.4785687327384949,-0.46696174144744873,0.011606991291046143,-0.4098894000053406,-0.40479883551597595,0.005090564489364624,-0.4669618010520935,-0.40479886531829834,-0.4038776159286499,-0.331291914,0.015339809,-0.07258570192864988,-1.1875,-1.0483080806808007,held error describes prior logged command/state; not future counterfactual target tracking or external force
20261007_174626_general32_high_watering_walk_A501_on,1150,FINAL_HOLD,764,24,20,right_shoulder_yaw_joint,interior_target_change,,,0.24369598925113678,0.30905771255493164,0.06536172330379486,0.10687953233718872,0.13554570078849792,0.028666168451309204,0.3090580105781555,0.13554583489894867,0.13551443815231323,0.154488653,0.027611656,-0.01897421484768677,-0.0625,-0.2954443034783636,held error describes prior logged command/state; not future counterfactual target tracking or external force
20261007_174626_general32_high_watering_walk_A501_on,1150,FINAL_HOLD,764,25,22,right_elbow_joint,interior_target_change,,,1.6756519079208374,1.579155683517456,-0.09649622440338135,1.3349028825759888,1.2925819158554077,-0.042320966720581055,1.579155445098877,1.2925817966461182,1.2924586534500122,1.278752804,-0.009203885,0.013705849450012186,0.3125,0.20366686490856567,held error describes prior logged command/state; not future counterfactual target tracking or external force
20261007_174626_general32_high_watering_walk_A501_on,1150,FINAL_HOLD,764,26,24,right_wrist_roll_joint,interior_target_change,,,-0.08512808382511139,-0.01740226149559021,0.06772582232952118,-0.03733524680137634,-0.0076322369277477264,0.029703009873628616,-0.017402302473783493,-0.0076322550885379314,-0.007823733612895012,0.006926882,-0.004601942,-0.01475061561289501,-0.3125,-0.2060304714046604,held error describes prior logged command/state; not future counterfactual target tracking or external force
20261007_174626_general32_high_watering_walk_A501_on,1150,FINAL_HOLD,764,27,26,right_wrist_pitch_joint,residual_moves_to_boundary,,,-2.7433156967163086,-3.0,-0.2566843032836914,-0.20437940955162048,-0.22350260615348816,-0.019123196601867676,-3.0,-0.22350260615348816,-0.22350260615348816,-0.216483042,0.0,-0.0070195641534881725,-0.087499999,-0.11777654937639184,held error describes prior logged command/state; not future counterfactual target tracking or external force
20261007_174626_general32_high_watering_walk_A501_on,1150,FINAL_HOLD,764,28,28,right_wrist_yaw_joint,interior_target_change,,,-0.8708547353744507,-0.8769925832748413,-0.006137847900390625,-0.06487943232059479,-0.06533671170473099,-0.00045727938413619995,-0.8769924640655518,-0.06533670425415039,-0.0668843686580658,-0.077897467,0.01840777,0.011013098341934202,0.1875,0.1651192733064554,held error describes prior logged command/state; not future counterfactual target tracking or external force
20261007_174626_general32_high_watering_walk_A501_on,1816,FINAL_HOLD,764,0,0,left_hip_pitch_joint,interior_target_change,,,0.549139142036438,0.5055054426193237,-0.04363369941711426,-0.1194380596280098,-0.1347387135028839,-0.015300653874874115,0.505505383014679,-0.1347387433052063,-0.13483081758022308,-0.13920024,-0.002181662,0.004369422419776919,0.0,0.4467665607344214,held error describes prior logged command/state; not future counterfactual target tracking or external force
20261007_174626_general32_high_watering_walk_A501_on,1816,FINAL_HOLD,764,1,3,left_hip_roll_joint,interior_target_change,,,-0.24664489924907684,-0.22512832283973694,0.021516576409339905,-0.08648886531591415,-0.07894382625818253,0.007545039057731628,-0.22512805461883545,-0.07894373685121536,-0.07876373082399368,0.15879257,-0.055632371,-0.23755630082399368,-23.642578125,-23.1904820985488,held error describes prior logged command/state; not future counterfactual target tracking or external force
20261007_174626_general32_high_watering_walk_A501_on,1816,FINAL_HOLD,764,2,6,left_hip_yaw_joint,interior_target_change,,,-0.08087131381034851,-0.08920936286449432,-0.008338049054145813,-0.044280800968408585,-0.04884627088904381,-0.004565469920635223,-0.0892094224691391,-0.048846304416656494,-0.04866509884595871,-0.110858113,0.001714163,0.062193014154041285,2.628728628,2.4944832383032627,held error describes prior logged command/state; not future counterfactual target tracking or external force
20261007_174626_general32_high_watering_walk_A501_on,1816,FINAL_HOLD,764,3,9,left_knee_joint,interior_target_change,,,-1.4546442031860352,-1.457087755203247,-0.002443552017211914,0.15891233086585999,0.15805546939373016,-0.0008568614721298218,-1.4570879936218262,0.1580553948879242,0.1579136848449707,0.17260693,-0.003272493,-0.014693245155029289,-1.7578125,-1.4354319704857688,held error describes prior logged command/state; not future counterfactual target tracking or external force
20261007_174626_general32_high_watering_walk_A501_on,1816,FINAL_HOLD,764,4,13,left_ankle_pitch_joint,interior_target_change,,,0.8141674995422363,0.8236938714981079,0.009526371955871582,-0.005924604833126068,-0.0017465543933212757,0.004178050439804792,0.8236933350563049,-0.001746789668686688,-0.000787458207923919,-0.13722308,0.0,0.13643562179207608,3.773695707,3.888585151457908,held error describes prior logged command/state; not future counterfactual target tracking or external force
20261007_174626_general32_high_watering_walk_A501_on,1816,FINAL_HOLD,764,5,17,left_ankle_roll_joint,interior_target_change,,,-0.42322540283203125,-0.4612974524497986,-0.038072049617767334,-0.18561705946922302,-0.2023146003484726,-0.016697540879249573,-0.46129754185676575,-0.20231463015079498,-0.20220541954040527,-0.14218998,0.0,-0.06001543954040528,-1.904055595,-1.710514776050911,held error describes prior logged command/state; not future counterfactual target tracking or external force
20261007_174626_general32_high_watering_walk_A501_on,1816,FINAL_HOLD,764,6,1,right_hip_pitch_joint,interior_target_change,,,0.7372193336486816,0.5747628211975098,-0.16245651245117188,-0.05348558723926544,-0.11045282334089279,-0.05696723610162735,0.5747630596160889,-0.11045274138450623,-0.11050838232040405,-0.101668835,0.006544985,-0.008839547320404054,-0.52734375,-0.9172762454165786,held error describes prior logged command/state; not future counterfactual target tracking or external force
20261007_174626_general32_high_watering_walk_A501_on,1816,FINAL_HOLD,764,7,4,right_hip_roll_joint,interior_target_change,,,0.07308311760425568,0.12963160872459412,0.05654849112033844,0.025627432391047478,0.04545681178569794,0.01982937939465046,0.12963137030601501,0.04545672610402107,0.0453895702958107,-0.128036261,-0.015271632,0.1734258312958107,16.69921875,17.282572748340794,held error describes prior logged command/state; not future counterfactual target tracking or external force
20261007_174626_general32_high_watering_walk_A501_on,1816,FINAL_HOLD,764,8,7,right_hip_yaw_joint,interior_target_change,,,-0.971240758895874,-1.0024170875549316,-0.031176328659057617,-0.5317994356155396,-0.5488699078559875,-0.017070472240447998,-1.0024170875549316,-0.5488699078559875,-0.5488513112068176,-0.526542544,0.006856651,-0.022308767206817626,-0.671164751,-0.9138878099083302,held error describes prior logged command/state; not future counterfactual target tracking or external force
20261007_174626_general32_high_watering_walk_A501_on,1816,FINAL_HOLD,764,9,10,right_knee_joint,interior_target_change,,,-1.3586753606796265,-1.4275240898132324,-0.06884872913360596,0.19256490468978882,0.16842231154441833,-0.024142593145370483,-1.4275240898132324,0.16842231154441833,0.16862237453460693,0.13660951,-0.005454154,0.032012864534606944,3.427734375,3.2068336891044438,held error describes prior logged command/state; not future counterfactual target tracking or external force
20261007_174626_general32_high_watering_walk_A501_on,1816,FINAL_HOLD,764,10,14,right_ankle_pitch_joint,interior_target_change,,,0.9215669631958008,0.9915956258773804,0.07002866268157959,0.04117836430668831,0.07189134508371353,0.030712980777025223,0.9915949702262878,0.07189106196165085,0.07268303632736206,-0.047892716,-0.000472047,0.12057575232736206,3.30655694,3.4374156219328453,held error describes prior logged command/state; not future counterfactual target tracking or external force
20261007_174626_general32_high_watering_walk_A501_on,1816,FINAL_HOLD,764,11,18,right_ankle_roll_joint,interior_target_change,,,0.2437407672405243,0.2540401518344879,0.010299384593963623,0.10689917206764221,0.11141625046730042,0.004517078399658203,0.25404003262519836,0.11141619831323624,0.11139307171106339,0.073170975,-0.002606719,0.038222096711063386,0.872400343,1.094107112004786,held error describes prior logged command/state; not future counterfactual target tracking or external force
20261007_174626_general32_high_watering_walk_A501_on,1816,FINAL_HOLD,764,12,2,waist_yaw_joint,interior_target_change,,,0.14515861868858337,0.1480327546596527,0.002874135971069336,0.0794810876250267,0.08105481415987015,0.0015737265348434448,0.14803257584571838,0.08105471730232239,0.0814717710018158,0.091613956,0.006856651,-0.0101421849981842,-0.615234375,-0.4250438154180697,held error describes prior logged command/state; not future counterfactual target tracking or external force
20261007_174626_general32_high_watering_walk_A501_on,1816,FINAL_HOLD,764,13,5,waist_roll_joint,interior_target_change,,,-0.10917004942893982,-0.1068570613861084,0.002312988042831421,-0.04787950590252876,-0.046865083277225494,0.0010144226253032684,-0.10685719549655914,-0.04686514288187027,-0.04614993557333946,0.057164099,0.004852497,-0.10331403457333946,-3.112653494,-2.9533832553125228,held error describes prior logged command/state; not future counterfactual target tracking or external force
20261007_174626_general32_high_watering_walk_A501_on,1816,FINAL_HOLD,764,14,8,waist_pitch_joint,interior_target_change,,,-0.062221795320510864,0.1904304027557373,0.25265219807624817,-0.027289068326354027,0.08351845294237137,0.11080752313137054,0.19043026864528656,0.08351839333772659,0.08331254124641418,0.013317307,-0.003220728,0.06999523424641418,2.008074522,2.0007951911731223,held error describes prior logged command/state; not future counterfactual target tracking or external force
20261007_174626_general32_high_watering_walk_A501_on,1816,FINAL_HOLD,764,15,11,left_shoulder_pitch_joint,interior_target_change,,,0.179266095161438,-0.0011289119720458984,-0.1803950071334839,0.278622031211853,0.19950488209724426,-0.07911714911460876,-0.0011288110399618745,0.19950492680072784,0.20009174942970276,0.14146179,0.009203885,0.058629959429702755,0.6875,0.8271634587037867,held error describes prior logged command/state; not future counterfactual target tracking or external force
20261007_174626_general32_high_watering_walk_A501_on,1816,FINAL_HOLD,764,16,15,left_shoulder_roll_joint,interior_target_change,,,0.3962171673774719,0.43108633160591125,0.03486916422843933,0.3737718462944031,0.3890646994113922,0.015292853116989136,0.4310862421989441,0.38906463980674744,0.38867104053497314,0.244310409,0.001533981,0.14436063153497314,1.875,2.0558372372189715,held error describes prior logged command/state; not future counterfactual target tracking or external force
20261007_174626_general32_high_watering_walk_A501_on,1816,FINAL_HOLD,764,17,19,left_shoulder_yaw_joint,interior_target_change,,,-0.06195764243602753,-0.252630352973938,-0.19067271053791046,-0.02717321552336216,-0.1107979416847229,-0.08362472802400589,-0.25262999534606934,-0.11079778522253036,-0.11009641736745834,-0.152523234,0.001533981,0.042426816632541664,0.75,0.6032168956445298,held error describes prior logged command/state; not future counterfactual target tracking or external force
20261007_174626_general32_high_watering_walk_A501_on,1816,FINAL_HOLD,764,18,21,left_elbow_joint,interior_target_change,,,1.5169248580932617,1.5628917217254639,0.04596686363220215,1.2652888298034668,1.2854489088058472,0.02016007900238037,1.5628916025161743,1.2854487895965576,1.2853275537490845,1.250685692,-0.010737866,0.03464186174908446,0.3125,0.5034097406987106,held error describes prior logged command/state; not future counterfactual target tracking or external force
20261007_174626_general32_high_watering_walk_A501_on,1816,FINAL_HOLD,764,19,23,left_wrist_roll_joint,interior_target_change,,,0.2539445757865906,0.14377492666244507,-0.11016964912414551,0.11137433350086212,0.06305642426013947,-0.048317909240722656,0.1437751203775406,0.06305650621652603,0.0634206160902977,0.048488174,-0.006135923,0.014932442090297697,0.0625,0.2183632486108535,held error describes prior logged command/state; not future counterfactual target tracking or external force
20261007_174626_general32_high_watering_walk_A501_on,1816,FINAL_HOLD,764,20,25,left_wrist_pitch_joint,residual_moves_to_boundary,,,-2.6395344734191895,-3.0,-0.36046552658081055,-0.19664761424064636,-0.22350260615348816,-0.026854991912841797,-3.0,-0.22350260615348816,-0.22350260615348816,-0.211905077,0.006135923,-0.011597529153488162,-0.212500006,-0.20114118120714355,held error describes prior logged command/state; not future counterfactual target tracking or external force
20261007_174626_general32_high_watering_walk_A501_on,1816,FINAL_HOLD,764,21,27,left_wrist_yaw_joint,interior_target_change,,,-0.24510347843170166,-0.43299996852874756,-0.1878964900970459,-0.018260423094034195,-0.03225887566804886,-0.013998452574014664,-0.4329995810985565,-0.03225884586572647,-0.03277676925063133,-0.039380163,-0.012271847,0.00660339374936867,0.087499999,0.12390197443297891,held error describes prior logged command/state; not future counterfactual target tracking or external force
20261007_174626_general32_high_watering_walk_A501_on,1816,FINAL_HOLD,764,22,12,right_shoulder_pitch_joint,interior_target_change,,,-0.37410616874694824,-0.5974942445755005,-0.22338807582855225,0.035925522446632385,-0.06204742193222046,-0.09797294437885284,-0.5974944233894348,-0.06204750016331673,-0.06162890046834946,-0.043119241,0.003067962,-0.018509659468349454,-0.0625,-0.26655749958351044,held error describes prior logged command/state; not future counterfactual target tracking or external force
20261007_174626_general32_high_watering_walk_A501_on,1816,FINAL_HOLD,764,23,16,right_shoulder_roll_joint,interior_target_change,,,-0.5469411611557007,-0.5590654015541077,-0.012124240398406982,-0.439875990152359,-0.44519340991973877,-0.005317419767379761,-0.5590658187866211,-0.4451935887336731,-0.4456497132778168,-0.3154248,-0.006135923,-0.13022491327781677,-2.0,-1.8502194620303762,held error describes prior logged command/state; not future counterfactual target tracking or external force
20261007_174626_general32_high_watering_walk_A501_on,1816,FINAL_HOLD,764,24,20,right_shoulder_yaw_joint,interior_target_change,,,0.1824822723865509,0.27481940388679504,0.09233713150024414,0.0800325870513916,0.12052955478429794,0.04049696773290634,0.27481934428215027,0.12052953243255615,0.11996450275182724,0.152834818,0.015339809,-0.03287031524817277,-0.25,-0.48233908775361095,held error describes prior logged command/state; not future counterfactual target tracking or external force
20261007_174626_general32_high_watering_walk_A501_on,1816,FINAL_HOLD,764,25,22,right_elbow_joint,interior_target_change,,,1.7647711038589478,1.6277849674224854,-0.1369861364364624,1.3739886283874512,1.3139095306396484,-0.060079097747802734,1.6277848482131958,1.3139095306396484,1.314030647277832,1.316275358,-0.009203885,-0.0022447107221679197,0.125,-0.023638550745639055,held error describes prior logged command/state; not future counterfactual target tracking or external force
20261007_174626_general32_high_watering_walk_A501_on,1816,FINAL_HOLD,764,26,24,right_wrist_roll_joint,interior_target_change,,,-0.21570605039596558,-0.2251841127872467,-0.009478062391281128,-0.0946037769317627,-0.09876064211130142,-0.004156865179538727,-0.22518393397331238,-0.09876056760549545,-0.09932886809110641,-0.078844219,-0.001533981,-0.02048464909110642,-0.4375,-0.29052734370897293,held error describes prior logged command/state; not future counterfactual target tracking or external force
20261007_174626_general32_high_watering_walk_A501_on,1816,FINAL_HOLD,764,27,26,right_wrist_pitch_joint,residual_moves_to_boundary,,,-2.7349319458007812,-3.0,-0.26506805419921875,-0.20375481247901917,-0.22350260615348816,-0.019747793674468994,-3.0,-0.22350260615348816,-0.22350260615348816,-0.21667479,-0.006135923,-0.006827816153488153,-0.087499999,-0.10800530479595241,held error describes prior logged command/state; not future counterfactual target tracking or external force
20261007_174626_general32_high_watering_walk_A501_on,1816,FINAL_HOLD,764,28,28,right_wrist_yaw_joint,interior_target_change,,,1.5970430374145508,1.8164780139923096,0.2194349765777588,0.11898109316825867,0.13532918691635132,0.01634809374809265,1.8164777755737305,0.13532917201519012,0.13563448190689087,0.143379271,0.0,-0.0077447890931091334,-0.106250003,-0.12994461124499299,held error describes prior logged command/state; not future counterfactual target tracking or external force
