run_id,profile,mode,phase,hardware_index,isaaclab_index,joint,state_n,raw_n,raw_positive_3,raw_negative_3,raw_clip_fraction,held_target_rad_min,held_target_rad_max,held_target_rad_std,actual_q_rad_min,actual_q_rad_max,actual_q_rad_std,abs_held_target_error_rad_p50,abs_held_target_error_rad_p95,abs_held_target_error_rad_max,actual_abs_dq_rad_s_p95,actual_abs_dq_rad_s_max,signed_tau_est_Nm_min,signed_tau_est_Nm_max,abs_tau_est_Nm_p95,abs_tau_est_Nm_max,nominal_pd_demand_Nm_min,nominal_pd_demand_Nm_max,abs_pd_minus_tau_est_Nm_p50,abs_pd_minus_tau_est_Nm_p95
20261007_141649_general32_onehand_A508_on,general32_onehand_A508,on,CONTROL_PREPLAY,0,0,left_hip_pitch_joint,617,617,0,0,0.0,-0.46481913328170776,0.08890663087368011,0.03473803325158656,-0.437925935,-0.154454827,0.021955635513417292,0.06582364485826112,0.09882972993093228,0.4838555608736801,0.151625484,3.388120651,-29.70703125,37.880859375,10.441406249999947,37.880859375,-30.500668708570736,38.102174955820836,0.3683849573492104,0.5037278156647311
20261007_141649_general32_onehand_A508_on,general32_onehand_A508,on,CONTROL_PREPLAY,1,3,left_hip_roll_joint,617,617,0,0,0.0,-0.12467368692159653,0.7654179930686951,0.0813532551842236,0.024722656,0.124354705,0.009023074541601828,0.17382168447195434,0.17658488104260253,0.7095725720686951,0.0630500209999997,2.212204933,-18.017578125,67.412109375,17.75390625,67.412109375,-17.869962530787674,67.89511947837137,0.1959091697795614,0.34976350721539473
20261007_141649_general32_onehand_A508_on,general32_onehand_A508,on,CONTROL_PREPLAY,2,6,left_hip_yaw_joint,617,617,0,0,0.0,-1.1975252628326416,0.2563683092594147,0.12544790146158774,-0.035167117,0.117768332,0.00918479307792289,0.19059459463769532,0.2159792420118866,1.1671658348326417,0.094278947,3.397470713,-48.771308899,8.948863983,8.781072617,48.771308899,-49.04430626335238,8.778904137366997,0.1384674944224047,0.2664552985305493
20261007_141649_general32_onehand_A508_on,general32_onehand_A508,on,CONTROL_PREPLAY,3,9,left_knee_joint,617,617,0,0,0.0,0.05883315950632095,0.8892673254013062,0.054933591749452525,0.101822235,0.821497858,0.08363277172853395,0.06348054895100402,0.09292287530477598,0.703171812493679,0.18129608339999956,4.528038979,-55.458984375,15.556640625,8.542968749999934,55.458984375,-54.99308903095436,16.208756716934314,0.39713424575591727,0.5482227647403453
20261007_141649_general32_onehand_A508_on,general32_onehand_A508,on,CONTROL_PREPLAY,4,13,left_ankle_pitch_joint,617,617,0,0,0.0,-0.5742519497871399,0.8468360304832458,0.1009724198800883,-0.454547226,0.056995329,0.06053139498781038,0.16764977214473725,0.32967604880426676,1.2139685754832459,0.07168799159999963,2.507587671,-0.083511889,25.453269958,8.034826087799864,25.453269958,-1.2943758770596623,30.206909889177204,0.11510672598114535,0.27170019586115396
20261007_141649_general32_onehand_A508_on,general32_onehand_A508,on,CONTROL_PREPLAY,5,17,left_ankle_roll_joint,617,617,0,0,0.0,-0.13162221014499664,0.23667922616004944,0.031161579496671435,-0.10586004,-0.054652344,0.007823930039621386,0.055641200459220885,0.05836328416362076,0.31751500116004944,0.054489939799999706,1.341199279,-2.312531948,8.922897339,1.944644094,8.922897339,-2.164976728449071,9.541463799983504,0.26175385907246707,0.32256495920307926
20261007_141649_general32_onehand_A508_on,general32_onehand_A508,on,CONTROL_PREPLAY,6,1,right_hip_pitch_joint,617,617,0,0,0.0,-0.515616238117218,0.09219261258840561,0.06462868914145108,-0.270261854,0.000255663,0.03260092216624451,0.05708747767776489,0.07676310912823703,0.30907425311721803,0.1372265157999997,3.516838789,-25.3125,20.830078125,7.664062499999994,25.3125,-26.39826181495848,20.13251832009866,0.2480490491185181,0.3974670682473183
20261007_141649_general32_onehand_A508_on,general32_onehand_A508,on,CONTROL_PREPLAY,7,4,right_hip_roll_joint,617,617,0,0,0.0,-0.6081815361976624,0.04762190952897072,0.07790378095310496,-0.191338539,-0.018867964,0.009426656660926,0.1481473781591892,0.15283206578859365,0.4794123771976624,0.053450711,2.510001898,-46.40625,15.205078125,14.677734375,46.40625,-46.03488460210866,15.72279666349438,0.40497493678828533,0.5390268774322248
20261007_141649_general32_onehand_A508_on,general32_onehand_A508,on,CONTROL_PREPLAY,8,7,right_hip_yaw_joint,617,617,0,0,0.0,-0.5334184169769287,0.35368162393569946,0.09547516706167061,-0.453918308,0.042720146,0.06575544959793096,0.0682415668635864,0.07211181518486938,0.35023990693569945,0.06959500639999965,3.507176876,-2.908380747,12.696200371,2.695845126999996,12.696200371,-3.194412016564493,12.48951762188296,0.23795968149491964,0.3215701431494974
20261007_141649_general32_onehand_A508_on,general32_onehand_A508,on,CONTROL_PREPLAY,9,10,right_knee_joint,617,617,0,0,0.0,-0.002710823668166995,0.8817970752716064,0.0694337759006399,0.201147497,0.8551687,0.08547876641899929,0.06357219840837097,0.09816581028980403,0.5752874651697483,0.1915498941999968,3.726278067,-36.5625,11.513671875,10.124999999999995,36.5625,-36.771286359493345,11.577673486967273,0.2581385415771269,0.3753740649739148
20261007_141649_general32_onehand_A508_on,general32_onehand_A508,on,CONTROL_PREPLAY,10,14,right_ankle_pitch_joint,617,617,0,0,0.0,-0.5245020389556885,0.8707776665687561,0.13830943988834848,-0.69285953,-0.202332318,0.058196660286710944,0.4387294351955795,0.60853604344425,1.104337975484314,0.1769863067999991,4.310294151,-5.061509132,30.517799377,17.203067398199995,30.517799377,-0.16448325743515557,31.125792902256894,0.15584753122106498,0.5398378521653678
20261007_141649_general32_onehand_A508_on,general32_onehand_A508,on,CONTROL_PREPLAY,11,18,right_ankle_roll_joint,617,617,0,0,0.0,-0.08509890735149384,0.15783315896987915,0.03553812110491364,-0.064329676,0.05876337,0.014435663967087856,0.09433466605594634,0.09745858930769806,0.09910549996987915,0.05032510239999958,1.007617474,-3.236121178,2.649592161,2.531576872,3.236121178,-3.448642428853698,2.8396031525915286,0.27960156967837424,0.34034246186978523
20261007_141649_general32_onehand_A508_on,general32_onehand_A508,on,CONTROL_PREPLAY,12,2,waist_yaw_joint,617,617,0,0,0.0,-0.37311163544654846,0.4545094966888428,0.08397848957005119,-0.17704086,0.405426264,0.08367551332526472,0.0240592355796051,0.04080459887150722,0.5718961507418518,0.3006641449999986,3.993999243,-7.830255985,18.121448517,1.017933225999996,18.121448517,-7.720550675866753,18.31309518125758,0.22322459583255372,0.31610135118397586
20261007_141649_general32_onehand_A508_on,general32_onehand_A508,on,CONTROL_PREPLAY,13,5,waist_roll_joint,617,617,0,0,0.0,-0.2886066138744354,0.17461217939853668,0.02977991536539235,-0.126114324,-0.037830815,0.013825285066655438,0.034732559263121125,0.06526188482491886,0.2650064377737503,0.1471151473999999,1.330195427,-6.391304016,6.032297134,1.5445687535999986,6.391304016,-6.0372103741985645,5.58369961720153,0.260697511798361,0.3288617536557762
20261007_141649_general32_onehand_A508_on,general32_onehand_A508,on,CONTROL_PREPLAY,14,8,waist_pitch_joint,617,617,0,0,0.0,-0.5426700711250305,0.5515978932380676,0.09362731931293652,-0.123880021,0.075064383,0.021795802089680967,0.3624594951805878,0.37353794394773254,0.5204499572380676,0.08823579079999981,1.446234822,-14.23164463,13.799147606,10.49634552,14.23164463,-14.266265076198723,14.236251313703406,0.16660941075799407,0.25655640218433
20261007_141649_general32_onehand_A508_on,general32_onehand_A508,on,CONTROL_PREPLAY,15,11,left_shoulder_pitch_joint,617,617,0,0,0.0,-0.4289815127849579,0.7806165814399719,0.14799826654213336,-0.32061398,0.292187393,0.10671808594246483,0.09820762285032653,0.1207405921764495,0.5252057167711487,0.4393321153999993,2.432893515,-4.3125,6.375,1.75,6.375,-4.304655915128537,6.378136887596823,0.1104954546906054,0.17961323302354648
20261007_141649_general32_onehand_A508_on,general32_onehand_A508,on,CONTROL_PREPLAY,16,15,left_shoulder_roll_joint,617,617,0,0,0.0,-0.15025030076503754,0.9424204230308533,0.06727980055760947,0.084033385,0.558980227,0.04235755816775946,0.10745894903324887,0.11370582555063781,0.5418471844167786,0.3043417987999977,3.652408361,-5.25,6.3125,1.5625,6.3125,-5.375140304493128,6.4761099429596065,0.19280297185281414,0.24237909532933188
20261007_141649_general32_onehand_A508_on,general32_onehand_A508,on,CONTROL_PREPLAY,17,19,left_shoulder_yaw_joint,617,617,0,0,0.0,-0.8587480783462524,0.024879055097699165,0.11338680986862226,-0.839459002,0.022134865,0.12508284058699976,0.012324034715270993,0.0266757071348816,0.2610300477134705,0.5065204621999988,3.822680235,-1.5625,1.8125,0.25,1.8125,-1.6685375920183767,1.7823635449366344,0.13730503115534545,0.19991612392781366
20261007_141649_general32_onehand_A508_on,general32_onehand_A508,on,CONTROL_PREPLAY,18,21,left_elbow_joint,617,617,0,0,0.0,0.4729509949684143,1.2765955924987793,0.09504687473929149,0.69748193,1.24923563,0.09770539374296258,0.0029959675447999157,0.0572773933399048,0.3378657100315857,0.6129787685999981,1.969631433,-4.0625,4.3125,0.375,4.3125,-3.7933164515227107,4.519180153394315,0.1127067621809786,0.16744566692402368
20261007_141649_general32_onehand_A508_on,general32_onehand_A508,on,CONTROL_PREPLAY,19,23,left_wrist_roll_joint,617,617,0,0,0.0,0.0,0.6168354153633118,0.04782838504008671,-0.027995151,0.586519957,0.0586577394685172,0.0017954107679748477,0.02929130749910274,0.2191934584137573,0.29084277779999707,4.017495632,-0.5,0.625,0.3125,0.625,-0.5686757346860025,0.7877809291086914,0.12095157337355676,0.178888937355488
20261007_141649_general32_onehand_A508_on,general32_onehand_A508,on,CONTROL_PREPLAY,20,25,left_wrist_pitch_joint,617,617,0,592,0.9594813614262561,-0.22350260615348816,0.0636066421866417,0.0385806383793032,-0.212192699,0.034562506,0.037522012865792036,0.011489674153488172,0.011664649553488147,0.07296990618663787,0.06258641919999748,1.398990512,-0.337500006,1.5625,0.231250003,1.5625,-0.29436560589038197,1.5457365868333268,0.019722485107266013,0.03978661295393357
20261007_141649_general32_onehand_A508_on,general32_onehand_A508,on,CONTROL_PREPLAY,21,27,left_wrist_yaw_joint,617,617,571,0,0.9254457050243112,-0.021151971071958542,0.22350260615348816,0.04559609495875353,-0.004218447,0.213067546,0.045357440426445954,0.010471016153488166,0.014498160392503345,0.04479688381420899,0.122718468,0.674951553,-0.212500006,0.193749994,0.15625,0.212500006,-0.1784710624065337,0.3254637000372297,0.029049540428932263,0.04524523563178612
20261007_141649_general32_onehand_A508_on,general32_onehand_A508,on,CONTROL_PREPLAY,22,12,right_shoulder_pitch_joint,617,617,0,611,0.9902755267423015,-1.115731954574585,0.20000000298023224,0.08394466010505404,-1.022146583,0.229090452,0.1050887028029747,0.289910972574585,0.295903086574585,1.1918078135745849,0.11504856599999842,9.220758438,-13.75,8.25,4.0,13.75,-13.447789181749362,9.208082996757742,0.19813529001847208,0.2499553294146044
20261007_141649_general32_onehand_A508_on,general32_onehand_A508,on,CONTROL_PREPLAY,23,16,right_shoulder_roll_joint,617,617,0,539,0.873581847649919,-1.515731930732727,-0.18305307626724243,0.17984300464745837,-1.223134041,-0.120010033,0.15941348525444138,0.29263389073272705,0.29270818273272703,1.305672436732727,0.5973321199999972,6.574641705,-17.0,8.75,4.3125,17.0,-16.80444243165035,9.468128230751867,0.08952645707776696,0.18231934493456597
20261007_141649_general32_onehand_A508_on,general32_onehand_A508,on,CONTROL_PREPLAY,24,20,right_shoulder_yaw_joint,617,617,0,0,0.0,-0.19838307797908783,1.011759638786316,0.07643365181824277,0.034562506,0.621801555,0.05261061909894978,0.11436358066844177,0.1354914422208099,0.687382608786316,0.4672505619999997,5.542273045,-5.5625,5.6875,1.6374999999999957,5.6875,-5.972615337798161,4.796540072080656,0.1864313762515748,0.2330735703805112
20261007_141649_general32_onehand_A508_on,general32_onehand_A508,on,CONTROL_PREPLAY,25,22,right_elbow_joint,617,617,0,3,0.004862236628849271,-0.7157319188117981,0.638575553894043,0.0898775508216678,-0.098606206,0.69039923,0.09253335494902254,0.04685457826158142,0.10806600559800299,1.258197903811798,0.4393321153999993,9.581244469,-11.0,1.5,1.0,11.0,-10.360851347418066,1.3997156527226495,0.16528446314289136,0.2123019693720546
20261007_141649_general32_onehand_A508_on,general32_onehand_A508,on,CONTROL_PREPLAY,26,24,right_wrist_roll_joint,617,617,0,0,0.0,-1.1445461511611938,0.0,0.10912839364524597,-1.102884293,0.0082811,0.11177634876678903,0.017230867996612553,0.06635045975092764,0.3390802438704834,0.9734642271999991,6.362952709,-0.5,0.5,0.3125,0.5,-0.22829756228592446,0.9469912239116116,0.1596590619793942,0.21885384960624327
20261007_141649_general32_onehand_A508_on,general32_onehand_A508,on,CONTROL_PREPLAY,27,26,right_wrist_pitch_joint,617,617,0,597,0.9675850891410048,-0.22350260615348816,0.018299460411071777,0.03163434366986105,-0.219107583,0.024423851,0.036048465717382364,0.004502877153488155,0.0055608078954977715,0.07307659105149078,0.030679617,1.147417665,-0.818750024,0.256249994,0.0625,0.818750024,-0.8183063468157408,0.17059334091758382,0.025550748563288816,0.03974842599086899
20261007_141649_general32_onehand_A508_on,general32_onehand_A508,on,CONTROL_PREPLAY,28,28,right_wrist_yaw_joint,617,617,0,606,0.9821717990275527,-0.22350260615348816,0.04064926132559776,0.027419292360081778,-0.215092868,0.016562199,0.02935218330297896,0.00844568015348815,0.008481636153488153,0.11672315715348816,0.02577087779999958,1.668971181,-0.237499997,0.200000003,0.131249994,0.237499997,-0.27788600626091764,0.1871703282240878,0.022954392307574317,0.04301877182916089
20261007_141649_general32_onehand_A508_on,general32_onehand_A508,on,PLAY,0,0,left_hip_pitch_joint,573,573,0,0,0.0,-0.23355653882026672,0.07237381488084793,0.04655081269308704,-0.225776404,-0.020291157,0.07104702718641148,0.05810710060578919,0.09133175349460296,0.2560004519210167,0.222529486,1.302451968,-11.07421875,20.830078125,8.701171875,20.830078125,-10.769940765981126,21.06121327541535,0.3468610995123953,0.5064758182104518
20261007_141649_general32_onehand_A508_on,general32_onehand_A508,on,PLAY,1,3,left_hip_roll_joint,573,573,0,0,0.0,-0.12070447206497192,0.30258792638778687,0.08035538519038642,0.01430011,0.069370016,0.011323291295729142,0.07867145178159524,0.13670149866415024,0.23486267738778688,0.11431906659999982,0.462512255,-17.490234375,23.73046875,13.798828125,23.73046875,-17.329102762596758,24.217333360572145,0.29365100082963425,0.4790907484216715
20261007_141649_general32_onehand_A508_on,general32_onehand_A508,on,PLAY,2,6,left_hip_yaw_joint,573,573,0,0,0.0,-0.05721735581755638,0.3813309669494629,0.05897065657218842,0.031765576,0.32117784,0.09914027919811379,0.0983447879694977,0.21788711542096253,0.2671792020868988,0.20467103399999995,1.23419714,-8.781072617,10.514914513,8.669211388,10.514914513,-9.02859155162424,10.345914641659737,0.17480404233748992,0.28230930277308136
20261007_141649_general32_onehand_A508_on,general32_onehand_A508,on,PLAY,3,9,left_knee_joint,573,573,0,0,0.0,0.03699081018567085,0.2613436281681061,0.03618778226124234,0.067580372,0.163573489,0.017042056740201053,0.03876584803522491,0.06008131526506041,0.15340251516810607,0.12108221639999989,0.531234562,-3.427734375,14.765625,5.712890625,14.765625,-3.206697714829925,15.153775074626187,0.37964551035465366,0.514025510597615
20261007_141649_general32_onehand_A508_on,general32_onehand_A508,on,PLAY,4,13,left_ankle_pitch_joint,573,573,0,0,0.0,0.02946491539478302,0.6755332946777344,0.06996204548850733,-0.035914253,0.056969009,0.0313382042289537,0.16278310815467073,0.27874044197720027,0.6765206826777344,0.12580898099999993,0.42019251,0.962426603,19.064680099,7.841148566999999,19.064680099,1.12921040182844,19.275612100437638,0.09065691514892116,0.2101011588627184
20261007_141649_general32_onehand_A508_on,general32_onehand_A508,on,PLAY,5,17,left_ankle_roll_joint,573,573,0,0,0.0,-0.11196783930063248,0.029158901423215866,0.01909440050322262,-0.061686728,-0.014821948,0.009966359366922086,0.0452813577723999,0.06353924692720032,0.08288327400041962,0.0858906027999999,0.332922608,-2.47192359,1.483672619,2.0620087149999997,2.47192359,-2.2720668519562,1.8564036266379165,0.25639281016176274,0.3345561184736069
20261007_141649_general32_onehand_A508_on,general32_onehand_A508,on,PLAY,6,1,right_hip_pitch_joint,573,573,0,0,0.0,-0.24287688732147217,0.20042549073696136,0.056557398267438934,-0.057549845,0.069063224,0.021503047094587488,0.05722472219854546,0.1430116976598297,0.22470773732147217,0.23801929059999993,0.983929455,-15.908203125,16.69921875,14.23828125,16.69921875,-16.06076749240826,16.4577672950427,0.26440701857171334,0.40285618960007824
20261007_141649_general32_onehand_A508_on,general32_onehand_A508,on,PLAY,7,4,right_hip_roll_joint,573,573,0,0,0.0,-0.4505009949207306,0.0653473362326622,0.15966959973983932,-0.30254361,-0.112040251,0.0522931085972548,0.1250737424049511,0.17673715517777785,0.1908951472326622,0.17278760099999999,0.381790787,-15.99609375,17.9296875,17.2265625,17.9296875,-15.621815767255578,18.690308214307752,0.39126636334369636,0.6197866625771985
20261007_141649_general32_onehand_A508_on,general32_onehand_A508,on,PLAY,8,7,right_hip_yaw_joint,573,573,0,0,0.0,-0.6596959233283997,-0.38357633352279663,0.0495549058415329,-0.589738905,-0.423157126,0.05202426356054637,0.07092058672592161,0.11111986047781978,0.13651180302020266,0.221126989,0.62224108,-5.201527119,4.306640625,4.194779873,5.201527119,-5.574946376564511,4.164361198357866,0.22697864388474098,0.3223383795630342
20261007_141649_general32_onehand_A508_on,general32_onehand_A508,on,PLAY,9,10,right_knee_joint,573,573,0,0,0.0,0.11734883487224579,0.5434351563453674,0.04520076102523539,0.206541985,0.420532316,0.056761555774640204,0.09681485578555299,0.15136093474981077,0.22975422427114106,0.2524182557999998,2.547090054,-11.6015625,17.75390625,14.607421874999995,17.75390625,-12.244023673157514,17.544342991213323,0.25535099201401756,0.44616398178448335
20261007_141649_general32_onehand_A508_on,general32_onehand_A508,on,PLAY,10,14,right_ankle_pitch_joint,573,573,0,0,0.0,-0.29821592569351196,0.7379738688468933,0.1605256718931456,-0.259674937,-0.149586678,0.029502069184855095,0.6300598983132629,0.8535857974796021,0.9344236108468933,0.1475789011999999,1.563020349,-1.249602795,25.971286774,23.9798274992,25.971286774,-1.7727468685791883,26.58883275373057,0.2800033127260342,0.4361024858298911
20261007_141649_general32_onehand_A508_on,general32_onehand_A508,on,PLAY,11,18,right_ankle_roll_joint,573,573,0,0,0.0,0.019627556204795837,0.16073621809482574,0.026385681328419442,0.049517538,0.120180346,0.014818723123762405,0.03009152429336548,0.07843601831604918,0.09519607207411193,0.09795384419999995,1.13424933,-1.509211779,2.442703724,1.97611475,2.442703724,-1.9866387592536014,2.704831284339535,0.2960915440516789,0.388208961944629
20261007_141649_general32_onehand_A508_on,general32_onehand_A508,on,PLAY,12,2,waist_yaw_joint,573,573,0,0,0.0,0.17913462221622467,0.44929030537605286,0.051850854159951575,0.173933938,0.407501996,0.07232881777795425,0.028940052149917628,0.14619441010744932,0.18515171078377535,0.3013498069999999,1.369616032,-5.089666367,6.487926006,5.648970127,6.487926006,-4.941660789298903,6.787419985419712,0.24559968901717366,0.3383874547482742
20261007_141649_general32_onehand_A508_on,general32_onehand_A508,on,PLAY,13,5,waist_roll_joint,573,573,0,0,0.0,-0.2495049089193344,0.1416584551334381,0.0801276902322702,-0.114088044,-0.037100241,0.015008874967614414,0.05056506104122591,0.14309659896353605,0.21236635013343813,0.1904492881999999,0.73561883,-4.968181133,5.653385639,4.1308228494,5.653385639,-4.714718631212513,6.016858519746102,0.2512746430766226,0.36340536338854224
20261007_141649_general32_onehand_A508_on,general32_onehand_A508,on,PLAY,14,8,waist_pitch_joint,573,573,0,0,0.0,-0.4851517975330353,0.045367393642663956,0.12681614705822794,0.004925851,0.117945693,0.01977297185389368,0.24602283116338347,0.42281220977181383,0.5579477775330353,0.1602918357999998,0.888653874,-15.661110878,-1.217316508,11.628458023199999,15.661110878,-15.831036785201215,-1.3850279862349422,0.10809893499753631,0.30097393178851656
20261007_141649_general32_onehand_A508_on,general32_onehand_A508,on,PLAY,15,11,left_shoulder_pitch_joint,573,573,0,0,0.0,-0.4547373354434967,0.2694914638996124,0.18569549170143318,-0.330345154,0.161283702,0.1373931285194416,0.0858326851088867,0.12644751044568783,0.17697241859225463,0.45958066599999986,1.879126549,-2.625,1.4375,1.875,2.625,-2.4830006231748234,1.6143100552155698,0.11913501941987015,0.17811065827375153
20261007_141649_general32_onehand_A508_on,general32_onehand_A508,on,PLAY,16,15,left_shoulder_roll_joint,573,573,0,0,0.0,0.421088844537735,1.0135737657546997,0.15754099426564094,0.349675715,0.755233884,0.11283712573466319,0.13458466491525267,0.24604971416237792,0.2798877354558716,0.35036122199999997,0.590582609,0.4375,3.5625,3.25,3.5625,0.6405311261653056,3.717710154498125,0.18859664780635454,0.24152602929317218
20261007_141649_general32_onehand_A508_on,general32_onehand_A508,on,PLAY,17,19,left_shoulder_yaw_joint,573,573,0,0,0.0,-0.8691418170928955,-0.6006243228912354,0.0541276215158958,-0.841831923,-0.666179121,0.03239437379055911,0.022527098995605455,0.06757537088389283,0.10511076478457637,0.274582565,1.549320698,-0.4375,1.375,1.0,1.375,-0.509613596511285,1.2417761506629685,0.13684816347408177,0.2014656326940445
20261007_141649_general32_onehand_A508_on,general32_onehand_A508,on,PLAY,18,21,left_elbow_joint,573,573,0,0,0.0,0.6179900765419006,1.323946475982666,0.19713041817298035,0.654290736,1.288591862,0.17847336956880788,0.031268834740325935,0.0756000279537476,0.13053560218847648,0.6111379504,1.357573032,-1.25,0.25,1.0,1.25,-1.1100894352081205,0.48683822298467916,0.13529812306174213,0.20808160014396532
20261007_141649_general32_onehand_A508_on,general32_onehand_A508,on,PLAY,19,23,left_wrist_roll_joint,573,573,0,0,0.0,-0.4139300286769867,0.6557642221450806,0.31380252974332296,-0.390613824,0.636074722,0.3089063668581293,0.01992856002612306,0.04675549278454589,0.06707456712995147,0.684769058,1.004757404,-0.5625,0.3125,0.4375,0.5625,-0.4252109557665453,0.508597033482522,0.14056259142156416,0.20886670176448982
20261007_141649_general32_onehand_A508_on,general32_onehand_A508,on,PLAY,20,25,left_wrist_pitch_joint,573,573,0,561,0.9790575916230366,-0.22350260615348816,-0.13998334109783173,0.007831346364146025,-0.212024912,-0.160936162,0.004873351985972838,0.011777297153488159,0.011945084153488161,0.03588488652308655,0.024543693,0.589048624,-0.268750012,0.237499997,0.231250003,0.268750012,-0.24071240943993152,0.2623117474478922,0.02285828688822869,0.045628646897760465
20261007_141649_general32_onehand_A508_on,general32_onehand_A508,on,PLAY,21,27,left_wrist_yaw_joint,573,573,388,0,0.6771378708551483,-0.21382130682468414,0.22350260615348816,0.11124204734983224,-0.204426914,0.213019609,0.10602472565046579,0.010542929153488173,0.033157558100214,0.04924524166656685,0.4908738671999993,0.82834965,-0.28125,0.237499997,0.162499994,0.28125,-0.24756245265829707,0.2449562384079324,0.026588692051148388,0.04625216631025001
20261007_141649_general32_onehand_A508_on,general32_onehand_A508,on,PLAY,22,12,right_shoulder_pitch_joint,573,573,0,571,0.9965095986038395,-1.115731954574585,-1.099931240081787,0.0006656576532290656,-1.255551338,-0.741320193,0.13594606587188424,0.15705382857458494,0.28869339197458493,0.374411761574585,0.7537982109999999,1.957359552,-6.125,2.25,3.9375,6.125,-6.598079947620586,2.1762042420263015,0.17262930332780457,0.2546213820911064
20261007_141649_general32_onehand_A508_on,general32_onehand_A508,on,PLAY,23,16,right_shoulder_roll_joint,573,573,0,95,0.16579406631762653,-1.515731930732727,-0.9664449691772461,0.16906041949237866,-1.37636435,-0.864038646,0.07964934376978483,0.16624915603497303,0.29455137273272713,0.33922195467962646,0.6267845753999999,3.095573425,-4.3125,2.6875,4.3125,4.3125,-4.201543902628133,2.9436537389338335,0.13821638112165713,0.22845433297007992
20261007_141649_general32_onehand_A508_on,general32_onehand_A508,on,PLAY,24,20,right_shoulder_yaw_joint,573,573,0,0,0.0,0.23661234974861145,0.6584612131118774,0.10266281300909165,0.339117616,0.571611583,0.048932075932662154,0.10442015535235594,0.20637235043287352,0.2932821812513885,0.5203263043999997,1.70732069,-3.1875,3.375,2.9624999999999986,3.375,-3.2289482801856493,3.2333302809826896,0.14963539243236545,0.23286976076933646
20261007_141649_general32_onehand_A508_on,general32_onehand_A508,on,PLAY,25,22,right_elbow_joint,573,573,0,0,0.0,-0.2454109936952591,0.4288956820964813,0.14947911460303936,-0.098785967,0.613975823,0.20978830207592727,0.11114659524734496,0.32880299811649627,0.4004682600612335,0.7685244083999998,3.164602518,-5.5,0.1875,4.375,5.5,-5.701355447556836,0.20247562945994302,0.19317941920608794,0.27103007033310966
20261007_141649_general32_onehand_A508_on,general32_onehand_A508,on,PLAY,26,24,right_wrist_roll_joint,573,573,0,0,0.0,-1.026387333869934,-0.3366979956626892,0.11304735947253064,-0.975132465,-0.391512662,0.1029878317097,0.02127194382696529,0.07199207584382931,0.15609234564630126,1.0317555429999998,2.71361208,-0.875,0.625,0.6875,0.875,-0.7294610941021018,0.8191203838237511,0.13816994371361743,0.21956169773282652
20261007_141649_general32_onehand_A508_on,general32_onehand_A508,on,PLAY,27,26,right_wrist_pitch_joint,573,573,0,563,0.9825479930191972,-0.22350260615348816,-0.1434512883424759,0.006903027689569265,-0.218999729,-0.168570116,0.019749584305825393,0.03221040915348816,0.05490852915348815,0.05493249015348817,0.10062914339999987,0.760854483,-0.912500024,0.28125,0.887499988,0.912500024,-0.9573803017116601,0.24605341225897898,0.03014768252245381,0.04994982960782139
20261007_141649_general32_onehand_A508_on,general32_onehand_A508,on,PLAY,28,28,right_wrist_yaw_joint,573,573,0,573,1.0,-0.22350260615348816,-0.22350260615348816,0.0,-0.215140805,-0.215044931,1.0923022279924635e-05,0.008409738153488167,0.008433699153488156,0.008457675153488164,0.01840777,0.042951465,-0.131249994,-0.087499999,0.118749999,0.131249994,-0.174273541067969,-0.09441880138591374,0.03485134164468702,0.0507417401877639
20261007_141649_general32_onehand_A508_on,general32_onehand_A508,on,FINAL_HOLD,0,0,left_hip_pitch_joint,4093,4092,0,0,0.0,-0.3119907081127167,0.22419773042201996,0.057253127566692326,-0.393568337,0.048235174,0.07666884769374699,0.0336864959485588,0.1626595019374603,0.31392240479651645,0.431969017,1.478075743,-18.896484375,32.87109375,16.083984375,32.87109375,-18.90928618186439,33.57291354766733,0.33225083144482115,0.5516215950816009
20261007_141649_general32_onehand_A508_on,general32_onehand_A508,on,FINAL_HOLD,1,3,left_hip_roll_joint,4093,4092,0,0,0.0,-0.1429266333580017,0.48906147480010986,0.07675236331555399,-0.057992995,0.259183109,0.060485398795571355,0.11039676145101165,0.2095411239083648,0.39877818480010985,0.3226677475999992,0.958840251,-28.4765625,38.671875,21.181640625,38.671875,-28.281433400926055,38.8713982666489,0.2603238910850445,0.5071749317295592
20261007_141649_general32_onehand_A508_on,general32_onehand_A508,on,FINAL_HOLD,2,6,left_hip_yaw_joint,4093,4092,0,0,0.0,-0.11819866299629211,0.5719843506813049,0.09882382679871896,0.138405249,0.502825499,0.06777403023651603,0.10180947161596682,0.17965400182059627,0.3220367129962921,0.3195199129999994,1.942146301,-7.942116737,11.130148888,7.21502161,11.130148888,-7.971393512858589,10.9731846184442,0.1814963532795133,0.30647313150550143
20261007_141649_general32_onehand_A508_on,general32_onehand_A508,on,FINAL_HOLD,3,9,left_knee_joint,4093,4092,0,0,0.0,0.023516442626714706,0.587556779384613,0.0936976526561632,0.068560421,0.598917246,0.10471129670325802,0.03221127388175965,0.14861070511050406,0.3574282376160889,0.56177789,1.797689199,-30.9375,29.970703125,13.798828125,30.9375,-30.654617628561002,30.21004147839983,0.361810459007037,0.5455032343308199
20261007_141649_general32_onehand_A508_on,general32_onehand_A508,on,FINAL_HOLD,4,13,left_ankle_pitch_joint,4093,4092,18,0,0.004398826979472141,-0.6165696382522583,0.9527319669723511,0.1909931082940358,-0.237482339,0.137607858,0.052288910629208915,0.15403956415411377,0.4886675496680389,1.0790760669723511,0.30257430079999925,5.760378361,-11.382862091,32.75743103,13.762165450999994,32.75743103,-11.501492024782568,31.946380154493344,0.10823546544370988,0.41121869185165455
20261007_141649_general32_onehand_A508_on,general32_onehand_A508,on,FINAL_HOLD,5,17,left_ankle_roll_joint,4093,4092,0,0,0.0,-0.23190133273601532,0.2543002665042877,0.06640401864256001,-0.12378142,0.035473745,0.029521819812761405,0.06155410394117737,0.09613051150546721,0.28564026997665404,0.21582477359999985,1.831706762,-4.059502602,7.470811844,2.9797095771999995,7.470811844,-3.986960236831414,7.594010717919215,0.24126066446678074,0.3769755068236366
20261007_141649_general32_onehand_A508_on,general32_onehand_A508,on,FINAL_HOLD,6,1,right_hip_pitch_joint,4093,4092,0,0,0.0,-0.7537896037101746,0.28195321559906006,0.1301681091457388,-0.583338797,0.041630533,0.10728210817512318,0.1282521669872303,0.2400739686277435,0.5537651552784919,0.4618577599999996,2.757620335,-17.841796875,46.318359375,23.5546875,46.318359375,-18.48484250920385,45.710650716101355,0.2538257125423762,0.4721484922024437
20261007_141649_general32_onehand_A508_on,general32_onehand_A508,on,FINAL_HOLD,7,4,right_hip_roll_joint,4093,4092,0,0,0.0,-0.7246907949447632,0.09761960059404373,0.1873379392437511,-0.530450523,-0.093453519,0.09189382738031315,0.1507110308771386,0.247622057128766,0.3547287289447632,0.4258603569999996,2.195842505,-33.92578125,30.146484375,24.08203125,33.92578125,-33.86115122360831,30.599580291795775,0.38609960901239226,0.5832791333124752
20261007_141649_general32_onehand_A508_on,general32_onehand_A508,on,FINAL_HOLD,8,7,right_hip_yaw_joint,4093,4092,0,0,0.0,-0.6539884209632874,0.07569767534732819,0.08607684387113873,-0.585118711,-0.148408994,0.07295188363444075,0.04400154939167783,0.1471165299373596,0.35573561534732817,0.33666155299999934,2.043282032,-9.004794121,14.597833633,5.593039989,14.597833633,-9.375807562143004,14.332647484859221,0.22376531720791903,0.32407118864734114
20261007_141649_general32_onehand_A508_on,general32_onehand_A508,on,FINAL_HOLD,9,10,right_knee_joint,4093,4092,0,0,0.0,-0.003388853743672371,1.2300177812576294,0.12258255171722918,0.13585104,0.88277185,0.15860069236434104,0.11387261732882689,0.1929530021184265,0.48213398425762943,0.6287548779999996,5.474879742,-21.97265625,29.619140625,18.580078124999968,29.619140625,-22.300872071436928,29.344899951714854,0.26032818144810665,0.5592178468065067
20261007_141649_general32_onehand_A508_on,general32_onehand_A508,on,FINAL_HOLD,10,14,right_ankle_pitch_joint,4093,4092,58,0,0.014173998044965786,-0.5653351545333862,0.9527319669723511,0.29314184770854235,-0.339665771,0.28301397,0.09827174791275556,0.5025757250915375,0.9536354721820006,1.292345642972351,0.4172970531999998,6.418842793,-10.849865913,36.344390869,26.825562668199993,36.344390869,-11.0893818746978,36.833737230732694,0.17799635878063214,0.6591454967537201
20261007_141649_general32_onehand_A508_on,general32_onehand_A508,on,FINAL_HOLD,11,18,right_ankle_roll_joint,4093,4092,0,0,0.0,-0.3755151927471161,0.2488798201084137,0.057315038151306744,-0.107639305,0.161073133,0.030101557638273022,0.02348126477706909,0.08585040570567472,0.34961710296835324,0.2368807937999998,2.124527693,-8.309276581,3.830838442,2.2673119542,8.309276581,-8.375495932763858,4.617569750891045,0.26323014151537516,0.4069641324133656
20261007_141649_general32_onehand_A508_on,general32_onehand_A508,on,FINAL_HOLD,12,2,waist_yaw_joint,4093,4092,0,0,0.0,0.045762281864881516,0.5835084915161133,0.07944564939964646,0.048210826,0.399707913,0.10743135603641926,0.03112694582348635,0.2266681983220519,0.372339799623291,0.428540677,1.323333621,-7.998046875,16.667259216,8.837002754,16.667259216,-7.787396503790917,17.279803221659144,0.22912761247847602,0.3506463148508627
20261007_141649_general32_onehand_A508_on,general32_onehand_A508,on,FINAL_HOLD,13,5,waist_roll_joint,4093,4092,0,0,0.0,-1.1245983839035034,0.8508656620979309,0.29036282824982285,-0.154748634,0.054115843,0.032361160388659896,0.10033458514206696,0.7751837314949339,1.1785806419035034,0.30711881499999966,1.826154232,-33.475112915,26.985399246,21.923864746,33.475112915,-33.60460026061913,27.612475071505923,0.22651077384103013,0.4627892736837332
20261007_141649_general32_onehand_A508_on,general32_onehand_A508,on,FINAL_HOLD,14,8,waist_pitch_joint,4093,4092,0,0,0.0,-0.8640719056129456,0.2979109287261963,0.20068969917143503,-0.010916392,0.18510668,0.022380428786168603,0.3660217002075348,0.7042352188105712,0.9657796626129456,0.18979688299999986,1.311111093,-26.971525192,5.541615486,19.800874329,26.971525192,-27.47063763911658,5.6280697260524315,0.1374538655431703,0.3562074799230891
20261007_141649_general32_onehand_A508_on,general32_onehand_A508,on,FINAL_HOLD,15,11,left_shoulder_pitch_joint,4093,4092,0,0,0.0,-0.5411311984062195,0.6758987307548523,0.2412381171407383,-0.367616117,0.369845182,0.1765764386972907,0.09377080245248415,0.17236584479204406,0.3534142373883667,0.627398193,2.009514809,-5.5625,6.0625,2.5,6.0625,-5.545979385735437,6.598167076765855,0.12340103022414017,0.21145729993791337
20261007_141649_general32_onehand_A508_on,general32_onehand_A508,on,FINAL_HOLD,16,15,left_shoulder_roll_joint,4093,4092,0,0,0.0,0.17707890272140503,1.1189043521881104,0.18950263167971707,0.245916307,0.790287733,0.12149701896297366,0.10352414875148008,0.27527822265883783,0.3564817313543396,0.516951561,1.60914588,-3.0,4.8125,3.625,4.8125,-2.897191519608348,4.9863762416712945,0.18764801594208924,0.24868808126556016
20261007_141649_general32_onehand_A508_on,general32_onehand_A508,on,FINAL_HOLD,17,19,left_shoulder_yaw_joint,4093,4092,0,0,0.0,-0.8978539109230042,-0.3347685933113098,0.12000560881556542,-0.878371775,-0.483863086,0.09735251676540117,0.016932249179992698,0.0837317348848267,0.17335057268869014,0.553767085,1.308485627,-0.875,1.75,1.1875,1.75,-1.0340778380297029,1.5416903569708194,0.13423709315084273,0.20185792613077672
20261007_141649_general32_onehand_A508_on,general32_onehand_A508,on,FINAL_HOLD,18,21,left_elbow_joint,4093,4092,0,0,0.0,0.4452839195728302,1.448765516281128,0.24554062111435837,0.596406937,1.45778513,0.24810212033616147,0.027280569207824623,0.12830519685161124,0.2862481472985534,0.8274292589999995,3.1354568,-3.4375,1.3125,1.9375,3.4375,-3.3040133791995983,1.535058515583012,0.12840505993358087,0.21086510021529656
20261007_141649_general32_onehand_A508_on,general32_onehand_A508,on,FINAL_HOLD,19,23,left_wrist_roll_joint,4093,4092,0,0,0.0,-0.4130948483943939,0.8374012112617493,0.251522942412957,-0.390482008,0.801564932,0.25165175274069573,0.01968449367849731,0.059560355235379024,0.2752945009913883,0.921922505,5.008447647,-0.6875,0.5625,0.4375,0.6875,-0.6206601549980184,0.716967392691598,0.13579025395920116,0.21878580977111875
20261007_141649_general32_onehand_A508_on,general32_onehand_A508,on,FINAL_HOLD,20,25,left_wrist_pitch_joint,4093,4092,0,3747,0.9156891495601173,-0.22350260615348816,-0.05410550907254219,0.022338794808955762,-0.224428579,-0.035257589,0.0286666032932453,0.011597529153488162,0.03895274079799496,0.07428652034391021,0.085902929,0.816077828,-1.268749952,0.25,0.693750024,1.268749952,-1.2681254896644223,0.2712326283811938,0.02334172144928426,0.045876495820701094
20261007_141649_general32_onehand_A508_on,general32_onehand_A508,on,FINAL_HOLD,21,27,left_wrist_yaw_joint,4093,4092,2446,292,0.66911045943304,-0.22350260615348816,0.22350260615348816,0.157682531572896,-0.225399315,0.213151425,0.1525001681996545,0.01050697315348817,0.04845379779290654,0.12203196785864258,0.724038959,1.988039136,-0.28125,0.224999994,0.15625,0.28125,-0.2667849927500643,0.24987745179024426,0.026480458277025276,0.047137243009446946
20261007_141649_general32_onehand_A508_on,general32_onehand_A508,on,FINAL_HOLD,22,12,right_shoulder_pitch_joint,4093,4092,0,3974,0.9711632453567938,-1.115731954574585,-0.8889406323432922,0.015896411881675065,-1.086945295,-0.227712259,0.18950873087069625,0.28426641257458496,0.781774735374585,0.867958098574585,0.723732161399999,1.828505158,-12.1875,0.625,11.0,12.1875,-12.51681520609466,0.7054190025548958,0.19071094005226907,0.27815778188772367
20261007_141649_general32_onehand_A508_on,general32_onehand_A508,on,FINAL_HOLD,23,16,right_shoulder_roll_joint,4093,4092,0,751,0.1835288367546432,-1.515731930732727,-0.597100019454956,0.18194287478993487,-1.624138117,-0.581738234,0.20729560482865678,0.26048016573272714,0.3310901169475219,0.5885592695450439,0.9102642179999995,4.138680458,-7.0,6.0,4.875,7.0,-6.947999283663129,5.809665857301688,0.11524866872160411,0.21908586059441273
20261007_141649_general32_onehand_A508_on,general32_onehand_A508,on,FINAL_HOLD,24,20,right_shoulder_yaw_joint,4093,4092,0,0,0.0,-0.0866580605506897,0.8720840811729431,0.15104701732301848,0.193077847,0.723787308,0.08685243730991919,0.12083402261000059,0.352915344104039,0.4599214866760597,0.5881282329999995,1.558524489,-6.375,3.4375,4.875,6.375,-6.554167600930893,3.3257143678539434,0.186119729631399,0.24321381305768738
20261007_141649_general32_onehand_A508_on,general32_onehand_A508,on,FINAL_HOLD,25,22,right_elbow_joint,4093,4092,0,0,0.0,-0.4322763681411743,0.7243504524230957,0.11947144657167996,-0.249883085,0.802403808,0.23606852673348006,0.07491785295257568,0.5410967049718567,0.6866383218461666,0.8933904409999995,3.136990786,-9.5625,0.9375,7.5625,9.5625,-9.783632027221042,0.723662094985579,0.18242153068177847,0.28378489916577393
20261007_141649_general32_onehand_A508_on,general32_onehand_A508,on,FINAL_HOLD,26,24,right_wrist_roll_joint,4093,4092,0,66,0.016129032258064516,-1.3157318830490112,0.2568860650062561,0.2973732188014199,-1.299185872,0.24904418,0.30265154163655494,0.0320768356941834,0.1779322024652405,0.26730954639398186,1.460043000999999,4.776816368,-1.1875,3.25,2.0625,3.25,-1.0885434698960597,3.4032699150064385,0.14832263000014453,0.2623583573120993
20261007_141649_general32_onehand_A508_on,general32_onehand_A508,on,FINAL_HOLD,27,26,right_wrist_pitch_joint,4093,4092,0,4064,0.9931573802541545,-0.22350260615348816,-0.039702560752630234,0.006285804603002788,-0.241470158,-0.078832231,0.02762265000237675,0.00403548815348817,0.07924848815348817,0.09577474015348816,0.104310699,1.380582809,-1.631250024,0.425000012,1.293750048,1.631250024,-1.6666871498123552,0.4074771452580127,0.027192536187396026,0.04854289122508846
20261007_141649_general32_onehand_A508_on,general32_onehand_A508,on,FINAL_HOLD,28,28,right_wrist_yaw_joint,4093,4092,0,4069,0.9943792766373412,-0.22350260615348816,-0.1316712647676468,0.004293839172220659,-0.215332553,-0.15652597,0.0029400359188152415,0.008673385153488172,0.008805215153488172,0.04301044369934082,0.01840777,0.503145695,-0.237499997,0.412499994,0.131249994,0.412499994,-0.27292519357220246,0.38485231355603,0.02758397941694246,0.04816043136837363
20261007_150609_general32_onehand_A508_off,general32_onehand_A508,off,CONTROL_PREPLAY,0,0,left_hip_pitch_joint,291,291,0,0,0.0,-0.524202823638916,0.17223136126995087,0.06466905488824011,-0.321172953,-0.089064628,0.04455110697848861,0.07963590475467777,0.20062983060865403,0.47602774226995087,0.4543310105,1.788962483,-25.927734375,41.8359375,18.1494140625,41.8359375,-26.673606392436426,42.1360970851433,0.4079648049957818,0.5201602376588426
20261007_150609_general32_onehand_A508_off,general32_onehand_A508,off,CONTROL_PREPLAY,1,3,left_hip_roll_joint,291,291,0,0,0.0,-0.05890897661447525,0.4709826409816742,0.06704077860987158,0.001840777,0.09237121,0.016753038281911724,0.03944017337015724,0.06343673409250641,0.45488436498167417,0.280888945,1.8696841,-6.767578125,47.63671875,6.591796875,47.63671875,-6.455570024728606,48.76174425584288,0.2721017650573403,0.45002865377798384
20261007_150609_general32_onehand_A508_off,general32_onehand_A508,off,CONTROL_PREPLAY,2,6,left_hip_yaw_joint,291,291,0,0,0.0,-0.7679968476295471,0.06656884402036667,0.08963057714824177,-0.151462346,-0.002919433,0.013776365965050746,0.07404674234257888,0.08984132975938702,0.6249848006295471,0.17227335300000002,3.037496328,-21.924716949,3.859197378,3.747336626,21.924716949,-22.046549858030524,3.6958866848246736,0.15966844861057172,0.2378215390550269
20261007_150609_general32_onehand_A508_off,general32_onehand_A508,off,CONTROL_PREPLAY,3,9,left_knee_joint,291,291,0,0,0.0,0.25417405366897583,1.026971459388733,0.10268602258112158,0.220390424,0.80312413,0.11512770569884812,0.052455410071533204,0.08323597947389222,0.2810786068574982,0.7761261165,4.436408997,-16.171875,22.412109375,8.701171875,22.412109375,-15.913847145873325,22.99604729670641,0.39629993679729303,0.6499863415442526
20261007_150609_general32_onehand_A508_off,general32_onehand_A508,off,CONTROL_PREPLAY,4,13,left_ankle_pitch_joint,291,291,3,0,0.010309278350515464,-0.40705087780952454,0.9527319669723511,0.12521394358900553,-0.569002211,-0.07962168,0.08661793686303088,0.36207932236193846,0.49340232480322266,1.515359103972351,0.20392343400000001,3.388627768,0.0,41.900173187,13.8674497605,41.900173187,2.260706687910228,42.96339178975736,0.14040595444523696,0.45502206153161584
20261007_150609_general32_onehand_A508_off,general32_onehand_A508,off,CONTROL_PREPLAY,5,17,left_ankle_roll_joint,291,291,0,0,0.0,-0.130756676197052,0.2273116409778595,0.03678726019803489,-0.104032896,-0.019024288,0.010711780748715767,0.01774863875661087,0.03903215214157486,0.2493401509778595,0.21731360249999998,1.624673009,-1.879326105,7.079690933,1.389578819,7.079690933,-1.9586853962949486,7.89916238064393,0.23123735714442584,0.3060474382995356
20261007_150609_general32_onehand_A508_off,general32_onehand_A508,off,CONTROL_PREPLAY,6,1,right_hip_pitch_joint,291,291,0,0,0.0,-0.6333577036857605,0.09141392260789871,0.10186363714361375,-0.345128626,0.084138848,0.08040736435350569,0.027592882861370086,0.1431863012260895,0.3294399792046642,0.558505356,2.741257906,-33.486328125,22.8515625,10.5908203125,33.486328125,-34.49394255283489,22.25150773657338,0.37524929562621123,0.5563893075934017
20261007_150609_general32_onehand_A508_off,general32_onehand_A508,off,CONTROL_PREPLAY,7,4,right_hip_roll_joint,291,291,0,0,0.0,-0.5587028861045837,0.0,0.0773781569474984,-0.165482432,-0.017180584,0.020301418073696932,0.05738560084760666,0.18396516333719254,0.4492107481045837,0.31906801500000004,2.249293327,-43.59375,8.525390625,15.0732421875,43.59375,-43.50444869003158,9.189626737710887,0.3720292489239192,0.5489018397247669
20261007_150609_general32_onehand_A508_off,general32_onehand_A508,off,CONTROL_PREPLAY,8,7,right_hip_yaw_joint,291,291,0,0,0.0,-0.4221740663051605,0.19621512293815613,0.09187424073490959,-0.346970618,-0.043537054,0.056666832114528574,0.06166356798118594,0.08595104500122833,0.2570143309381561,0.61195606,2.091278315,-3.523615122,8.669211388,3.439719558,8.669211388,-3.7604696199614307,8.330477242349437,0.2572392847988989,0.32612273469587205
20261007_150609_general32_onehand_A508_off,general32_onehand_A508,off,CONTROL_PREPLAY,9,10,right_knee_joint,291,291,0,0,0.0,-0.053915057331323624,0.9735344052314758,0.10190935352916404,0.284996569,0.860103011,0.10990111259656642,0.009454101622711208,0.169024914808815,0.5850175324184113,0.913025379,2.705260515,-45.791015625,4.130859375,11.8212890625,45.791015625,-45.483786197047806,3.699657912247666,0.3316832824317464,0.4982864305454989
20261007_150609_general32_onehand_A508_off,general32_onehand_A508,off,CONTROL_PREPLAY,10,14,right_ankle_pitch_joint,291,291,2,0,0.006872852233676976,-0.5644542574882507,0.9527319669723511,0.18574372483333682,-0.603729784,-0.302348018,0.053082966370458014,0.5241805459784622,0.7199456689554824,1.4671549799723511,0.3197056355,2.652280569,-1.51870501,39.565864563,20.068678856,39.565864563,-0.5176133442085902,40.98372616387881,0.15481361493952228,0.8421827613172972
20261007_150609_general32_onehand_A508_off,general32_onehand_A508,off,CONTROL_PREPLAY,11,18,right_ankle_roll_joint,291,291,0,0,0.0,-0.18954896926879883,0.1297137290239334,0.053888172875106125,-0.063747779,0.067969941,0.024522536381410883,0.05557026009109116,0.062098022860095976,0.19139343626879882,0.3347829285,7.270166397,-12.557797432,1.594269156,1.535213888,12.557797432,-18.36852157707463,1.818756150093694,0.24740083981625371,0.32969622553078126
20261007_150609_general32_onehand_A508_off,general32_onehand_A508,off,CONTROL_PREPLAY,12,2,waist_yaw_joint,291,291,0,0,0.0,-0.8782742023468018,0.501226007938385,0.09558692386824168,-0.279167444,0.15475674,0.05719390176697001,0.010366290790901178,0.08867072729633807,0.712442978938385,0.6565243005000001,6.445251942,-14.318181992,22.428089142,2.544833064,22.428089142,-13.853481415079425,22.54881895154404,0.20524388430593127,0.2851518348902483
20261007_150609_general32_onehand_A508_off,general32_onehand_A508,off,CONTROL_PREPLAY,13,5,waist_roll_joint,291,291,0,0,0.0,-0.7352405786514282,0.13381421566009521,0.07891594364960158,-0.13290666,0.028272832,0.018670245383787053,0.04688048385183716,0.17366852246965409,0.7373027986514282,0.27984824799999997,2.71214962,-19.687936783,6.698602676,4.6842508315,19.687936783,-19.491057404357342,6.908905443095167,0.25881983374902395,0.3264139371922791
20261007_150609_general32_onehand_A508_off,general32_onehand_A508,off,CONTROL_PREPLAY,14,8,waist_pitch_joint,291,291,0,0,0.0,-0.49054983258247375,0.5247499346733093,0.11822537304618812,-0.130684718,0.062812328,0.018834994928504586,0.21449177104528808,0.3369184782875061,0.521173745072876,0.34914609799999996,1.390277505,-13.546218872,11.841641426,9.2724814415,13.546218872,-13.249859748952073,12.98059365569921,0.13542295991029274,0.4197356578955629
20261007_150609_general32_onehand_A508_off,general32_onehand_A508,off,CONTROL_PREPLAY,15,11,left_shoulder_pitch_joint,291,291,0,0,0.0,-0.1823180913925171,0.7806956768035889,0.10700328308676345,0.021008346,0.391296953,0.056864083489755614,0.0848119220595932,0.14990593124635698,0.5500592588035889,0.5729418395,4.285942554,-4.125,6.875,1.71875,6.875,-3.9618747313339413,7.010973758630962,0.11381070647115576,0.18003323894155782
20261007_150609_general32_onehand_A508_off,general32_onehand_A508,off,CONTROL_PREPLAY,16,15,left_shoulder_roll_joint,291,291,0,0,0.0,-0.12089475989341736,0.6997597217559814,0.07928992664556472,0.086010784,0.50115633,0.06346358324169395,0.11925405267886352,0.14873065041732786,0.4880868423434143,0.259242773,3.614058971,-3.0625,5.8125,1.84375,5.8125,-2.875040697877539,5.676603611132972,0.18745930212246087,0.22896783161304546
20261007_150609_general32_onehand_A508_off,general32_onehand_A508,off,CONTROL_PREPLAY,17,19,left_shoulder_yaw_joint,291,291,0,0,0.0,-0.6084877252578735,0.03597696125507355,0.07383733244069307,-0.584183037,-0.013937654,0.0973739267858431,0.05347704894808958,0.059333950185409545,0.22619166203634644,0.855961323,2.373068333,-1.3125,2.0,0.9375,2.0,-1.40116889159488,1.660329321708999,0.11421193855453782,0.1668452959797344
20261007_150609_general32_onehand_A508_off,general32_onehand_A508,off,CONTROL_PREPLAY,18,21,left_elbow_joint,291,291,0,0,0.0,0.6000000238418579,1.268428087234497,0.051372296372408484,0.69723022,1.038169503,0.03286399449165933,0.022040128762451205,0.09623193730017088,0.419597387234497,0.378893271,4.042039394,-3.5625,2.6875,1.28125,3.5625,-3.6932777673284365,2.5309041422820977,0.12008302853050351,0.18280961943586463
20261007_150609_general32_onehand_A508_off,general32_onehand_A508,off,CONTROL_PREPLAY,19,23,left_wrist_roll_joint,291,291,0,0,0.0,0.0,0.7123484015464783,0.07402577691103515,-0.027659591,0.664956748,0.09282094216081553,0.009061157974243117,0.0655627843466034,0.1955588311312866,1.0346700545,3.594117165,-0.375,0.25,0.3125,0.375,-0.4738301510568017,0.39973304639755003,0.11556239277075392,0.17931806516605292
20261007_150609_general32_onehand_A508_off,general32_onehand_A508,off,CONTROL_PREPLAY,20,25,left_wrist_pitch_joint,291,291,0,0,0.0,-0.09290535748004913,0.10772696882486343,0.04666523170288735,-0.075668395,0.094136089,0.04142813438449074,0.016180105539356227,0.026395449953392745,0.05469671788503647,0.377359286,0.963339984,-0.612500012,0.368750006,0.318749994,0.612500012,-0.522815426044023,0.33795515172586027,0.025130987264909727,0.04236215947184889
20261007_150609_general32_onehand_A508_off,general32_onehand_A508,off,CONTROL_PREPLAY,21,27,left_wrist_yaw_joint,291,291,0,0,0.0,-0.14064493775367737,0.054668210446834564,0.04320053983472636,-0.132941008,0.037989993,0.044873078486096486,0.0027732403643951353,0.016017695942307474,0.03508771254773521,0.187145658,0.576776803,-0.28125,0.193749994,0.212500006,0.28125,-0.2644649525482645,0.22660819756134012,0.024809696406734475,0.043171156544793185
20261007_150609_general32_onehand_A508_off,general32_onehand_A508,off,CONTROL_PREPLAY,22,12,right_shoulder_pitch_joint,291,291,0,282,0.9690721649484536,-1.115731954574585,0.20000000298023224,0.11770603338043167,-1.076650858,0.211605459,0.14519473942644043,0.335582852574585,0.33597233907458496,1.192442983574585,1.6068449615,7.964428425,-13.3125,5.625,4.65625,13.3125,-12.902958821910428,6.2317187376559815,0.16221749412299058,0.30970172430326803
20261007_150609_general32_onehand_A508_off,general32_onehand_A508,off,CONTROL_PREPLAY,23,16,right_shoulder_roll_joint,291,291,0,1,0.003436426116838488,-1.515731930732727,-0.08689485490322113,0.11858722721100848,-0.692796052,-0.125007451,0.07652166425179424,0.17938405286315917,0.21960781504506682,1.2976549867327272,0.20708742,7.099263191,-17.3125,11.375,3.21875,17.3125,-17.0589792899045,12.12091429959759,0.1142431022295054,0.16094853638018658
20261007_150609_general32_onehand_A508_off,general32_onehand_A508,off,CONTROL_PREPLAY,24,20,right_shoulder_yaw_joint,291,291,0,0,0.0,-0.14724262058734894,1.1096957921981812,0.12189908040783598,0.033687659,0.804165483,0.0771244767500708,0.13365349152685546,0.2227274778294983,0.7796622211981812,1.498699248,5.698739052,-6.5,7.6875,2.125,7.6875,-7.018515350948444,7.307480815604556,0.18717080850137635,0.24477975927590634
20261007_150609_general32_onehand_A508_off,general32_onehand_A508,off,CONTROL_PREPLAY,25,22,right_elbow_joint,291,291,0,3,0.010309278350515464,-0.7157319188117981,0.678309977054596,0.12241807547952323,-0.068417944,0.69770962,0.0718799075310703,0.08412258315546417,0.18097894824398422,1.257778405811798,1.4196993115,9.699360847,-11.1875,2.125,1.5,11.1875,-10.456464453687587,1.7571039214413062,0.18717910066550636,0.2474073091457717
20261007_150609_general32_onehand_A508_off,general32_onehand_A508,off,CONTROL_PREPLAY,26,24,right_wrist_roll_joint,291,291,0,0,0.0,-1.2354724407196045,0.0,0.17124065225720025,-1.19250226,0.008952216,0.20251437672429368,0.022146463473449618,0.08841160344264604,0.3900208173876648,1.4611167905000002,7.402991772,-0.5,0.3125,0.25,0.5,-0.3371978163343473,1.1581238868838666,0.15477000465636404,0.3156381563924253
20261007_150609_general32_onehand_A508_off,general32_onehand_A508,off,CONTROL_PREPLAY,27,26,right_wrist_pitch_joint,291,291,0,0,0.0,-0.12133714556694031,0.06217518821358681,0.04098471189234869,-0.110602416,0.030188262,0.040763171375018614,0.006983176292110441,0.02050491721179485,0.04318771930114365,0.245436937,0.607456446,-0.675000012,0.293749988,0.2281249985,0.675000012,-0.6920179323359076,0.28599093756174904,0.027801186383294024,0.04938265787679203
20261007_150609_general32_onehand_A508_off,general32_onehand_A508,off,CONTROL_PREPLAY,28,28,right_wrist_yaw_joint,291,291,0,279,0.9587628865979382,-0.22350260615348816,0.015931110829114914,0.03578886184253267,-0.215044931,0.016562199,0.03970668823336928,0.008493617153488148,0.017902831576744077,0.09166472416285705,0.202485472,1.374446869,-0.25,0.106250003,0.131249994,0.25,-0.2647779376843028,0.09379143734539504,0.023758695014124892,0.04311449138556071
20261007_150609_general32_onehand_A508_off,general32_onehand_A508,off,PLAY,0,0,left_hip_pitch_joint,573,573,0,0,0.0,-0.07810867577791214,0.3712323307991028,0.04438614889222807,-0.093240462,0.075267322,0.04815014111998744,0.05485874204946137,0.0974324926577835,0.3758986551033783,0.3759003041999999,1.071195841,-7.20703125,31.552734375,9.31640625,31.552734375,-6.987068917147774,32.07582539663264,0.38804155653417904,0.5314223090893673
20261007_150609_general32_onehand_A508_off,general32_onehand_A508,off,PLAY,1,3,left_hip_roll_joint,573,573,0,0,0.0,-0.06970272213220596,0.41266530752182007,0.05784859469689944,-0.001176052,0.152912319,0.036053796550429576,0.05479932781547547,0.10034463355425148,0.3191521315218201,0.15969763099999998,1.043925047,-11.42578125,28.125,10.318359374999998,28.125,-11.052450324386456,28.45773884659299,0.24902528920555778,0.3835863092812339
20261007_150609_general32_onehand_A508_off,general32_onehand_A508,off,PLAY,2,6,left_hip_yaw_joint,573,573,0,0,0.0,-0.39080318808555603,0.1536143571138382,0.06072562273542398,-0.163675755,0.098202772,0.04633314519217248,0.0604605817118206,0.08880212959716643,0.32165699705238343,0.31883425699999923,2.847224236,-6.376065254,3.859197378,3.69140625,6.376065254,-6.2943583952900894,3.757681271367213,0.17296661661089208,0.2682090064925709
20261007_150609_general32_onehand_A508_off,general32_onehand_A508,off,PLAY,3,9,left_knee_joint,573,573,0,0,0.0,0.11477846652269363,0.5087850689888,0.04549659148752256,0.129135609,0.223543614,0.028433004201369183,0.042859837743576046,0.11225097163196715,0.37672637398880005,0.24543693379999987,1.037380099,-3.8671875,34.365234375,10.458984375,34.365234375,-3.4548657600482873,34.85553031719395,0.37003856186458695,0.5338425159973686
20261007_150609_general32_onehand_A508_off,general32_onehand_A508,off,PLAY,4,13,left_ankle_pitch_joint,573,573,8,0,0.013961605584642234,-0.04809597507119179,0.9527319669723511,0.16829723068773153,-0.147288233,-0.011900015,0.02680337206544188,0.36363878819906614,0.550204202139099,1.025083831972351,0.1549278263999999,0.894005477,1.397755027,30.50687027,15.4062406538,30.50687027,1.3428912642733786,30.234780649931885,0.15386162632236022,0.32556150143874835
20261007_150609_general32_onehand_A508_off,general32_onehand_A508,off,PLAY,5,17,left_ankle_roll_joint,573,573,0,0,0.0,-0.13305318355560303,0.039874117821455,0.01623437604650178,-0.162783697,-0.026524208,0.024961016328490855,0.014167423932281493,0.041245871070697784,0.1280361687844243,0.13101179579999994,1.0109905,-1.510788441,3.80339694,1.3426270722,3.80339694,-1.3700414759058357,4.4827339001714295,0.2443255372314258,0.356191319112538
20261007_150609_general32_onehand_A508_off,general32_onehand_A508,off,PLAY,6,1,right_hip_pitch_joint,573,573,0,0,0.0,-0.5560003519058228,0.2241620272397995,0.06476236908873925,-0.193971872,0.2083572,0.06443368518332565,0.035479828858047485,0.13516419399362412,0.4458775739058227,0.4206243811999999,1.953678012,-32.431640625,18.544921875,12.339843749999998,32.431640625,-31.860399060241605,18.097524741478207,0.3698739616740792,0.5463771982113037
20261007_150609_general32_onehand_A508_off,general32_onehand_A508,off,PLAY,7,4,right_hip_roll_joint,573,573,0,0,0.0,-0.5030083656311035,-0.04430036619305611,0.05388426305490321,-0.157130763,-0.083116189,0.022114648789355894,0.04980619970158767,0.0900391121903179,0.3978113756311035,0.15358898359999995,1.374446869,-38.935546875,9.228515625,8.349609375,38.935546875,-38.92700290007642,9.664800888335526,0.3551600490988971,0.5045294121735148
20261007_150609_general32_onehand_A508_off,general32_onehand_A508,off,PLAY,8,7,right_hip_yaw_joint,573,573,0,0,0.0,-0.45130786299705505,-0.16479608416557312,0.04994776303271274,-0.370968908,-0.278886229,0.02280627256661446,0.05382135506576541,0.0959063293401794,0.1645714938259888,0.256095922,2.060423613,-3.915127993,8.165838242,3.523615122,8.165838242,-4.128698175125898,8.342671332310658,0.2462102838470921,0.3333007613329259
20261007_150609_general32_onehand_A508_off,general32_onehand_A508,off,PLAY,9,10,right_knee_joint,573,573,0,0,0.0,0.11073272675275803,0.9198195934295654,0.08194843985776365,0.176314041,0.508122623,0.05163370210909981,0.027740732100837717,0.09450318944738083,0.47087454842956544,0.29976031759999994,3.884448528,-19.599609375,23.642578125,8.96484375,23.642578125,-20.79517586624603,22.15671169173051,0.3224941477322041,0.5063744170673704
20261007_150609_general32_onehand_A508_off,general32_onehand_A508,off,PLAY,10,14,right_ankle_pitch_joint,573,573,8,0,0.013961605584642234,-0.4547857344150543,0.9527319669723511,0.20281005640982636,-0.302450359,-0.1572932,0.02717489537352217,0.5369736405006638,0.8676597234641293,1.184859409972351,0.0927783024,3.036083937,-2.603927135,33.520065308,24.481669616799998,33.520065308,-3.704156111353631,33.79779972958114,0.18861599497877535,0.40809202273858947
20261007_150609_general32_onehand_A508_off,general32_onehand_A508,off,PLAY,11,18,right_ankle_roll_joint,573,573,0,0,0.0,-0.07106569409370422,0.1699633151292801,0.0336638481460685,-0.036658127,0.088802733,0.025005378877382953,0.05877888936074829,0.07857364277645872,0.09058354812928009,0.11139355139999989,1.446526885,-0.482360601,2.31116581,1.9791515825999997,2.31116581,-0.543350027732258,2.581438895126349,0.24981684604606458,0.34347032282196394
20261007_150609_general32_onehand_A508_off,general32_onehand_A508,off,PLAY,12,2,waist_yaw_joint,573,573,0,0,0.0,-0.015237346291542053,0.3058159351348877,0.053296428017732565,0.066008657,0.158894837,0.028654717896466217,0.023510857976997368,0.19962291115328976,0.2237244393374939,0.30580661299999995,1.086779237,-5.872691631,9.340376854,7.886186123,9.340376854,-5.771104575336952,9.653817118109068,0.21725691797244595,0.3377294278676506
20261007_150609_general32_onehand_A508_off,general32_onehand_A508,off,PLAY,13,5,waist_roll_joint,573,573,0,0,0.0,-0.33320796489715576,0.3044824004173279,0.11110486007148761,-0.121103339,-0.0680857,0.008250834078379019,0.07329950690058994,0.32022285765137015,0.40300945925117493,0.3059334395999999,1.159895539,-7.536221981,11.169018745,8.738441848399999,11.169018745,-7.4356592643354436,11.527847119964482,0.26491802897319383,0.46358010905836594
20261007_150609_general32_onehand_A508_off,general32_onehand_A508,off,PLAY,14,8,waist_pitch_joint,573,573,0,0,0.0,-0.5798229575157166,0.23033872246742249,0.16446959383213253,0.001652108,0.043065261,0.009680586455567224,0.1644989697907715,0.3744333053314085,0.5961175876166992,0.17182298599999998,0.474191487,-16.6912117,6.08568573,10.803894233399998,16.6912117,-16.95360331280075,6.047090365290788,0.11262185007785064,0.27747705943655737
20261007_150609_general32_onehand_A508_off,general32_onehand_A508,off,PLAY,15,11,left_shoulder_pitch_joint,573,573,0,0,0.0,-0.11760373413562775,0.18530043959617615,0.04949354567144511,0.012319784,0.076926745,0.0206135793110614,0.06868222049720192,0.1054612110043045,0.16010959859617616,0.153398082,0.421844721,-2.125,1.9375,1.625,2.125,-2.0049344179435895,2.1471572961581353,0.12032471931671185,0.17458539565521405
20261007_150609_general32_onehand_A508_off,general32_onehand_A508,off,PLAY,16,15,left_shoulder_roll_joint,573,573,0,0,0.0,0.4608575999736786,0.688736617565155,0.02890304055351664,0.4211137,0.469410121,0.00694288645774919,0.12847533866799926,0.1711483659140991,0.25907614857373046,0.07117671379999997,0.544563174,0.125,3.75,2.25,3.75,0.22856863018554263,3.9953788924004496,0.18876988444532738,0.2385894882938444
20261007_150609_general32_onehand_A508_off,general32_onehand_A508,off,PLAY,17,19,left_shoulder_yaw_joint,573,573,0,0,0.0,-0.5636919736862183,-0.4657150208950043,0.024250070724315884,-0.582960665,-0.508107185,0.029171725755919163,0.042947352263671856,0.06026425376011963,0.07604867258544923,0.16076118939999992,0.87590307,0.0,1.1875,0.9375,1.1875,-0.14351858741706983,1.076782631305859,0.1219028855566725,0.17301074413058407
20261007_150609_general32_onehand_A508_off,general32_onehand_A508,off,PLAY,18,21,left_elbow_joint,573,573,0,0,0.0,0.819647490978241,1.0655139684677124,0.032673233348458376,0.896048546,0.988351047,0.022256094014639453,0.028812944410034125,0.06892257910353396,0.08921652994979856,0.16904468839999973,1.14895165,-1.375,0.875,1.0625,1.375,-1.2588661484591221,1.1034324851484871,0.12442382006248243,0.17288474795611375
20261007_150609_general32_onehand_A508_off,general32_onehand_A508,off,PLAY,19,23,left_wrist_roll_joint,573,573,0,0,0.0,0.5163969993591309,0.6449936032295227,0.025770799541380132,0.535203516,0.608379185,0.0213071642822447,0.010125995020355272,0.027624392692950424,0.037658691515564,0.14173983299999998,0.41570881,-0.4375,0.3125,0.3125,0.4375,-0.3002863192259392,0.5004786194862872,0.12904084541552893,0.18477032657337328
20261007_150609_general32_onehand_A508_off,general32_onehand_A508,off,PLAY,20,25,left_wrist_pitch_joint,573,573,0,0,0.0,-0.11125768721103668,0.010623552836477757,0.04114376562033588,-0.096461028,-0.0044821,0.03725662097301366,0.008426265257178307,0.021854655375187687,0.03029030176242447,0.17671459339999973,0.472466111,-0.456250012,0.318749994,0.362500012,0.456250012,-0.42950913626075204,0.35378482805581346,0.02527007831302508,0.044668415492006515
20261007_150609_general32_onehand_A508_off,general32_onehand_A508,off,PLAY,21,27,left_wrist_yaw_joint,573,573,0,0,0.0,-0.15780878067016602,0.006089352071285248,0.0381150949182148,-0.151900053,-0.001042628,0.037784299990775615,0.0063540635557022,0.015714398081997687,0.01875321212024522,0.147262156,0.300660253,-0.293749988,0.262499988,0.1875,0.293749988,-0.2709684893966871,0.29461217063419587,0.02559970170680546,0.04602346937442448
20261007_150609_general32_onehand_A508_off,general32_onehand_A508,off,PLAY,22,12,right_shoulder_pitch_joint,573,573,0,376,0.6561954624781849,-1.115731954574585,-0.8116612434387207,0.05782365411909069,-1.164231539,-0.611195505,0.14111618746210108,0.2360898255745849,0.3356691359745849,0.504536449574585,1.3609478,2.394544125,-7.25,4.75,4.625,7.25,-7.486677143624458,4.719807361561232,0.1607567018556404,0.32085522869934846
20261007_150609_general32_onehand_A508_off,general32_onehand_A508,off,PLAY,23,16,right_shoulder_roll_joint,573,573,0,0,0.0,-0.9177616834640503,-0.5307281613349915,0.08507886698790353,-0.960331917,-0.651114941,0.10414053584387203,0.16533219770266727,0.36167310483222653,0.4170337321669312,0.7593205333999998,1.017029285,-3.25,5.9375,5.1875,5.9375,-3.1854759737159886,6.165656392511275,0.12781316245682284,0.279522004363407
20261007_150609_general32_onehand_A508_off,general32_onehand_A508,off,PLAY,24,20,right_shoulder_yaw_joint,573,573,0,0,0.0,0.2648557126522064,0.853430986404419,0.17695839147684223,0.433984756,0.559711277,0.032654445074646134,0.13118156769873046,0.2918106792394043,0.35106426440441896,0.5727884409999999,1.19957304,-3.0,5.0625,4.25,5.0625,-3.1390818640478932,5.002884392797928,0.15005872443184032,0.22409929554140764
20261007_150609_general32_onehand_A508_off,general32_onehand_A508,off,PLAY,25,22,right_elbow_joint,573,573,0,0,0.0,-0.25606852769851685,0.3090003430843353,0.09587686366472171,0.097407781,0.257349253,0.027678901673866236,0.09808997768301392,0.2464244857165779,0.42613667269851685,0.5273825999999999,1.56159246,-5.9375,1.1875,3.2749999999999986,5.9375,-6.066478255360168,1.0910021938139336,0.18230652659385282,0.24878941588948209
20261007_150609_general32_onehand_A508_off,general32_onehand_A508,off,PLAY,26,24,right_wrist_roll_joint,573,573,0,0,0.0,-1.2624890804290771,-1.1224825382232666,0.027423225354158816,-1.267619491,-1.164914608,0.022661371385888016,0.01733219595965574,0.039930224422778375,0.06555259190063478,0.214757323,0.793068111,-0.5625,0.5,0.4375,0.5625,-0.4409520986632523,0.6589246237306664,0.13519376119608623,0.20454561187142958
20261007_150609_general32_onehand_A508_off,general32_onehand_A508,off,PLAY,27,26,right_wrist_pitch_joint,573,573,0,0,0.0,-0.13263006508350372,0.15457800030708313,0.10700710550759518,-0.128722563,0.205409616,0.12722728269088932,0.018730327052940365,0.05769012272243958,0.0660378184428482,0.3239767553999997,0.546097159,-1.075000048,0.362500012,0.925000012,1.075000048,-1.132416942907785,0.35411828948032253,0.028750388107229796,0.049886372295592875
20261007_150609_general32_onehand_A508_off,general32_onehand_A508,off,PLAY,28,28,right_wrist_yaw_joint,573,573,0,573,1.0,-0.22350260615348816,-0.22350260615348816,0.0,-0.215044931,-0.214985013,1.0899335692027502e-05,0.008493617153488148,0.008505612153488162,0.008517593153488157,0.024543693,0.036815539,-0.131249994,-0.087499999,0.131249994,0.131249994,-0.17548012096525456,-0.10258144375767594,0.023758695014124892,0.04321691165461984
20261007_150609_general32_onehand_A508_off,general32_onehand_A508,off,FINAL_HOLD,0,0,left_hip_pitch_joint,1541,1540,0,0,0.0,-0.1665424108505249,0.1159219965338707,0.04786636015224531,0.001252751,0.141305193,0.033187329858555964,0.08349699558823012,0.1803642211408081,0.22386528538754275,0.320704252,0.577049494,-20.91796875,1.93359375,17.841796875,20.91796875,-20.62821815425761,2.3820730012812845,0.24887574768058407,0.4250489154773964
20261007_150609_general32_onehand_A508_off,general32_onehand_A508,off,FINAL_HOLD,1,3,left_hip_roll_joint,1541,1540,0,0,0.0,-0.10291387885808945,0.09373762458562851,0.04480492508394052,0.054413706,0.146520734,0.021334488706334316,0.09013294590807057,0.17051751880508423,0.20413956785808945,0.157079637,0.350156695,-20.478515625,-0.3515625,16.962890625,20.478515625,-20.174855341214762,0.007600221016642622,0.23923167512898758,0.3838858409309047
20261007_150609_general32_onehand_A508_off,general32_onehand_A508,off,FINAL_HOLD,2,6,left_hip_yaw_joint,1541,1540,0,0,0.0,0.0412597581744194,0.21387818455696106,0.028029561738617988,-0.04902773,0.11950928,0.03947598003479288,0.06645349259261131,0.15638323420210265,0.1879180184825058,0.222841144,0.562245369,0.111860797,7.550603867,6.320135117,7.550603867,-0.09220999873174682,7.375017102773195,0.16562461647274818,0.25808784245128935
20261007_150609_general32_onehand_A508_off,general32_onehand_A508,off,FINAL_HOLD,3,9,left_knee_joint,1541,1540,0,0,0.0,0.018783651292324066,0.2746483087539673,0.05821116109697414,0.130371317,0.190111354,0.01164456584364215,0.05174489282255554,0.11734331378931809,0.13833006470767592,0.142898843,0.428696513,-13.974609375,9.4921875,11.865234375,13.974609375,-14.084547906987833,9.996085912573118,0.2869905418524078,0.4675094607500343
20261007_150609_general32_onehand_A508_off,general32_onehand_A508,off,FINAL_HOLD,4,13,left_ankle_pitch_joint,1541,1540,0,0,0.0,-0.35072061419487,0.5881660580635071,0.22636121776752788,-0.190580249,-0.115895577,0.015472810509729495,0.19172989592383957,0.611214354466919,0.7655290810635071,0.140715912,0.511997998,-5.125336647,21.52422142,17.04101181,21.52422142,-5.188828243056114,21.812780921871497,0.12701442387817097,0.34450433817018167
20261007_150609_general32_onehand_A508_off,general32_onehand_A508,off,FINAL_HOLD,5,17,left_ankle_roll_joint,1541,1540,0,0,0.0,-0.1564745157957077,-0.01607823185622692,0.02489020050034332,-0.135495275,-0.044915464,0.016500440671244773,0.02867275501864243,0.055325854158826834,0.08073421202622413,0.145808607,0.666625619,-2.115273952,1.989160657,1.688191891,2.115273952,-1.917312226708672,2.3324768549133164,0.24597225640794707,0.33237896317409676
20261007_150609_general32_onehand_A508_off,general32_onehand_A508,off,FINAL_HOLD,6,1,right_hip_pitch_joint,1541,1540,0,0,0.0,-0.07110172510147095,0.16073639690876007,0.033961773135286456,-0.223850399,0.034548655,0.059725534938391875,0.11266442173047925,0.2195729162872238,0.3461072592029343,0.429787338,0.730856657,1.40625,34.1015625,21.97265625,34.1015625,0.9740028369081832,33.86925129501164,0.22411895406479765,0.43841293241876933
20261007_150609_general32_onehand_A508_off,general32_onehand_A508,off,FINAL_HOLD,7,4,right_hip_roll_joint,1541,1540,0,0,0.0,-0.2764821946620941,0.0162688959389925,0.06011824753724009,-0.179262698,-0.061904646,0.025335784984895377,0.033883981551048284,0.1400582558726058,0.21002674066209412,0.164715454,0.346884191,-21.181640625,14.765625,13.798828125,21.181640625,-20.96471997168001,15.359626638224755,0.3471257106148915,0.5059256003230965
20261007_150609_general32_onehand_A508_off,general32_onehand_A508,off,FINAL_HOLD,8,7,right_hip_yaw_joint,1541,1540,0,0,0.0,-0.4425881505012512,-0.052224185317754745,0.07632237792135836,-0.378816545,-0.25399068,0.027967572130746944,0.030847132226852425,0.11039794963420868,0.21470308668224525,0.243411109,0.709663391,-3.971058369,8.948863983,4.530362129,8.948863983,-4.249546699377231,8.692501134958393,0.19415557069221523,0.2990848739741714
20261007_150609_general32_onehand_A508_off,general32_onehand_A508,off,FINAL_HOLD,9,10,right_knee_joint,1541,1540,0,0,0.0,0.143232524394989,0.6034855246543884,0.0832401311784886,0.238235742,0.461182803,0.05382030651388421,0.04032424108424376,0.1451815814588852,0.215071290605011,0.316340953,0.705767572,-20.478515625,18.193359375,13.974609375,20.478515625,-20.920469272867297,18.1134849223417,0.3052858004093184,0.4941819568437875
20261007_150609_general32_onehand_A508_off,general32_onehand_A508,off,FINAL_HOLD,10,14,right_ankle_pitch_joint,1541,1540,0,0,0.0,-0.5182439684867859,0.7729121446609497,0.23242799162995584,-0.197593868,-0.06020131,0.03320974978766759,0.2649554609598541,0.6516218187557679,0.9342846426609497,0.164844424,0.375991642,-10.615960121,26.450172424,18.351795197,26.450172424,-10.656186546319143,26.6303086461141,0.13479902838264746,0.32605944469381143
20261007_150609_general32_onehand_A508_off,general32_onehand_A508,off,FINAL_HOLD,11,18,right_ankle_roll_joint,1541,1540,0,0,0.0,-0.006400128360837698,0.22869804501533508,0.04151831591095541,-0.042340677,0.058912683,0.019890950637421384,0.03565735625459671,0.16027109897190095,0.25766633601533506,0.146671936,0.320416808,-0.519329727,6.96612978,4.222704887,6.96612978,-0.28132107303635123,7.354911448081292,0.27980232905958924,0.39975654475854305
20261007_150609_general32_onehand_A508_off,general32_onehand_A508,off,FINAL_HOLD,12,2,waist_yaw_joint,1541,1540,0,0,0.0,-0.0076009249314665794,0.33563852310180664,0.0625058476679054,0.035207294,0.179946899,0.03138678372582489,0.048195659792861945,0.17690196656949614,0.269537921981781,0.306835115,0.738804162,-5.98455286,10.850497246,7.047230244,10.850497246,-5.89982868478909,11.210142398480786,0.2289899610076871,0.34797923041666845
20261007_150609_general32_onehand_A508_off,general32_onehand_A508,off,FINAL_HOLD,13,5,waist_roll_joint,1541,1540,0,0,0.0,-0.7106672525405884,0.33210888504981995,0.17332220790404973,-0.117177308,-0.038228225,0.009510980520785348,0.10893941519155788,0.36238481062345884,0.6142346415405884,0.248071522,0.646396518,-17.573791504,11.581673622,10.174424171,17.573791504,-17.468426174723966,11.915878067404954,0.2527083891770121,0.42146765494113225
20261007_150609_general32_onehand_A508_off,general32_onehand_A508,off,FINAL_HOLD,14,8,waist_pitch_joint,1541,1540,0,0,0.0,-0.7292840480804443,0.2921634018421173,0.2022411965569955,-0.009190474,0.039230213,0.009501395580449953,0.1722374586361618,0.5788575905834046,0.7451999730804444,0.158150703,0.447859108,-21.091362,7.89867115,16.369447708,21.091362,-21.24395969370186,7.840841266106344,0.10227499348051627,0.29353677762814145
20261007_150609_general32_onehand_A508_off,general32_onehand_A508,off,FINAL_HOLD,15,11,left_shoulder_pitch_joint,1541,1540,0,0,0.0,-0.130729079246521,0.10107270628213882,0.03742938871756471,-0.008844358,0.085998803,0.023097095573868395,0.060047067671843285,0.10513099271665573,0.1720188414022064,0.18867965,0.469398141,-2.5625,0.5625,1.625,2.5625,-2.433284002083974,0.750158673299217,0.11791773734310551,0.1687031358626514
20261007_150609_general32_onehand_A508_off,general32_onehand_A508,off,FINAL_HOLD,16,15,left_shoulder_roll_joint,1541,1540,0,0,0.0,0.4599417448043823,0.6429982781410217,0.03966764372801967,0.416463822,0.464352787,0.013973909518052208,0.1179918348280945,0.17209249758477785,0.19822296521704103,0.099708758,0.240834996,0.4375,2.5625,2.25,2.5625,0.6334744596327201,2.7810762187307616,0.1910158051969737,0.2350242798193516
20261007_150609_general32_onehand_A508_off,general32_onehand_A508,off,FINAL_HOLD,17,19,left_shoulder_yaw_joint,1541,1540,0,0,0.0,-0.5680092573165894,-0.44011715054512024,0.024652794320069935,-0.562731266,-0.504104435,0.016486998331814533,0.017368912775482137,0.04645827378410339,0.07629567423132322,0.101242736,0.406504929,0.0,1.125,0.75,1.125,-0.15922880382535343,1.0343776968778646,0.12563206788306822,0.16913314780660899
20261007_150609_general32_onehand_A508_off,general32_onehand_A508,off,FINAL_HOLD,18,21,left_elbow_joint,1541,1540,0,0,0.0,0.8389688730239868,1.0133802890777588,0.046548028295743026,0.923324645,1.015447378,0.03130292788820507,0.031954466894805855,0.0751339198290405,0.10593330888555919,0.154932067,0.616660297,-1.5,0.25,1.125,1.5,-1.3859902287342583,0.3836853310840408,0.12237792514541757,0.16961524517167625
20261007_150609_general32_onehand_A508_off,general32_onehand_A508,off,FINAL_HOLD,19,23,left_wrist_roll_joint,1541,1540,0,0,0.0,0.5350858569145203,0.7347221970558167,0.03184079281369165,0.537540436,0.71418792,0.030484839487141573,0.010028302684600865,0.028451800724395793,0.04129064079101563,0.133456334,0.576776803,-0.5625,0.3125,0.3125,0.5625,-0.4410630251894682,0.5114773791375751,0.134459686663764,0.19641426789847893
20261007_150609_general32_onehand_A508_off,general32_onehand_A508,off,FINAL_HOLD,20,25,left_wrist_pitch_joint,1541,1540,0,0,0.0,-0.0707823634147644,0.009957567788660526,0.019586609547932173,-0.055139419,-0.004362258,0.015256140084323203,0.007201195168825149,0.015516344505809784,0.022727545202550888,0.055223312,0.349747628,-0.375,0.262499988,0.256249994,0.375,-0.3420060031290689,0.28805866213203246,0.024912776070620604,0.04282905630486486
20261007_150609_general32_onehand_A508_off,general32_onehand_A508,off,FINAL_HOLD,21,27,left_wrist_yaw_joint,1541,1540,0,0,0.0,-0.15042340755462646,-0.024078093469142914,0.03408255283048605,-0.141749412,-0.030871363,0.0329288641155907,0.004901293458877562,0.013309821974815367,0.02017627635434724,0.116582543,0.300660253,-0.28125,0.262499988,0.181250006,0.28125,-0.2671121592181993,0.28609190808121227,0.025220689396606853,0.04587194758998224
20261007_150609_general32_onehand_A508_off,general32_onehand_A508,off,FINAL_HOLD,22,12,right_shoulder_pitch_joint,1541,1540,0,1325,0.8603896103896104,-1.115731954574585,-0.7649822235107422,0.059142097881186975,-1.161942601,-0.144589677,0.209897743041057,0.316851496574585,0.813381940574585,0.9711422775745849,1.607611895,2.917631626,-13.9375,5.4375,11.375,13.9375,-14.336846096911671,5.353443011113745,0.2121164207387345,0.36499622701131607
20261007_150609_general32_onehand_A508_off,general32_onehand_A508,off,FINAL_HOLD,23,16,right_shoulder_roll_joint,1541,1540,0,0,0.0,-1.4363951683044434,-0.5519220232963562,0.12229682603174745,-0.92934072,-0.648106873,0.06394849486615013,0.1273604032773743,0.31932854632159424,0.6264892223044434,0.662679732,1.15201962,-8.5,5.3125,4.4375,8.5,-8.416056457297126,5.516959608194009,0.12520578481701625,0.24399849425201037
20261007_150609_general32_onehand_A508_off,general32_onehand_A508,off,FINAL_HOLD,24,20,right_shoulder_yaw_joint,1541,1540,0,0,0.0,-0.22910398244857788,0.7143697738647461,0.19443881796967719,0.360209852,0.559591413,0.046544579200443116,0.14635544978253173,0.41880398185527945,0.6327326894485779,0.674951553,1.242524505,-8.8125,4.5625,5.625,8.8125,-9.026576496077892,4.419212237298951,0.16207738318230058,0.2372133191386343
20261007_150609_general32_onehand_A508_off,general32_onehand_A508,off,FINAL_HOLD,25,22,right_elbow_joint,1541,1540,0,53,0.03441558441558441,-0.7157319188117981,0.29420793056488037,0.20726764779926649,-0.043598611,0.240655228,0.04740542534670802,0.11218716012562846,0.6366074760255127,0.7713387238117981,0.83141762,2.014116764,-10.75,1.6875,8.3125,10.75,-11.00736545313167,1.5214965619114842,0.18454205853105332,0.26570549747130423
20261007_150609_general32_onehand_A508_off,general32_onehand_A508,off,FINAL_HOLD,26,24,right_wrist_roll_joint,1541,1540,0,0,0.0,-1.2847559452056885,-1.1117810010910034,0.0338504020836856,-1.277602315,-1.129788876,0.0322158873025227,0.02355825885498053,0.05214464626458737,0.08950436086901847,0.354349583,0.87590307,-1.0,1.1875,0.625,1.1875,-0.8906724137192614,1.3845471251922203,0.14344461001647957,0.21179582150814502
20261007_150609_general32_onehand_A508_off,general32_onehand_A508,off,FINAL_HOLD,27,26,right_wrist_pitch_joint,1541,1540,0,0,0.0,-0.17369608581066132,0.15581955015659332,0.0785396145800171,-0.19527097,0.177066922,0.08996402020739812,0.015717305006210325,0.04166927930642319,0.05984426258218384,0.319068015,0.705631196,-1.181249976,0.637499988,0.675000012,1.181249976,-1.2441995063600637,0.6163762428110447,0.026980210948196748,0.049808062289164456
20261007_150609_general32_onehand_A508_off,general32_onehand_A508,off,FINAL_HOLD,28,28,right_wrist_yaw_joint,1541,1540,0,1540,1.0,-0.22350260615348816,-0.22350260615348816,0.0,-0.215068907,-0.214973032,1.2204059018659895e-05,0.008481636153488153,0.008505612153488162,0.00852957415348815,0.01840777,0.042951465,-0.143749997,-0.075000003,0.131249994,0.143749997,-0.18223517479842155,-0.09582615075535159,0.023557673867053153,0.04321977619790471
20261007_150721_general32_onehand_A508_on,general32_onehand_A508,on,CONTROL_PREPLAY,0,0,left_hip_pitch_joint,107,107,0,0,0.0,-0.5015067458152771,-0.05491197854280472,0.08002623512398249,-0.365385711,-0.130439505,0.04491107962336981,0.018311560352432255,0.10126804676435582,0.190838784036438,1.4912748097999933,2.448915243,-19.86328125,9.404296875,9.219726562499993,19.86328125,-20.730466973148527,9.755654643109438,0.32828080843395824,0.6235483297841584
20261007_150721_general32_onehand_A508_on,general32_onehand_A508,on,CONTROL_PREPLAY,1,3,left_hip_roll_joint,107,107,0,0,0.0,-0.03378460928797722,0.6002399921417236,0.10028388278714861,0.017913487,0.116309829,0.01799796019159492,0.09881067697223091,0.1316086514934554,0.5636119391417236,0.40862523319999994,0.851938903,-11.25,56.162109375,11.742187499999993,56.162109375,-10.882436155601358,56.34166679601007,0.2330826544055622,0.4176186106716223
20261007_150721_general32_onehand_A508_on,general32_onehand_A508,on,CONTROL_PREPLAY,2,6,left_hip_yaw_joint,107,107,0,0,0.0,-0.7214322686195374,0.31619927287101746,0.18809314240727734,-0.06738802,0.103023857,0.043541525191518826,0.191918768414505,0.21621109054203339,0.6778818256195374,0.8939358173999992,1.189628959,-29.139738083,8.781072617,8.725142479,29.139738083,-29.582556602614382,8.620592412799068,0.15419806900868904,0.3256786425901925
20261007_150721_general32_onehand_A508_on,general32_onehand_A508,on,CONTROL_PREPLAY,3,9,left_knee_joint,107,107,0,0,0.0,-0.20630772411823273,1.0385326147079468,0.16751441471582065,0.098464519,0.91285491,0.22310943367471725,0.03189091371681976,0.22093088431027447,1.0890540031182327,2.738421678599999,4.027347088,-97.998046875,10.37109375,12.708984374999982,97.998046875,-97.73842234804205,10.826942416864203,0.4262212347936325,1.7978467166947463
20261007_150721_general32_onehand_A508_on,general32_onehand_A508,on,CONTROL_PREPLAY,4,13,left_ankle_pitch_joint,107,107,0,0,0.0,-0.6731162667274475,0.4410199522972107,0.1818233898790528,-0.452493906,0.014197361,0.1268513329140758,0.1347750411507721,0.3563052143832274,0.4382351652972107,1.7131333829999984,2.821077585,-2.083730698,12.293710709,8.955212211899985,12.293710709,-4.132831717768866,12.508451805666164,0.08420322251560908,2.7740355694518692
20261007_150721_general32_onehand_A508_on,general32_onehand_A508,on,CONTROL_PREPLAY,5,17,left_ankle_roll_joint,107,107,0,0,0.0,-0.13805316388607025,0.1410524547100067,0.05257069252396027,-0.100499578,0.00351872,0.01715695564609607,0.05646518661988831,0.0699585682493202,0.15250954471000672,0.44306362529999893,0.964983344,-2.331292629,4.288725376,2.302084470099999,4.288725376,-2.4228420198902945,4.852375657656075,0.22437883806789816,0.34928251643253677
20261007_150721_general32_onehand_A508_on,general32_onehand_A508,on,CONTROL_PREPLAY,6,1,right_hip_pitch_joint,107,107,0,0,0.0,-0.4008348882198334,0.08292683959007263,0.09998079401123489,-0.39067933,-0.084334858,0.0717730628258132,0.12818484035015107,0.16440655002739865,0.21087561579049682,1.3053972240999994,2.592905045,-10.107421875,20.302734375,16.3212890625,20.302734375,-11.290649228279573,20.313250091852225,0.24863736183554153,0.8757438382935274
20261007_150721_general32_onehand_A508_on,general32_onehand_A508,on,CONTROL_PREPLAY,7,4,right_hip_roll_joint,107,107,0,0,0.0,-0.3847476541996002,0.02406870760023594,0.09439195403311283,-0.158008546,-0.032955021,0.018080945116521953,0.08925386285260821,0.1818843125957145,0.2312899231996002,0.7428558232999991,1.602430463,-23.994140625,11.865234375,18.905273437499986,23.994140625,-24.272293578766906,12.395435351896268,0.426240760393787,0.5736035371333315
20261007_150721_general32_onehand_A508_on,general32_onehand_A508,on,CONTROL_PREPLAY,8,7,right_hip_yaw_joint,107,107,0,0,0.0,-0.46827390789985657,0.28537195920944214,0.1839497730068391,-0.322691113,-0.009843043,0.08757946273975283,0.12406936267170715,0.14716970525258308,0.42812956820944215,0.9643879296999994,1.818726659,-5.593039989,18.96040535,7.2262074468999895,18.96040535,-5.874557150681945,18.938236689413877,0.25247746959425044,0.33752302466131023
20261007_150721_general32_onehand_A508_on,general32_onehand_A508,on,CONTROL_PREPLAY,9,10,right_knee_joint,107,107,0,0,0.0,-0.0010315913241356611,1.223759412765503,0.19647626877622515,0.205664217,0.967626572,0.2067443175754595,0.11102798554879761,0.37069959165662714,0.6381756383758135,2.931062555499999,3.730641365,-45.52734375,14.94140625,18.140624999999947,45.52734375,-45.090027485526484,14.767938035704567,0.2360209614097375,1.1040320377903183
20261007_150721_general32_onehand_A508_on,general32_onehand_A508,on,CONTROL_PREPLAY,10,14,right_ankle_pitch_joint,107,107,0,0,0.0,-0.6820502877235413,0.7122679352760315,0.3097994655816435,-0.434677601,-0.128422648,0.085826839388142,0.5255650136088257,0.6739603785973236,0.8655553755112915,1.5322593208999997,1.968269706,-6.453397274,23.349302292,19.399032593199994,23.349302292,-5.160728687040921,24.093097654120402,0.17227504060238985,2.5105630636887963
20261007_150721_general32_onehand_A508_on,general32_onehand_A508,on,CONTROL_PREPLAY,11,18,right_ankle_roll_joint,107,107,0,0,0.0,-0.025466611608862877,0.12404502928256989,0.044532765200550564,-0.014692933,0.048781447,0.01761020116054499,0.07186791350479889,0.07709795242196732,0.07778895238902664,0.3914837238999997,1.143045068,-1.467633009,1.968147874,1.9281732082,1.968147874,-1.9381068572021465,2.2006728205893915,0.2673985075150709,0.5284737430869084
20261007_150721_general32_onehand_A508_on,general32_onehand_A508,on,CONTROL_PREPLAY,12,2,waist_yaw_joint,107,107,0,0,0.0,-0.3848561644554138,0.39187413454055786,0.1621551274000296,-0.108795762,0.371638507,0.14684191223703275,0.028646171382064822,0.2113360781318111,0.3908213451560669,1.3145913953999984,3.138631821,-13.199574471,11.913174629,6.661310434499986,13.199574471,-13.177024187179459,12.146961267000234,0.18671538349652278,0.31635270892325423
20261007_150721_general32_onehand_A508_on,general32_onehand_A508,on,CONTROL_PREPLAY,13,5,waist_roll_joint,107,107,0,0,0.0,-0.3925025761127472,0.1807594746351242,0.0730930268383575,-0.139475331,-0.037577186,0.024051740609303013,0.019253228334815978,0.18907205815045997,0.3258355781127472,0.5377076867,1.602566838,-7.829547882,7.870576382,4.921983862099993,7.870576382,-6.378949241290805,8.24616823861155,0.24593515932849763,0.5503646047937051
20261007_150721_general32_onehand_A508_on,general32_onehand_A508,on,CONTROL_PREPLAY,14,8,waist_pitch_joint,107,107,0,0,0.0,-0.7531177401542664,0.4110749065876007,0.18527144841392412,-0.112115167,0.073976189,0.03985778165656772,0.3155103025311966,0.41890133526980894,0.6902774421542663,0.9103686749999946,2.550950766,-15.966069221,9.81105423,11.6696582798,15.966069221,-16.795381861058132,10.26861469391094,0.14764525855583166,0.9261533664947911
20261007_150721_general32_onehand_A508_on,general32_onehand_A508,on,CONTROL_PREPLAY,15,11,left_shoulder_pitch_joint,107,107,0,0,0.0,-0.4151969850063324,0.9994638562202454,0.28250885543739535,-0.29306224,0.512577295,0.21654037611297353,0.10005414474072266,0.5217124877798225,0.9094793196668549,3.2195190903999977,5.128098011,-11.75,7.5625,6.6562499999999964,11.75,-11.559242517043947,7.500324211030228,0.13788301572177808,0.41666052395984804
20261007_150721_general32_onehand_A508_on,general32_onehand_A508,on,CONTROL_PREPLAY,16,15,left_shoulder_roll_joint,107,107,0,0,0.0,-0.0038502912502735853,0.8363538384437561,0.12779776563098802,0.136356518,0.538463235,0.08448916118591716,0.0879104430559845,0.31257263092787757,0.5460552273439025,1.4939438937999927,3.831884146,-4.0625,5.9375,3.799999999999997,5.9375,-4.203398352723795,5.91186361311379,0.19916214257904152,0.26274062977739615
20261007_150721_general32_onehand_A508_on,general32_onehand_A508,on,CONTROL_PREPLAY,17,19,left_shoulder_yaw_joint,107,107,0,0,0.0,-0.8205143213272095,0.022520609200000763,0.20407377420643938,-0.801457047,-0.012930979,0.21872652197237172,0.014723718095214888,0.19628025041554514,0.2842588130240479,2.047250878599999,3.551165581,-1.625,2.3125,1.0249999999999986,2.3125,-1.3273815436905156,2.14049002887202,0.1337303401276113,0.21455537707167627
20261007_150721_general32_onehand_A508_on,general32_onehand_A508,on,CONTROL_PREPLAY,18,21,left_elbow_joint,107,107,0,0,0.0,0.43750128149986267,1.3033220767974854,0.20994699483261547,0.698392689,1.272413135,0.18002257724353313,0.023294925585205073,0.26981130866090663,0.40892055650013737,1.5595983023999982,2.966718912,-5.25,2.375,2.3374999999999986,5.25,-5.103994174651235,2.345079350050445,0.11208534345540672,0.2088095268443921
20261007_150721_general32_onehand_A508_on,general32_onehand_A508,on,CONTROL_PREPLAY,19,23,left_wrist_roll_joint,107,107,0,0,0.0,0.0,0.5505099296569824,0.11186197980643267,0.006615292,0.496003121,0.12251538314016171,0.007168829734100324,0.08847201986935653,0.22376269080789185,1.5850624445999966,4.071185112,-0.5625,0.25,0.25,0.5625,-0.5047145373673798,0.3718424967008548,0.1166573382101677,0.25231719838806005
20261007_150721_general32_onehand_A508_on,general32_onehand_A508,on,CONTROL_PREPLAY,20,25,left_wrist_pitch_joint,107,107,0,86,0.8037383177570093,-0.22350260615348816,0.03995652124285698,0.07394420955181356,-0.212012932,0.019953735,0.07387989300007616,0.011549592153488164,0.05720844096937369,0.06952257450534821,0.8614836276999999,1.349903107,-0.625,0.331250012,0.3037499993999994,0.625,-0.6602329880266785,0.34946473940511336,0.019727252346074586,0.0429077079162196
20261007_150721_general32_onehand_A508_on,general32_onehand_A508,on,CONTROL_PREPLAY,21,27,left_wrist_yaw_joint,107,107,70,0,0.6542056074766355,-0.03905728831887245,0.22350260615348816,0.08316794775194057,-0.017149426,0.213055551,0.08242522317289394,0.010542929153488173,0.037172705296378325,0.05494346706562042,0.5528467113999997,0.889708877,-0.162499994,0.237499997,0.15625,0.237499997,-0.11857234050790866,0.2742716517949686,0.02618641486041337,0.045423948142897005
20261007_150721_general32_onehand_A508_on,general32_onehand_A508,on,CONTROL_PREPLAY,22,12,right_shoulder_pitch_joint,107,107,0,99,0.9252336448598131,-1.115731954574585,0.20000000298023224,0.19586384259529152,-1.066368341,0.251237303,0.27889809195400456,0.26914232957458495,0.7663918867977393,1.304603338574585,5.02102608659999,10.995574951,-16.625,7.6875,7.406249999999989,16.625,-16.68344079542934,8.58131920297789,0.21010434547118262,0.49335444525564287
20261007_150721_general32_onehand_A508_on,general32_onehand_A508,on,CONTROL_PREPLAY,23,16,right_shoulder_roll_joint,107,107,0,2,0.018691588785046728,-1.515731930732727,0.0010306965559720993,0.3286833644572965,-1.143822432,-0.119854234,0.2760021714894986,0.28731071966656496,0.3614041476516464,1.3116885127327271,1.3980701563999998,7.728195667,-17.5625,12.5625,6.6312499999999766,17.5625,-17.43570686573734,13.601626552457606,0.12251603196724892,0.33311617496122164
20261007_150721_general32_onehand_A508_on,general32_onehand_A508,on,CONTROL_PREPLAY,24,20,right_shoulder_yaw_joint,107,107,0,0,0.0,-0.34506669640541077,1.025925874710083,0.18680041573723932,0.034586474,0.60709691,0.11324223449385185,0.1046232879253845,0.3600407840585944,0.7962541880247802,2.294221711199997,5.988661289,-6.5625,7.1875,3.2062499999999936,7.1875,-6.7606753601189205,6.60884050888396,0.2054546345621131,0.30114489766185554
20261007_150721_general32_onehand_A508_on,general32_onehand_A508,on,CONTROL_PREPLAY,25,22,right_elbow_joint,107,107,0,3,0.028037383177570093,-0.7157319188117981,0.6221369504928589,0.2093284526835715,-0.059549615,0.690662861,0.17201596948607153,0.07471637959185791,0.33185405743378554,1.260654627811798,3.208167529299999,8.347924232,-11.875,2.5625,2.6062499999999993,11.875,-11.368633408357812,2.053326921255117,0.18220826032284232,0.501403033605107
20261007_150721_general32_onehand_A508_on,general32_onehand_A508,on,CONTROL_PREPLAY,26,24,right_wrist_roll_joint,107,107,0,0,0.0,-0.9732911586761475,0.0,0.16243179775763808,-0.934146404,-0.027647607,0.18486626106150986,0.03438800584390256,0.15398061420664205,0.30342814356777953,2.6698935750999992,5.686467171,-0.4375,0.5,0.3125,0.5,-0.30624402684800156,0.834853044530826,0.1793291413891669,0.4607339528010196
20261007_150721_general32_onehand_A508_on,general32_onehand_A508,on,CONTROL_PREPLAY,27,26,right_wrist_pitch_joint,107,107,0,89,0.8317757009345794,-0.22350260615348816,0.01910378970205784,0.06580575627401476,-0.219035685,0.022326611,0.07504076617694524,0.004514858153488149,0.058294903143264534,0.0797878283392868,0.6958137093999999,1.448077917,-0.956250012,0.200000003,0.3737499921999997,0.956250012,-0.9452057968605847,0.20804571141631079,0.025349744194545012,0.04575911228601395
20261007_150721_general32_onehand_A508_on,general32_onehand_A508,on,CONTROL_PREPLAY,28,28,right_wrist_yaw_joint,107,107,0,96,0.897196261682243,-0.22350260615348816,0.01774103380739689,0.059318453472936135,-0.21502097,-0.004518053,0.0619799167860876,0.008505612153488162,0.04968598832439915,0.11311590715348815,0.6682020486999988,1.724194527,-0.193749994,0.106250003,0.131249994,0.193749994,-0.23359854017734136,0.08891344346947527,0.023959951057788142,0.04659916988535895
20261007_150721_general32_onehand_A508_on,general32_onehand_A508,on,PLAY,0,0,left_hip_pitch_joint,571,571,0,0,0.0,-0.5040798187255859,0.2309771031141281,0.08402433488651304,-0.349739105,0.019822441,0.08148148092552082,0.03791390325798036,0.13886149750611876,0.3781710861141281,0.613592327,1.620974541,-22.5,39.462890625,14.150390625,39.462890625,-22.36049325209304,40.33900341067602,0.2944558708045435,0.5176494632729005
20261007_150721_general32_onehand_A508_on,general32_onehand_A508,on,PLAY,1,3,left_hip_roll_joint,571,571,0,0,0.0,-0.13286173343658447,0.5550650954246521,0.0765623886897774,-0.074628167,0.170212209,0.050823195143825856,0.08076356376469421,0.21155564852867698,0.5292942184246521,0.374154985,1.720240235,-25.400390625,41.66015625,21.3134765625,41.66015625,-25.35520581681589,41.62709786788185,0.254460171994336,0.5155665209198927
20261007_150721_general32_onehand_A508_on,general32_onehand_A508,on,PLAY,2,6,left_hip_yaw_joint,571,571,0,0,0.0,-0.23750533163547516,0.48041996359825134,0.0968999552323803,0.049858026,0.276850671,0.04663342047833415,0.14028322670921325,0.23012053973973082,0.35047936463547513,0.455110192,2.578100681,-9.340376854,10.011541367,9.228515625,10.011541367,-9.690297243181012,9.993153355554039,0.1716751979130544,0.30315350917829836
20261007_150721_general32_onehand_A508_on,general32_onehand_A508,on,PLAY,3,9,left_knee_joint,571,571,0,0,0.0,0.028970029205083847,0.6117647886276245,0.10908654528687521,0.083670132,0.541205466,0.10336476878632732,0.03530358568881989,0.09654518219145586,0.45491306525173947,0.7853981855000001,2.982331514,-22.1484375,39.90234375,8.7890625,39.90234375,-22.148738876049414,40.29829339124922,0.33986305068452705,0.5747253576068012
20261007_150721_general32_onehand_A508_on,general32_onehand_A508,on,PLAY,4,13,left_ankle_pitch_joint,571,571,2,0,0.0035026269702276708,-0.5948410630226135,0.9527319669723511,0.24206982749465517,-0.222567499,-0.002678442,0.06504830965637647,0.1514375021838894,0.5655982280997772,0.9843465949723511,0.34649541949999996,2.321700573,-9.012769699,29.104402542,16.053305626,29.104402542,-9.964607677553936,28.910701388674607,0.13073617388932846,0.4252269506506694
20261007_150721_general32_onehand_A508_on,general32_onehand_A508,on,PLAY,5,17,left_ankle_roll_joint,571,571,0,0,0.0,-0.21094107627868652,0.0798492431640625,0.054404620402841386,-0.130608827,-0.036528852,0.02663849181728313,0.05057656063914871,0.09249690178185273,0.1307875771640625,0.2505802885,1.757856011,-3.31185627,3.743231773,2.874333978,3.743231773,-3.1654982737591104,4.739077240154404,0.2426949271719816,0.35764717882734276
20261007_150721_general32_onehand_A508_on,general32_onehand_A508,on,PLAY,6,1,right_hip_pitch_joint,571,571,0,0,0.0,-0.7206624150276184,0.20079486072063446,0.1733893021470911,-0.648243248,0.004618987,0.20432258890691857,0.15205635168902207,0.274166099945919,0.43451577466519165,0.836667269,2.811070919,-26.279296875,44.6484375,25.927734375,44.6484375,-25.121358485052266,45.028034652968756,0.2548010929015092,0.5940891372881394
20261007_150721_general32_onehand_A508_on,general32_onehand_A508,on,PLAY,7,4,right_hip_roll_joint,571,571,0,0,0.0,-0.7848652005195618,0.03888466954231262,0.19263373844582468,-0.466270506,-0.108341657,0.10699781163998077,0.09995877025376892,0.2190087265305803,0.3802292048923035,0.57377702,1.852230787,-37.353515625,23.466796875,21.181640625,37.353515625,-37.046987129503975,23.929417324127936,0.3912052302203586,0.5682105940003206
20261007_150721_general32_onehand_A508_on,general32_onehand_A508,on,PLAY,8,7,right_hip_yaw_joint,571,571,0,0,0.0,-0.8608427047729492,0.5320367813110352,0.22799789958470093,-0.647926688,-0.076655209,0.13420677070023346,0.08436468269786074,0.28469075281806944,0.7994193733110351,0.7508032920000001,4.083135605,-11.857244492,25.83984375,10.207297802,25.83984375,-12.058132549050187,25.924585654064384,0.23591072275804614,0.3506827196670308
20261007_150721_general32_onehand_A508_on,general32_onehand_A508,on,PLAY,9,10,right_knee_joint,571,571,0,0,0.0,-0.11170613020658493,1.3106690645217896,0.13791519529070512,0.207590207,1.05467999,0.22336534524897972,0.12489150430046081,0.4289647042323608,1.163999907206585,1.2860895399999999,5.998478413,-121.201171875,28.4765625,38.232421875,121.201171875,-123.02087618146403,26.87985002623472,0.2970663286799645,0.787869161326864
20261007_150721_general32_onehand_A508_on,general32_onehand_A508,on,PLAY,10,14,right_ankle_pitch_joint,571,571,6,0,0.010507880910683012,-1.2760921716690063,0.9527319669723511,0.44786314594974036,-0.504273176,-0.044685688,0.08479938572904679,0.44346301280999756,0.8295810818261413,1.117032601972351,0.6714847385,5.720888138,-20.980007172,34.174144745,23.497686385999998,34.174144745,-21.340595713863813,33.74690636432219,0.20437538635153985,1.0313139923141694
20261007_150721_general32_onehand_A508_on,general32_onehand_A508,on,PLAY,11,18,right_ankle_roll_joint,571,571,0,0,0.0,-0.047187648713588715,0.39906084537506104,0.06444048975366506,-0.016333902,0.158531442,0.02546463538526437,0.054018039585163116,0.19412269967022705,0.348237123375061,0.31266690799999997,2.62962389,-3.724984646,9.163034439,5.2672519685,9.163034439,-4.528703699375627,10.166830131493859,0.2612381135933576,0.47727085200147085
20261007_150721_general32_onehand_A508_on,general32_onehand_A508,on,PLAY,12,2,waist_yaw_joint,571,571,0,0,0.0,0.11094984412193298,0.4700678288936615,0.09916982751078074,0.033452954,0.375294477,0.11377369045169766,0.05313413597067261,0.24705971204148103,0.38016887787109377,0.657381386,2.307262897,-5.313387871,15.548650742,9.340376854,15.548650742,-4.992468555734842,16.077450238087255,0.24110187372111103,0.37237158343944904
20261007_150721_general32_onehand_A508_on,general32_onehand_A508,on,PLAY,13,5,waist_roll_joint,571,571,0,0,0.0,-1.1853426694869995,0.3320727050304413,0.38079994745212464,-0.132447019,0.087115198,0.04868989767477023,0.2736181545882721,0.9903478905469514,1.1728204268091431,0.5710531775,2.13795805,-33.489097595,11.409452438,28.3460054395,33.489097595,-33.638513009855146,11.874873249326019,0.231826407802529,0.5743722060713123
20261007_150721_general32_onehand_A508_on,general32_onehand_A508,on,PLAY,14,8,waist_pitch_joint,571,571,0,0,0.0,-0.8098915219306946,0.3884575366973877,0.23382080752863427,0.008516438,0.095742345,0.01717950684615561,0.35989046084950255,0.6762115208809967,0.8741618169306946,0.2503932265,0.925252259,-25.169660568,9.318181038,19.206523895,25.169660568,-25.406892413439017,9.318112992458497,0.13978249097785778,0.40126411084945435
20261007_150721_general32_onehand_A508_on,general32_onehand_A508,on,PLAY,15,11,left_shoulder_pitch_joint,571,571,0,0,0.0,-0.4293071925640106,0.2652713656425476,0.22216957722964525,-0.328739285,0.18396984,0.1688615709379495,0.078906178151474,0.14122165260421324,0.18890406202944948,0.785398215,1.532446861,-2.6875,2.3125,2.0,2.6875,-2.548697719269192,2.513470887039075,0.12419295582054968,0.22960849116272475
20261007_150721_general32_onehand_A508_on,general32_onehand_A508,on,PLAY,16,15,left_shoulder_roll_joint,571,571,0,0,0.0,0.420098215341568,0.9878345131874084,0.14324249945203002,0.348261595,0.676833093,0.08777052197337477,0.12692111726315308,0.2928552182340698,0.4577362541874085,0.60285449,1.290077925,0.4375,6.6875,3.875,6.6875,0.5690918713006091,6.9676494606646955,0.1953018601790899,0.2606168170722397
20261007_150721_general32_onehand_A508_on,general32_onehand_A508,on,PLAY,17,19,left_shoulder_yaw_joint,571,571,0,0,0.0,-0.9013715386390686,-0.2520383298397064,0.1676799765018196,-0.881259978,-0.357285708,0.1409826537321931,0.01992052821112056,0.09720037868325043,0.15063163616029357,0.8352525829999999,1.466485739,-0.5,2.1875,1.25,2.1875,-0.7606883582766386,2.0547448958164085,0.12761835659184492,0.22073115782656297
20261007_150721_general32_onehand_A508_on,general32_onehand_A508,on,PLAY,18,21,left_elbow_joint,571,571,0,0,0.0,0.5116249918937683,1.3529340028762817,0.2577351923941272,0.553287685,1.328607202,0.24146896982143437,0.02830505389044191,0.08939826502622988,0.13548600685546874,1.0239322185,1.908272147,-1.5,1.1875,0.9375,1.5,-1.3303223066917327,1.3017285458864423,0.13260080424991044,0.23626191229187768
20261007_150721_general32_onehand_A508_on,general32_onehand_A508,on,PLAY,19,23,left_wrist_roll_joint,571,571,0,0,0.0,-0.12074526399374008,0.6213250160217285,0.2447323404166323,-0.097431749,0.576968551,0.24222135320158816,0.020086295578163146,0.0617890057548523,0.11459130077323915,0.9763788285,1.89139843,-0.625,0.3125,0.4375,0.625,-0.46915558357853077,0.502488220289021,0.13886587552906185,0.23326904762033146
20261007_150721_general32_onehand_A508_on,general32_onehand_A508,on,PLAY,20,25,left_wrist_pitch_joint,571,571,0,554,0.9702276707530648,-0.22350260615348816,-0.12984298169612885,0.009058429180605936,-0.225579068,-0.154560551,0.00912491828505106,0.0006263698465118483,0.011675432153488152,0.03438821476325227,0.0797670035,0.546097159,-0.28125,0.237499997,0.212500006,0.28125,-0.2706267441609331,0.2363372138687424,0.02383059357382673,0.04287029603857544
20261007_150721_general32_onehand_A508_on,general32_onehand_A508,on,PLAY,21,27,left_wrist_yaw_joint,571,571,245,93,0.5919439579684763,-0.22350260615348816,0.22350260615348816,0.18440645943981931,-0.22515963,0.213067546,0.17872596875739905,0.010542929153488173,0.06350854389288521,0.08684132215720368,0.963339984,1.349903107,-0.200000003,0.212500006,0.15625,0.212500006,-0.16866657614471847,0.24850587163590682,0.027399812313580154,0.04984551890194512
20261007_150721_general32_onehand_A508_on,general32_onehand_A508,on,PLAY,22,12,right_shoulder_pitch_joint,571,571,0,484,0.8476357267950964,-1.115731954574585,-0.5317344665527344,0.08131113250832997,-1.698907733,-0.016945694,0.42585469373215057,0.38404583942541515,0.899111092074585,1.091883346574585,2.040194511,3.676952124,-15.25,8.625,12.65625,15.25,-15.521235933314268,8.734848840705757,0.21770741251733794,0.385928854537946
20261007_150721_general32_onehand_A508_on,general32_onehand_A508,on,PLAY,23,16,right_shoulder_roll_joint,571,571,0,43,0.07530647985989491,-1.515731930732727,-0.7517119646072388,0.2307144605423965,-1.26923728,-0.763299286,0.11925001493876294,0.2790573838771362,0.5245783924837342,0.6380869146956787,1.0630487204999999,2.753495693,-8.875,3.5625,7.3125,8.875,-8.811579921304643,3.7602996243892006,0.11860389284369344,0.23206876036114532
20261007_150721_general32_onehand_A508_on,general32_onehand_A508,on,PLAY,24,20,right_shoulder_yaw_joint,571,571,0,0,0.0,-0.06374083459377289,0.8637425899505615,0.19699551915361954,0.291468352,0.601068795,0.07889516649975553,0.18113071458476637,0.4323898549929962,0.6457547395937729,0.8498253825,1.66283524,-8.125,6.875,6.09375,8.125,-8.285301623847522,6.733018878303058,0.18717219823405107,0.25439754776776324
20261007_150721_general32_onehand_A508_on,general32_onehand_A508,on,PLAY,25,22,right_elbow_joint,571,571,0,0,0.0,-0.5326524376869202,0.16984646022319794,0.1433823994040395,-0.247258529,0.649377227,0.2231451973205315,0.12926208269576644,0.643593534935295,0.8791283666869202,1.505602181,3.3133986,-10.5,2.375,9.15625,10.5,-10.720026605578356,2.24493902782764,0.1927834344614503,0.3320599697758517
20261007_150721_general32_onehand_A508_on,general32_onehand_A508,on,PLAY,26,24,right_wrist_roll_joint,571,571,0,0,0.0,-1.0976980924606323,-0.3878242075443268,0.13764586142464721,-1.091295481,-0.439257801,0.14619892686166153,0.04344832927767944,0.1989519597122955,0.24723279518942265,1.334563375,2.555612087,-1.75,3.0,2.5,3.0,-1.6106127045060696,3.197446236614893,0.15674847811967907,0.28921287303293597
20261007_150721_general32_onehand_A508_on,general32_onehand_A508,on,PLAY,27,26,right_wrist_pitch_joint,571,571,0,562,0.9842381786339754,-0.22350260615348816,-0.15900124609470367,0.005533916852638001,-0.255623519,-0.165885642,0.016354483360177002,0.008613467153488152,0.04858085515348817,0.05761696415348816,0.245436937,0.466330171,-1.15625,0.693750024,0.78125,1.15625,-1.1592089225986983,0.6762443064451182,0.027059339550189118,0.04844666121500987
20261007_150721_general32_onehand_A508_on,general32_onehand_A508,on,PLAY,28,28,right_wrist_yaw_joint,571,571,0,548,0.9597197898423818,-0.22350260615348816,-0.19091935455799103,0.004017605128179679,-0.215104863,-0.20055601,0.0019052661446705198,0.008457675153488164,0.008565530153488154,0.015935823153488154,0.024543693,0.196349546,-0.181250006,0.174999997,0.131249994,0.181250006,-0.21164557271535844,0.17471782740640363,0.023959951057788142,0.046136472389231804
20261007_150721_general32_onehand_A508_on,general32_onehand_A508,on,FINAL_HOLD,0,0,left_hip_pitch_joint,2564,2563,0,0,0.0,-0.46946367621421814,0.16040830314159393,0.06843967628260986,-0.405490786,0.017828265,0.07134407705080643,0.06586641827509308,0.15940267632321412,0.520169392141594,0.382881641,2.460914373,-36.5625,51.15234375,15.380859375,51.15234375,-36.420736644117206,51.89206021707476,0.36744405389773016,0.5628338200334605
20261007_150721_general32_onehand_A508_on,general32_onehand_A508,on,FINAL_HOLD,1,3,left_hip_roll_joint,2564,2563,0,0,0.0,-0.1385643631219864,0.5149712562561035,0.08144988555568615,-0.093052976,0.271497548,0.06328473082042287,0.11336763167606162,0.2258207886185629,0.5549006983662109,0.3061962201499998,1.151917338,-29.00390625,54.755859375,22.587890625,54.755859375,-28.986429653209328,55.47151474726441,0.2770491681333249,0.5183832528614051
20261007_150721_general32_onehand_A508_on,general32_onehand_A508,on,FINAL_HOLD,2,6,left_hip_yaw_joint,2564,2563,0,0,0.0,-0.4648296535015106,0.4676673412322998,0.09273483530014719,0.084181458,0.321526021,0.05666365432728451,0.11267903426924133,0.206302386338105,0.6364601855015106,0.28943635399999984,1.803299189,-21.700994492,10.403054237,8.389559746,21.700994492,-21.705233212752645,10.482578117578464,0.17442565498567292,0.30080308474244744
20261007_150721_general32_onehand_A508_on,general32_onehand_A508,on,FINAL_HOLD,3,9,left_knee_joint,2564,2563,0,0,0.0,-0.15887755155563354,0.606007993221283,0.09111400377024867,0.067997962,0.414788395,0.0721049719583457,0.04363351714564133,0.11926941537193983,0.303157568221283,0.38566324389999973,3.491749287,-29.619140625,28.30078125,11.061035156249993,29.619140625,-29.396479476975998,28.67295286973464,0.37586078314125126,0.5403250352595483
20261007_150721_general32_onehand_A508_on,general32_onehand_A508,on,FINAL_HOLD,4,13,left_ankle_pitch_joint,2564,2563,3,0,0.0011705033164260631,-0.6516691446304321,0.9527319669723511,0.20454499028427217,-0.144362628,0.041430309,0.04845631958442546,0.14952702822254466,0.6120644080726516,1.028532571972351,0.19219914529999998,1.277155042,-16.898187637,29.17057991,16.99601707455,29.17057991,-17.139597731093883,29.43936584317068,0.10567723679805147,0.3249866924388215
20261007_150721_general32_onehand_A508_on,general32_onehand_A508,on,FINAL_HOLD,5,17,left_ankle_roll_joint,2564,2563,0,0,0.0,-0.2114076167345047,0.12191547453403473,0.051221497880666364,-0.141943276,0.023321148,0.027634526406933518,0.058753317511791234,0.09356735287091712,0.16287628925766753,0.16228236319999997,3.321922302,-4.840744495,3.822782516,2.8694993854499993,4.840744495,-7.046928155671625,4.751110647123609,0.23074513010793035,0.3409880295428204
20261007_150721_general32_onehand_A508_on,general32_onehand_A508,on,FINAL_HOLD,6,1,right_hip_pitch_joint,2564,2563,0,0,0.0,-0.8117309212684631,0.2036004513502121,0.12986904396979612,-0.538444281,0.006101835,0.12513621654003845,0.11237302565591789,0.2049374128117443,0.33548101826846316,0.5382159081499996,1.692969441,-24.697265625,41.044921875,20.553222656249993,41.044921875,-24.567647041596615,41.69658601969934,0.25570281123161864,0.5155282619307263
20261007_150721_general32_onehand_A508_on,general32_onehand_A508,on,FINAL_HOLD,7,4,right_hip_roll_joint,2564,2563,0,0,0.0,-0.614686906337738,0.08215726912021637,0.15592464256956015,-0.53350997,-0.127149969,0.10549526292929591,0.12660192324120523,0.2398467205646302,0.37855166218515013,0.402516574,1.126828194,-30.5859375,28.65234375,23.37890625,30.5859375,-30.404938621506595,29.086424023315313,0.4086126812792905,0.6124279335894453
20261007_150721_general32_onehand_A508_on,general32_onehand_A508,on,FINAL_HOLD,8,7,right_hip_yaw_joint,2564,2563,0,0,0.0,-0.7687256932258606,0.3414979577064514,0.10602629375903078,-0.561053455,-0.14007923,0.07701939628355013,0.06460459551047518,0.14036270096669232,0.7134444717064514,0.37514449499999986,5.924146175,-10.179332733,15.213068008,5.249067735449995,15.213068008,-10.416529703633987,14.806842662766218,0.23481209735040187,0.3307606109379357
20261007_150721_general32_onehand_A508_on,general32_onehand_A508,on,FINAL_HOLD,9,10,right_knee_joint,2564,2563,0,0,0.0,-0.24736423790454865,1.0132012367248535,0.1715185789663225,0.138407677,0.869809687,0.17461201372167368,0.09661560517559051,0.18731826002601237,0.8373077069045487,0.7043494494999999,7.781987667,-78.22265625,25.3125,17.9296875,78.22265625,-78.3512832423978,25.14138304848477,0.28335742441387346,0.5329290732378215
20261007_150721_general32_onehand_A508_on,general32_onehand_A508,on,FINAL_HOLD,10,14,right_ankle_pitch_joint,2564,2563,0,0,0.0,-1.1461598873138428,0.8491856455802917,0.29925835696897557,-0.385377407,-0.031668279,0.08260160548699379,0.4473157117952957,0.8515123391219909,1.0380499960352478,0.33423687524999995,5.063641071,-23.217920303,29.039972305,23.985590648899997,29.039972305,-23.717881245816205,29.571713066390537,0.17426106830009225,0.5669280786213333
20261007_150721_general32_onehand_A508_on,general32_onehand_A508,on,FINAL_HOLD,11,18,right_ankle_roll_joint,2564,2563,0,0,0.0,-0.06821561604738235,0.3842253088951111,0.02824835075960536,0.032845795,0.166852027,0.027555311366499732,0.030240304911256788,0.09247577805012969,0.3090083598951111,0.16299942124999997,2.465626955,-3.197344065,8.816492081,2.3167896512499997,8.816492081,-3.9659916026139257,9.461742158905974,0.2707591942440275,0.3930518555390161
20261007_150721_general32_onehand_A508_on,general32_onehand_A508,on,FINAL_HOLD,12,2,waist_yaw_joint,2564,2563,0,0,0.0,-0.10153505206108093,0.49666741490364075,0.11683145536396959,0.031029021,0.426719368,0.11173217168493671,0.05358868854710006,0.18641451786576688,0.2845323978615417,0.5188770559999997,1.503320694,-7.662464619,13.199574471,7.3828125,13.199574471,-7.501762935164932,13.843345083650778,0.22407625366618367,0.34816101801621546
20261007_150721_general32_onehand_A508_on,general32_onehand_A508,on,FINAL_HOLD,13,5,waist_roll_joint,2564,2563,0,0,0.0,-0.985270082950592,0.46942612528800964,0.24426893510210815,-0.147147492,0.059560906,0.034493795200604645,0.18326594679703903,0.7118960539844618,1.022722474950592,0.35403033489999985,1.402624488,-29.086666107,16.988080978,20.343297290699994,29.086666107,-29.13321353449877,17.221611617280242,0.20392825866014683,0.39821616322030606
20261007_150721_general32_onehand_A508_on,general32_onehand_A508,on,FINAL_HOLD,14,8,waist_pitch_joint,2564,2563,0,0,0.0,-0.774189293384552,0.28253069519996643,0.1980821105475732,-0.010695225,0.108882152,0.0227721108625459,0.344956774022789,0.7129693116253754,0.8408296103845521,0.18052766059999997,0.835631013,-23.453910828,6.655898094,20.103741931600002,23.453910828,-23.85902797494141,6.7152583710283285,0.13350979757523707,0.3658795436704737
20261007_150721_general32_onehand_A508_on,general32_onehand_A508,on,FINAL_HOLD,15,11,left_shoulder_pitch_joint,2564,2563,0,0,0.0,-0.5748462080955505,1.0807420015335083,0.3617248285340665,-0.333197415,1.321608424,0.34355667062906364,0.09312505275375366,0.2535128156948903,0.5445839022078858,1.4501487974499985,2.862408161,-7.0,5.9375,3.75,7.0,-6.918349497251155,6.064306580989744,0.12996731234793202,0.27661713559187334
20261007_150721_general32_onehand_A508_on,general32_onehand_A508,on,FINAL_HOLD,16,15,left_shoulder_roll_joint,2564,2563,0,0,0.0,0.26379841566085815,0.9932450652122498,0.17139364605308027,0.258919179,0.980824947,0.16732950644873837,0.0995556712149124,0.2771735277965453,0.5048398079657135,0.7343166593499997,2.80871892,-7.6875,5.0,3.6875,7.6875,-7.751002815286625,5.240455878398096,0.18646805063471772,0.2590570566698923
20261007_150721_general32_onehand_A508_on,general32_onehand_A508,on,FINAL_HOLD,17,19,left_shoulder_yaw_joint,2564,2563,0,0,0.0,-0.9280339479446411,-0.2298717349767685,0.16822903959941704,-0.918938398,-0.141222104,0.1698982685266099,0.021616875921691925,0.11012377569013058,0.2642165723835144,0.6394399162499999,2.139903307,-5.0625,1.8125,1.5,5.0625,-5.605726929836306,1.775259378239022,0.1285909622296466,0.2201297372569272
20261007_150721_general32_onehand_A508_on,general32_onehand_A508,on,FINAL_HOLD,18,21,left_elbow_joint,2564,2563,0,0,0.0,-0.2347293198108673,1.3322699069976807,0.4156329731397422,-0.444470942,1.298454881,0.43610493486574087,0.030186288156814567,0.1963615648062467,0.3343446736383972,1.7689866725499983,4.189301491,-4.3125,3.8125,2.25,4.3125,-4.153304080038493,4.0002875679940315,0.13120975362286713,0.2922572977360779
20261007_150721_general32_onehand_A508_on,general32_onehand_A508,on,FINAL_HOLD,19,23,left_wrist_roll_joint,2564,2563,0,0,0.0,-0.08330363035202026,0.8229392766952515,0.20127672138347605,-0.084237121,0.79303211,0.19984830302080644,0.020693153094879152,0.07057364000616302,0.13835423026856994,0.972543836,2.327049017,-1.1875,1.1875,0.5,1.1875,-1.048126647397986,1.301078992407038,0.13846363175497217,0.23287000848586986
20261007_150721_general32_onehand_A508_on,general32_onehand_A508,on,FINAL_HOLD,20,25,left_wrist_pitch_joint,2564,2563,0,2507,0.9781506047600468,-0.22350260615348816,-0.12460052222013474,0.006886941478730854,-0.289215297,-0.144517779,0.016213692972922137,0.0009139928465118352,0.042840406153488164,0.06571269084651182,0.104310699,0.650407851,-0.931249976,1.181249976,0.725000024,1.181249976,-0.9069561042723338,1.2573413315914113,0.026444506062222227,0.04509949154491188
20261007_150721_general32_onehand_A508_on,general32_onehand_A508,on,FINAL_HOLD,21,27,left_wrist_yaw_joint,2564,2563,1582,149,0.6753804135778385,-0.22350260615348816,0.22350260615348816,0.16430702249604084,-0.225183591,0.213067546,0.15974783116494334,0.010530934153488158,0.04224409661237679,0.08086489208712787,0.6065360548499995,1.29467988,-0.28125,0.262499988,0.162499994,0.28125,-0.26824501480466423,0.27856338759225696,0.026995500515958476,0.04645181552907168
20261007_150721_general32_onehand_A508_on,general32_onehand_A508,on,FINAL_HOLD,22,12,right_shoulder_pitch_joint,2564,2563,0,2526,0.9855637924307452,-1.115731954574585,-0.9388866424560547,0.00699422027823348,-1.451733112,-0.147753507,0.25602300272950984,0.29633450557458496,0.861939019374585,0.967978447574585,1.2873934510999994,2.902291775,-13.625,5.25,12.125,13.625,-13.967428569934794,5.272449592226803,0.20444087796427102,0.3170371918315229
20261007_150721_general32_onehand_A508_on,general32_onehand_A508,on,FINAL_HOLD,23,16,right_shoulder_roll_joint,2564,2563,0,133,0.0518923136948888,-1.515731930732727,-0.6231970191001892,0.252739612253569,-1.361000538,-0.542130411,0.21835386035582424,0.2673313914115601,0.49859023996113894,0.6749610904138794,0.895844817,2.830194712,-9.625,2.75,7.125,9.625,-9.602488750460264,2.963771852474816,0.11162271550945091,0.2104994736416583
20261007_150721_general32_onehand_A508_on,general32_onehand_A508,on,FINAL_HOLD,24,20,right_shoulder_yaw_joint,2564,2563,0,0,0.0,-0.1286454051733017,0.6952217817306519,0.1411528115847319,0.281389594,0.55035156,0.06427938722317848,0.12984585759394837,0.5033845776016681,0.6338524071733017,0.4121806488499997,1.392854571,-8.8125,5.0625,6.9375,8.8125,-9.032791533380557,5.029846301724074,0.1903538124235199,0.24625916856426178
20261007_150721_general32_onehand_A508_on,general32_onehand_A508,on,FINAL_HOLD,25,22,right_elbow_joint,2564,2563,0,0,0.0,-0.44401293992996216,0.4188683331012726,0.10283508031203556,-0.223206192,0.652325332,0.22005355233864962,0.0822514145934906,0.5213720245751402,0.7600952987422332,0.82834965,2.072408199,-10.5625,1.0,7.5625,10.5625,-10.79571785982141,0.9822871062448391,0.18840977458712893,0.2882954417416928
20261007_150721_general32_onehand_A508_on,general32_onehand_A508,on,FINAL_HOLD,26,24,right_wrist_roll_joint,2564,2563,0,31,0.012095200936402654,-1.3157318830490112,-0.47884801030158997,0.25039820840217986,-1.288903475,-0.458336681,0.25207947148410603,0.03414616004983523,0.1463035734938141,0.25100505355505365,1.24099052,3.167670488,-1.125,3.25,1.625,3.25,-1.0914223060801214,3.419554326843162,0.1474084655443879,0.2682278861733711
20261007_150721_general32_onehand_A508_on,general32_onehand_A508,on,FINAL_HOLD,27,26,right_wrist_pitch_joint,2564,2563,0,2499,0.9750292625829107,-0.22350260615348816,-0.09702383726835251,0.00966553873758835,-0.261639595,-0.126469523,0.01585111133925217,0.0037958021534881536,0.034822129807441704,0.06002968576006318,0.110446624,0.852893353,-0.943750024,0.975000024,0.587499976,0.975000024,-1.0047093314504185,0.8565068683846849,0.026149143969734744,0.047237856075763036
20261007_150721_general32_onehand_A508_on,general32_onehand_A508,on,FINAL_HOLD,28,28,right_wrist_yaw_joint,2564,2563,0,2562,0.9996098322278579,-0.22350260615348816,-0.22341729700565338,1.6844258046396593e-06,-0.215080887,-0.214961052,1.7312305156088383e-05,0.008469656153488159,0.008505612153488162,0.008541554153488146,0.01840777,0.036815539,-0.143749997,-0.087499999,0.131249994,0.143749997,-0.18203415365134978,-0.10217916656694093,0.023557673867053153,0.04301805317659048
20261007_151808_general32_onehand_A508_off,general32_onehand_A508,off,CONTROL_PREPLAY,0,0,left_hip_pitch_joint,102,102,0,0,0.0,-0.5372428297996521,0.1524076610803604,0.1362292353624162,-0.343739539,-0.174277261,0.04006888722666679,0.20222368357339812,0.2976542521048726,0.37356507808036044,0.9695849893499999,2.23293066,-25.6640625,36.474609375,28.95556640624999,36.474609375,-25.906953365893017,36.94401135798112,0.434025865113318,0.6627091096329163
20261007_151808_general32_onehand_A508_off,general32_onehand_A508,off,CONTROL_PREPLAY,1,3,left_hip_roll_joint,102,102,0,0,0.0,-0.09183467924594879,0.24728693068027496,0.05788107151347783,0.016013054,0.116335399,0.027756889853347063,0.0849575793181591,0.13584239825394215,0.15327095268027496,0.44222283359999914,1.118101597,-15.64453125,15.1171875,12.041015625,15.64453125,-15.760150365944904,15.809987540384949,0.2497179108644021,0.47466642153137195
20261007_151808_general32_onehand_A508_off,general32_onehand_A508,off,CONTROL_PREPLAY,2,6,left_hip_yaw_joint,102,102,0,0,0.0,-0.4221954941749573,0.22605851292610168,0.08562658298512861,-0.136503592,0.11103221,0.03227462812037587,0.10592799552448845,0.13278004566614113,0.33315258485986327,1.7250475522999982,4.501390934,-8.053977013,7.998046875,5.746848296899997,8.053977013,-7.963341833901723,8.083181891168275,0.14678614662488654,0.24669474401452549
20261007_151808_general32_onehand_A508_off,general32_onehand_A508,off,CONTROL_PREPLAY,3,9,left_knee_joint,102,102,0,0,0.0,0.32631829380989075,1.18134343624115,0.1511917368048594,0.258612126,0.926490307,0.17288128120651514,0.09045951049259948,0.18936548521393584,0.37490654010494995,2.5198737143999987,4.987278461,-21.97265625,21.708984375,17.072753906249986,21.97265625,-21.610210707456233,22.748635269524893,0.4399612562778019,1.143523328731496
20261007_151808_general32_onehand_A508_off,general32_onehand_A508,off,CONTROL_PREPLAY,4,13,left_ankle_pitch_joint,102,102,1,0,0.00980392156862745,-0.38190871477127075,0.9527319669723511,0.2456062704221077,-0.577246964,-0.043798927,0.14288192836287567,0.3225249165641785,0.8781457509588043,1.510639726972351,1.5512745563499988,4.379856586,-0.094802842,40.013656616,20.3132857325,40.013656616,0.41716520369014,42.09987900973028,0.19008489482547297,2.8805153872086606
20261007_151808_general32_onehand_A508_off,general32_onehand_A508,off,CONTROL_PREPLAY,5,17,left_ankle_roll_joint,102,102,0,0,0.0,-0.14984828233718872,0.22292158007621765,0.04981238813082422,-0.119353473,-0.006199631,0.017209471729285972,0.014901652830150602,0.08083369222100127,0.2728535350762177,0.7283410965499991,1.719918132,-1.272878289,6.551422119,1.9699810917999918,6.551422119,-1.051396287398659,6.286567130948356,0.23612227823932022,0.5313954962558605
20261007_151808_general32_onehand_A508_off,general32_onehand_A508,off,CONTROL_PREPLAY,6,1,right_hip_pitch_joint,102,102,0,0,0.0,-0.4476165771484375,0.19081848859786987,0.08330495284974127,-0.317005664,0.056936253,0.09566089069234536,0.1499662290237217,0.23095781274177296,0.4388035235978699,1.6285012842999973,2.44782424,-21.533203125,30.9375,21.102539062499982,30.9375,-22.015504102623453,30.43948689608343,0.4535334766241901,0.9812560986024824
20261007_151808_general32_onehand_A508_off,general32_onehand_A508,off,CONTROL_PREPLAY,7,4,right_hip_roll_joint,102,102,0,0,0.0,-0.27673545479774475,0.023382438346743584,0.04263090107183455,-0.120485671,-0.018220283,0.02784481578144697,0.06666836171852111,0.08865670368618468,0.24794774879774475,0.6273913142999985,1.518436432,-22.32421875,8.26171875,8.26171875,22.32421875,-21.942370701293143,8.816754093228951,0.4213945243318351,0.5648627471477567
20261007_151808_general32_onehand_A508_off,general32_onehand_A508,off,CONTROL_PREPLAY,8,7,right_hip_yaw_joint,102,102,0,0,0.0,-0.3967636227607727,0.5044766664505005,0.17268382520062447,-0.182397619,0.115612239,0.0719314339434924,0.19953516876218413,0.21981163246363752,0.4640331414505005,1.7678159949999999,3.676879168,-8.669211388,13.814808846,8.61328125,13.814808846,-8.926050272875772,13.302846552900489,0.2657958153996045,0.4644053695959013
20261007_151808_general32_onehand_A508_off,general32_onehand_A508,off,CONTROL_PREPLAY,9,10,right_knee_joint,102,102,0,0,0.0,0.17814530432224274,0.9155349135398865,0.1513437974314147,0.312241793,0.821676791,0.13891022873634845,0.08862485014779661,0.21008526642972902,0.3017306330677185,2.1143574116999995,2.79252696,-21.357421875,3.251953125,12.643066406249996,21.357421875,-21.828638025526907,2.6061766692847783,0.4006528418895954,0.6437958020063127
20261007_151808_general32_onehand_A508_off,general32_onehand_A508,off,CONTROL_PREPLAY,10,14,right_ankle_pitch_joint,102,102,3,0,0.029411764705882353,-0.3630000054836273,0.9527319669723511,0.26761018958904376,-0.593492806,-0.334585398,0.06838217091894884,0.532467752514061,1.3932894219084462,1.492422461972351,0.972368383649998,1.329949379,5.333807468,43.269069672,34.08533515909998,43.269069672,5.5474819237618656,43.10184856981494,0.17360978820596085,2.455621058672886
20261007_151808_general32_onehand_A508_off,general32_onehand_A508,off,CONTROL_PREPLAY,11,18,right_ankle_roll_joint,102,102,0,0,0.0,-0.18811015784740448,0.14546485245227814,0.07113504300263716,-0.036500487,0.055431247,0.023627392834830535,0.06842936387495423,0.08996717499735757,0.1530430088474045,0.3229950148499997,1.35211134,-4.8551054,2.307930231,2.3074561594999996,4.8551054,-4.762792885788813,2.5874016381421736,0.2718861754227304,0.3857364728641735
20261007_151808_general32_onehand_A508_off,general32_onehand_A508,off,CONTROL_PREPLAY,12,2,waist_yaw_joint,102,102,0,0,0.0,-0.7945559620857239,0.5664019584655762,0.1471068001524061,-0.291675478,0.154930845,0.09030884700865094,0.018329911304161076,0.22447062950586769,0.8156920964655762,2.3214905916999955,6.486391544,-13.870738983,23.994140625,9.345969629699988,23.994140625,-13.64075534565959,24.118608280913215,0.20171386559159032,0.31806458308115815
20261007_151808_general32_onehand_A508_off,general32_onehand_A508,off,CONTROL_PREPLAY,13,5,waist_roll_joint,102,102,0,0,0.0,-0.7683095335960388,0.40092357993125916,0.1657423549381757,-0.147343189,-0.013187089,0.02113952190999887,0.07919333962100458,0.464865892677033,0.7399571085960388,1.2269052773999969,2.469055176,-20.552692413,14.934756279,12.414779472399983,20.552692413,-19.957800628242204,15.413350069498655,0.26610309675540667,1.0327451264913368
20261007_151808_general32_onehand_A508_off,general32_onehand_A508,off,CONTROL_PREPLAY,14,8,waist_pitch_joint,102,102,0,0,0.0,-0.8366168737411499,0.48550838232040405,0.19925524779360113,-0.102709986,0.062297475,0.024251988814240105,0.22936063307993315,0.4934179424792303,0.8091893047411499,0.9123077811999996,1.728926778,-23.739118576,10.715164185,13.505558586449999,23.739118576,-23.26623209554768,11.82553154602752,0.13453288474399172,1.1801037706558402
20261007_151808_general32_onehand_A508_off,general32_onehand_A508,off,CONTROL_PREPLAY,15,11,left_shoulder_pitch_joint,102,102,0,0,0.0,-0.06719688326120377,0.9513332843780518,0.1954004713630449,0.021691447,0.256905824,0.06773624247668084,0.07457325616233636,0.295170184338427,0.6944274603780518,0.9197749259499999,2.397612095,-4.0625,9.625,4.596874999999994,9.625,-3.9259445551521206,9.820873989278596,0.13106511299672335,0.2591883872719234
20261007_151808_general32_onehand_A508_off,general32_onehand_A508,off,CONTROL_PREPLAY,16,15,left_shoulder_roll_joint,102,102,0,0,0.0,-0.08386166393756866,0.7130008339881897,0.12366812564300243,0.10198576,0.546324849,0.09670492691330082,0.11477592561013794,0.2017280113374637,0.5248353183196717,2.1484169363499994,3.029612064,-2.625,5.375,2.6218749999999993,5.375,-2.5331448829047436,5.259528499750074,0.19390906248682704,0.2531330442500105
20261007_151808_general32_onehand_A508_off,general32_onehand_A508,off,CONTROL_PREPLAY,17,19,left_shoulder_yaw_joint,102,102,0,0,0.0,-0.5795902609825134,0.0,0.10629540808184035,-0.556163907,-0.012679311,0.14133435600705851,0.03186571590353393,0.13976304989758973,0.19370027654499816,1.7730517325499986,2.238078117,-1.1875,1.5625,0.9281249999999979,1.5625,-1.2741718129506991,1.6430413763497953,0.10794983385568024,0.16489492048570029
20261007_151808_general32_onehand_A508_off,general32_onehand_A508,off,CONTROL_PREPLAY,18,21,left_elbow_joint,102,102,0,0,0.0,0.6000000238418579,1.2961795330047607,0.10051421367189499,0.697110415,0.955598176,0.049745429805104976,0.010944008706741337,0.23774498701180544,0.4241114260047607,1.8195314350999925,4.123340607,-2.4375,4.1875,1.7374999999999972,4.1875,-2.161529956089442,4.290929422004329,0.12739118003923694,0.20671964616803434
20261007_151808_general32_onehand_A508_off,general32_onehand_A508,off,CONTROL_PREPLAY,19,23,left_wrist_roll_joint,102,102,0,0,0.0,0.0,0.6915977597236633,0.13386955532344696,-0.027647607,0.644523621,0.16498715801770342,0.020977973892822244,0.15467429745990635,0.2112201748980408,2.786936366649997,3.920855045,-0.5,0.25,0.5,0.5,-0.5601965723525595,0.3912122919971731,0.13101524685672777,0.2008663952488489
20261007_151808_general32_onehand_A508_off,general32_onehand_A508,off,CONTROL_PREPLAY,20,25,left_wrist_pitch_joint,102,102,0,0,0.0,-0.09249506890773773,0.13264921307563782,0.06666937274897393,-0.075596496,0.106336027,0.05761361801202966,0.01667927209939766,0.03788122416173767,0.07391587360520553,0.8866409483499965,1.349903107,-0.362500012,1.15625,0.306250006,1.15625,-0.32963683885794587,1.1084805085183895,0.02752491499875906,0.04952983790691779
20261007_151808_general32_onehand_A508_off,general32_onehand_A508,off,CONTROL_PREPLAY,21,27,left_wrist_yaw_joint,102,102,0,0,0.0,-0.13825827836990356,0.07650358229875565,0.053717824828706746,-0.122778386,0.044533379,0.050857640428196696,0.011023236543590543,0.026644483855327555,0.037267230298755644,0.33041947789999976,0.447922409,-0.28125,0.181250006,0.2549999944499997,0.28125,-0.24006460835662133,0.22484591480151106,0.025820466461791168,0.04730383071683261
20261007_151808_general32_onehand_A508_off,general32_onehand_A508,off,CONTROL_PREPLAY,22,12,right_shoulder_pitch_joint,102,102,0,93,0.9117647058823529,-1.115731954574585,0.20000000298023224,0.19944978177561534,-1.042399883,0.187397331,0.2347498666851039,0.34481072457458495,0.7073617700444464,1.146639270574585,4.912726998249998,9.233030319,-12.3125,7.875,7.849999999999994,12.3125,-11.877262091830467,8.712051858982218,0.2290850179575874,0.4662470017955963
20261007_151808_general32_onehand_A508_off,general32_onehand_A508,off,CONTROL_PREPLAY,23,16,right_shoulder_roll_joint,102,102,0,1,0.00980392156862745,-1.515731930732727,-0.0839565321803093,0.1940403248894401,-0.715110719,-0.116366826,0.12774525591924699,0.19469699250917055,0.4119690139142496,1.313905596732727,1.535898375299996,7.742001534,-17.0625,11.5625,8.403124999999964,17.0625,-16.931511645680487,12.453042493249448,0.1058546483095788,0.2179622406470207
20261007_151808_general32_onehand_A508_off,general32_onehand_A508,off,CONTROL_PREPLAY,24,20,right_shoulder_yaw_joint,102,102,0,0,0.0,-0.07402534037828445,1.0954761505126953,0.19082597189532968,0.054863784,0.742830217,0.1175331157750913,0.1560040120467148,0.27196890004245405,0.754784345901062,3.1432802198499923,5.460971832,-5.625,6.5625,3.790624999999995,6.5625,-6.088821046444197,6.239131482793363,0.19121002150609245,0.5552212441491955
20261007_151808_general32_onehand_A508_off,general32_onehand_A508,off,CONTROL_PREPLAY,25,22,right_elbow_joint,102,102,0,3,0.029411764705882353,-0.7157319188117981,0.6781224012374878,0.21673150304972738,-0.110614397,0.695444584,0.12571443011840822,0.0953516734717827,0.32185948073559334,1.264669358811798,5.152948617549994,10.381982803,-11.5,1.8125,2.353124999999995,11.5,-10.71053146108347,1.3544621649507853,0.18960009361379127,0.6677702283249648
20261007_151808_general32_onehand_A508_off,general32_onehand_A508,off,CONTROL_PREPLAY,26,24,right_wrist_roll_joint,102,102,0,0,0.0,-1.2440248727798462,0.0,0.2741538676051239,-1.199692845,0.008736501,0.3189395185419585,0.018665850567871067,0.22295645218928034,0.3364397283892822,4.17772002264999,6.441185474,-0.5,0.25,0.25,0.5,-0.339641376221967,1.0763749943349898,0.16418569039987424,0.5628548468439089
20261007_151808_general32_onehand_A508_off,general32_onehand_A508,off,CONTROL_PREPLAY,27,26,right_wrist_pitch_joint,102,102,0,0,0.0,-0.10689748078584671,0.05233579874038696,0.04961426189460581,-0.10662365,0.027048396,0.047147684493711435,0.011921422624363898,0.03064979000335204,0.03906926174038696,0.3310330689499999,0.454058319,-0.806249976,0.349999994,0.3453124939999989,0.806249976,-0.814235831855209,0.31470711041292954,0.024742658196054236,0.058396165176204946
20261007_151808_general32_onehand_A508_off,general32_onehand_A508,off,CONTROL_PREPLAY,28,28,right_wrist_yaw_joint,102,102,0,89,0.8725490196078431,-0.22350260615348816,0.003572368761524558,0.05997896973327732,-0.214877158,-0.004889564,0.06308928484869351,0.00866140415348815,0.05529053778609214,0.09653319433406066,0.8117826398999977,1.478757501,-0.212500006,0.106250003,0.15562499984999986,0.212500006,-0.2516443516391348,0.06726586800441202,0.02657388032451158,0.052176515242836306
20261007_151808_general32_onehand_A508_off,general32_onehand_A508,off,PLAY,0,0,left_hip_pitch_joint,572,572,0,0,0.0,-0.03233405575156212,0.1397271305322647,0.02778923464645661,-0.176160648,-0.047016513,0.04338855496915367,0.1796426641613741,0.20471189643737478,0.22586014853226472,0.2872702982999998,0.706858337,7.734375,21.62109375,20.126953125,21.62109375,8.307867730801545,22.136370792077482,0.45222545713306594,0.6429041218742234
20261007_151808_general32_onehand_A508_off,general32_onehand_A508,off,PLAY,1,3,left_hip_roll_joint,572,572,0,0,0.0,-0.1323639303445816,-0.026494262740015984,0.025055096314107843,0.012655341,0.023827834,0.001986425134709089,0.07703939709668828,0.13434986618876418,0.1489224003445816,0.047396600399999926,0.107992254,-15.205078125,-4.5703125,13.7109375,15.205078125,-15.027783930323368,-4.388014184595868,0.24175129828023234,0.3927168558849105
20261007_151808_general32_onehand_A508_off,general32_onehand_A508,off,PLAY,2,6,left_hip_yaw_joint,572,572,0,0,0.0,0.03195106238126755,0.13441243767738342,0.02148134884468833,-0.022699263,0.0102448,0.005687203146318643,0.106496085451931,0.12546206187182005,0.13407287469284057,0.08305118189999988,0.263981044,1.789772749,5.537109375,5.145596504,5.537109375,1.56780391908938,5.4451320268659025,0.14591425417307757,0.22109535067449151
20261007_151808_general32_onehand_A508_off,general32_onehand_A508,off,PLAY,3,9,left_knee_joint,572,572,0,0,0.0,0.18271808326244354,0.37146124243736267,0.05483214382691304,0.185142964,0.261381805,0.026017785564372654,0.0849547683560486,0.108461788121669,0.1230039599184723,0.08666650984999992,0.52359879,-1.318359375,11.689453125,10.1953125,11.689453125,-1.0607578178104358,12.189498920409196,0.4168746879555787,0.5326561117548088
20261007_151808_general32_onehand_A508_off,general32_onehand_A508,off,PLAY,4,13,left_ankle_pitch_joint,572,572,0,0,0.0,-0.1922375112771988,0.3537832200527191,0.14579082978154348,-0.04873715,0.01900221,0.019620408626937154,0.2830930964631081,0.3572535173419502,0.3973843230527191,0.0861152882999999,0.388645977,-5.234742641,11.149617195,10.030964851,11.149617195,-5.348967035191919,11.323229566414417,0.11679809598431268,0.223185065431402
20261007_151808_general32_onehand_A508_off,general32_onehand_A508,off,PLAY,5,17,left_ankle_roll_joint,572,572,0,0,0.0,-0.15229423344135284,-0.057235222309827805,0.02047959817449152,-0.071621269,-0.05090335,0.004698742174303001,0.007320220020520213,0.07168786840330565,0.09691112517565155,0.06229336344999994,0.165222719,-2.98571229,0.050061271,2.290007400199998,2.98571229,-2.773595657232473,0.31148655732750646,0.23949514223455654,0.2954638530457648
20261007_151808_general32_onehand_A508_off,general32_onehand_A508,off,PLAY,6,1,right_hip_pitch_joint,572,572,0,0,0.0,-0.16195066273212433,0.03441048413515091,0.03240316416888177,0.055913601,0.21890758,0.054322324876358206,0.12552520087605953,0.2865038476540508,0.33358548629014584,0.40546181364999956,0.801760674,-30.9375,-6.50390625,27.685546875,30.9375,-31.35071539381493,-6.995295322250636,0.42217407024785913,0.6072149727096454
20261007_151808_general32_onehand_A508_off,general32_onehand_A508,off,PLAY,7,4,right_hip_roll_joint,572,572,0,0,0.0,-0.14975285530090332,0.01804584078490734,0.02529110942938968,-0.149256334,-0.107174121,0.00980789104098278,0.059727649823280334,0.1193136138371026,0.15531155278490735,0.0783216564499997,0.178896263,-0.791015625,14.765625,11.377441406249995,14.765625,-0.5029616603468983,15.135530047624915,0.39719957269746287,0.5158027744959351
20261007_151808_general32_onehand_A508_off,general32_onehand_A508,off,PLAY,8,7,right_hip_yaw_joint,572,572,0,0,0.0,-0.5076224207878113,-0.3302074074745178,0.04032973775781242,-0.312218666,-0.182477966,0.03942356738309105,0.17433623220864108,0.2108864886635826,0.2247388365033417,0.095993116,0.502249658,-8.837002754,-3.747336626,8.221768379,8.837002754,-9.064912168544122,-3.9941336861481505,0.273204404936338,0.3542972446374166
20261007_151808_general32_onehand_A508_off,general32_onehand_A508,off,PLAY,9,10,right_knee_joint,572,572,0,0,0.0,-0.004849419463425875,0.28963109850883484,0.07886196454871085,0.169607148,0.312710494,0.043732904562081745,0.06313931915686036,0.1713756181617709,0.1996308864634259,0.24472789259999977,0.525780439,-19.51171875,0.263671875,16.611328125,19.51171875,-20.099396716472448,-0.10778488180057783,0.3899840925301179,0.5355786616536781
20261007_151808_general32_onehand_A508_off,general32_onehand_A508,off,PLAY,10,14,right_ankle_pitch_joint,572,572,0,0,0.0,-0.40287646651268005,0.4176385998725891,0.20931720136158527,-0.334635645,-0.223365337,0.037110786983923436,0.5363093020332794,0.6668920907220184,0.7519495788725892,0.11437486914999999,0.375443548,-4.463947296,21.306440353,18.8386500359,21.306440353,-4.461050053129779,21.417067192854304,0.15250517587079404,0.2728649723703669
20261007_151808_general32_onehand_A508_off,general32_onehand_A508,off,PLAY,11,18,right_ankle_roll_joint,572,572,0,0,0.0,0.06507118046283722,0.1661590337753296,0.015559399450344976,0.054333247,0.099052154,0.01413188119336164,0.07513174626881408,0.08580189152584533,0.1035909727753296,0.0581835812499997,0.301256031,-0.731579781,2.725090742,2.1832061771499998,2.725090742,-0.4336021146110982,2.934277691300006,0.28584478491962795,0.34718315454731213
20261007_151808_general32_onehand_A508_off,general32_onehand_A508,off,PLAY,12,2,waist_yaw_joint,572,572,0,0,0.0,0.05992935597896576,0.23435434699058533,0.030009411828441104,0.128039911,0.157528862,0.00537010597852268,0.010526880694946297,0.06653531888000616,0.09628710102103424,0.09239336769999977,0.287979335,-3.635475874,3.243963003,2.740589619,3.635475874,-3.4785094272352897,3.4864174620547814,0.19874878461827794,0.287126418343966
20261007_151808_general32_onehand_A508_off,general32_onehand_A508,off,PLAY,13,5,waist_roll_joint,572,572,0,0,0.0,-0.14387349784374237,0.4359588921070099,0.13739453035609892,-0.113130547,-0.064124279,0.008871922638078612,0.07101150523638869,0.4349935879242505,0.5326802951070099,0.17117680584999972,0.437390357,-1.49351275,14.57519722,12.004247235949988,14.57519722,-1.2178383493364182,14.913574752830874,0.2782650067490353,0.4412868904770223
20261007_151808_general32_onehand_A508_off,general32_onehand_A508,off,PLAY,14,8,waist_pitch_joint,572,572,0,0,0.0,-0.359155535697937,0.47689419984817505,0.22026900522916087,-0.001556118,0.041315243,0.007098037752288296,0.24837777463449479,0.3720850446089194,0.45624425784817507,0.08522395944999994,0.405045211,-10.261889458,12.87783432,10.513100242499988,12.87783432,-10.40421874389664,13.002327334024576,0.12017167704950427,0.23132999797927878
20261007_151808_general32_onehand_A508_off,general32_onehand_A508,off,PLAY,15,11,left_shoulder_pitch_joint,572,572,0,0,0.0,-0.1458878368139267,0.009568414650857449,0.019576295034446994,0.010809771,0.048176587,0.009853139719536984,0.07008205325822925,0.11325725578917725,0.1656138708139267,0.082834966,0.182543725,-2.4375,-0.5,1.6531249999999957,2.4375,-2.305412387644054,-0.32523590214984144,0.11440430766326337,0.15544478150023022
20261007_151808_general32_onehand_A508_off,general32_onehand_A508,off,PLAY,16,15,left_shoulder_roll_joint,572,572,0,0,0.0,0.5121328830718994,0.6166434288024902,0.019300362629773672,0.438982159,0.46136871,0.006634904497981088,0.11806748814334106,0.1431727975220169,0.15719604536535642,0.049087387,0.18100974,0.6875,2.0625,1.875,2.0625,0.888483342255732,2.235966553172978,0.19283919761371793,0.2352552095687796
20261007_151808_general32_onehand_A508_off,general32_onehand_A508,off,PLAY,17,19,left_shoulder_yaw_joint,572,572,0,0,0.0,-0.5537651777267456,-0.4842550754547119,0.013709330702978603,-0.556211889,-0.544275582,0.0040723266393031384,0.028618037595977752,0.0484756904003685,0.06052380754528808,0.03834952,0.274582565,0.125,0.9375,0.75,0.9375,0.00033177173790472345,0.8597186233993451,0.11971153883168978,0.17244745193643982
20261007_151808_general32_onehand_A508_off,general32_onehand_A508,off,PLAY,18,21,left_elbow_joint,572,572,0,0,0.0,0.8162970542907715,0.9838409423828125,0.036500886400760074,0.9034428,0.976678431,0.026692617932718272,0.02452909929191588,0.07375679914937897,0.11264997710983271,0.13959226,0.409572899,-1.5625,-0.0625,1.125,1.5625,-1.4800827024524952,0.048202109607901895,0.12530810387392288,0.1732670950104608
20261007_151808_general32_onehand_A508_off,general32_onehand_A508,off,PLAY,19,23,left_wrist_roll_joint,572,572,0,0,0.0,0.535914957523346,0.6779916882514954,0.03998477686310211,0.55435431,0.656699598,0.03706619330224666,0.01110479260742192,0.029856565628131083,0.0378559828967896,0.15738643764999916,0.524621427,-0.5625,0.375,0.4375,0.5625,-0.4223567890954632,0.5190893947107996,0.12806373489582104,0.19083151281516464
20261007_151808_general32_onehand_A508_off,general32_onehand_A508,off,PLAY,20,25,left_wrist_pitch_joint,572,572,0,0,0.0,-0.13114413619041443,0.09353676438331604,0.05967756169216058,-0.116714373,0.082810998,0.060366683898645364,0.012382377536428929,0.02042130932518797,0.02666332601529693,0.2052466386999996,0.386563182,-0.443749994,0.275000006,0.293749988,0.443749994,-0.4046567667625238,0.31239704524142936,0.02641504902847505,0.0452416981137408
20261007_151808_general32_onehand_A508_off,general32_onehand_A508,off,PLAY,21,27,left_wrist_yaw_joint,572,572,0,0,0.0,-0.16478537023067474,-0.030303962528705597,0.03205658948824197,-0.160468772,-0.031254858,0.030010765336871827,0.005000408620147709,0.014516380660871311,0.022566839660247806,0.147262156,0.306796163,-0.28125,0.262499988,0.1875,0.28125,-0.25502560064411967,0.30309666792320483,0.025163462179797307,0.04671931811822824
20261007_151808_general32_onehand_A508_off,general32_onehand_A508,off,PLAY,22,12,right_shoulder_pitch_joint,572,572,0,427,0.7465034965034965,-1.115731954574585,-0.42769959568977356,0.18099141699374532,-1.238114238,-0.642318547,0.17876034853690217,0.34430736257458494,0.651610493406729,0.80492395191922,1.2914585115,2.144505262,-6.6875,11.4375,9.375,11.4375,-6.924001849100058,11.349592942747131,0.21892361140617833,0.2660628633521377
20261007_151808_general32_onehand_A508_off,general32_onehand_A508,off,PLAY,23,16,right_shoulder_roll_joint,572,572,0,0,0.0,-0.8857318162918091,-0.5393473505973816,0.08297268994359684,-0.828637242,-0.659455955,0.051282584920368024,0.1781442761911926,0.21576288045288833,0.2891341444026184,0.3182243226999999,0.776194334,-3.1875,3.9375,3.125,3.9375,-3.052637413825402,4.120316815088788,0.11888920469978942,0.21629878945641443
20261007_151808_general32_onehand_A508_off,general32_onehand_A508,off,PLAY,24,20,right_shoulder_yaw_joint,572,572,0,0,0.0,0.2632632851600647,0.8959477543830872,0.18682008422682042,0.445285887,0.538451254,0.022730547414838004,0.12999779017427063,0.3861570806313414,0.45066186738308717,0.2781874297499997,1.003223419,-3.1875,6.5,5.625,6.5,-3.3691267793047817,6.427384027701825,0.17408591144510022,0.23147555172896775
20261007_151808_general32_onehand_A508_off,general32_onehand_A508,off,PLAY,25,22,right_elbow_joint,572,572,0,0,0.0,-0.08142922073602676,0.2890205979347229,0.07298895584669586,0.087532781,0.218220755,0.029571424682558252,0.09072599560903931,0.12670644527755584,0.19465617873602675,0.2974388834999998,0.814543843,-2.4375,1.875,1.625,2.4375,-2.6236722173990494,1.7290493238481184,0.17848943077043877,0.2336319004164688
20261007_151808_general32_onehand_A508_off,general32_onehand_A508,off,PLAY,26,24,right_wrist_roll_joint,572,572,0,0,0.0,-1.309371829032898,-1.1126103401184082,0.05000991696679686,-1.326426029,-1.164710879,0.040298640589353396,0.02701169250494384,0.050276231785430954,0.06964492767620856,0.2921466652499999,0.708699167,-0.6875,0.75,0.5625,0.75,-0.5851688785432556,0.9159421554554666,0.15009506300892664,0.218060473370522
20261007_151808_general32_onehand_A508_off,general32_onehand_A508,off,PLAY,27,26,right_wrist_pitch_joint,572,572,0,0,0.0,-0.12449540197849274,0.1802951544523239,0.0997906432459699,-0.111896709,0.22385335,0.11583762364298407,0.011491697543214802,0.043522540521218483,0.05136823702546692,0.34023694999999954,0.625864208,-1.075000048,0.400000006,0.725000024,1.075000048,-1.132160298976911,0.37819707326429197,0.025998361061158243,0.048837337823281424
20261007_151808_general32_onehand_A508_off,general32_onehand_A508,off,PLAY,28,28,right_wrist_yaw_joint,572,572,0,572,1.0,-0.22350260615348816,-0.22350260615348816,0.0,-0.214925095,-0.214829221,1.4047272880028033e-05,0.008625448153488147,0.008649409153488163,0.008673385153488172,0.01840777,0.030679617,-0.131249994,-0.106250003,0.131249994,0.131249994,-0.1782950713790502,-0.11195042685756636,0.026171603133777033,0.045632701095884326
20261007_151808_general32_onehand_A508_off,general32_onehand_A508,off,FINAL_HOLD,0,0,left_hip_pitch_joint,1065,1064,0,0,0.0,-0.14442478120326996,0.48385998606681824,0.060671594478213756,-0.159874886,0.138041228,0.06428569681508764,0.025968459689823628,0.1814681972934021,0.4522192332538605,0.3322670761999999,1.155189872,-19.3359375,43.681640625,17.384765624999996,43.681640625,-19.102419391635525,44.05721270072759,0.31585989205141773,0.5049393567037732
20261007_151808_general32_onehand_A508_off,general32_onehand_A508,off,FINAL_HOLD,1,3,left_hip_roll_joint,1065,1064,0,0,0.0,-0.07441910356283188,0.34761443734169006,0.045000369659414556,0.023094933,0.139941663,0.02282809262521059,0.098144419626199,0.13114036940465773,0.30017182234169004,0.1882773961999999,0.979566038,-14.765625,28.037109375,13.095703125,28.037109375,-14.546094759489417,28.521010764350063,0.22821479439324222,0.39447483891687934
20261007_151808_general32_onehand_A508_off,general32_onehand_A508,off,FINAL_HOLD,2,6,left_hip_yaw_joint,1065,1064,0,0,0.0,-0.39785563945770264,0.19436122477054596,0.07174371071807228,-0.227742583,0.133517206,0.051541391226057234,0.06352907425015258,0.10741071171694791,0.22884375641191101,0.33700438699999985,2.164987564,-6.655717373,6.711647987,4.306640625,6.711647987,-6.848985783400214,6.582003093567786,0.18071141735835505,0.2596296198551331
20261007_151808_general32_onehand_A508_off,general32_onehand_A508,off,FINAL_HOLD,3,9,left_knee_joint,1065,1064,0,0,0.0,0.04298096522688866,0.5740597248077393,0.06495115296040244,0.119343705,0.254683405,0.014641961054469535,0.02701495603554535,0.14903763556627492,0.4441736636701355,0.2528545945999997,2.529636621,-12.48046875,42.1875,14.519531249999984,42.1875,-12.840827821134667,42.62678060084631,0.37418206607119875,0.5285244050771662
20261007_151808_general32_onehand_A508_off,general32_onehand_A508,off,FINAL_HOLD,4,13,left_ankle_pitch_joint,1065,1064,15,0,0.014097744360902255,-0.36707666516304016,0.9527319669723511,0.1816936364471272,-0.204763964,0.052748725,0.06346886349212741,0.27317871152012635,0.5464298469811828,1.075360424972351,0.14090458419999996,2.765920401,-4.362187862,31.11089325,15.438051986399998,31.11089325,-4.573310622304764,31.23604304324898,0.1680246531591285,0.2966779734420041
20261007_151808_general32_onehand_A508_off,general32_onehand_A508,off,FINAL_HOLD,5,17,left_ankle_roll_joint,1065,1064,0,0,0.0,-0.15153256058692932,0.05110219120979309,0.022845331999108005,-0.158589125,-0.059560593,0.012645733702244717,0.025232568203399655,0.03788691604969863,0.14231797320979309,0.09840941760000001,3.120590448,-1.637895823,4.070537567,1.2027670379999997,4.070537567,-1.3650929213864182,6.173048762461387,0.2408017409165315,0.3319470775672085
20261007_151808_general32_onehand_A508_off,general32_onehand_A508,off,FINAL_HOLD,6,1,right_hip_pitch_joint,1065,1064,0,0,0.0,-0.4701313078403473,0.23689553141593933,0.06820875369518052,-0.222648785,0.170203686,0.06917063383883178,0.06453868266481542,0.22195386467524902,0.46105284972444155,0.483238041,2.368193865,-35.068359375,31.46484375,21.62109375,35.068359375,-34.76125827294525,31.203653863686927,0.2850940081697848,0.5149339009542458
20261007_151808_general32_onehand_A508_off,general32_onehand_A508,off,FINAL_HOLD,7,4,right_hip_roll_joint,1065,1064,0,0,0.0,-0.5687596201896667,0.07882144302129745,0.06394129879439461,-0.185253739,-0.073929355,0.01176899037328004,0.04141356073264313,0.09603719440510554,0.46752540718966673,0.18347775039999978,0.969748616,-44.736328125,15.8203125,9.386718749999996,44.736328125,-44.596809965214554,16.035029113333938,0.3364660590178552,0.49050688034244216
20261007_151808_general32_onehand_A508_off,general32_onehand_A508,off,FINAL_HOLD,8,7,right_hip_yaw_joint,1065,1064,0,0,0.0,-0.5177149772644043,0.02162429876625538,0.06276548792829531,-0.479202211,-0.187620461,0.05295950317368482,0.005295007968551646,0.1842667635850616,0.3276692947662554,0.3294620749999997,2.290121317,-10.179332733,13.479226112,6.823508739,13.479226112,-10.506533567709708,13.283887625657515,0.20848548728266794,0.30765761472809994
20261007_151808_general32_onehand_A508_off,general32_onehand_A508,off,FINAL_HOLD,9,10,right_knee_joint,1065,1064,0,0,0.0,0.09426646679639816,0.6498832106590271,0.06512517089514917,0.241627544,0.470787227,0.05619314804908495,0.04489764535166929,0.1554253223545868,0.36491362020360185,0.4494223,3.905174494,-34.8046875,15.908203125,14.624999999999988,34.8046875,-35.72192820062818,15.757697221941058,0.26367152249240533,0.519702596559295
20261007_151808_general32_onehand_A508_off,general32_onehand_A508,off,FINAL_HOLD,10,14,right_ankle_pitch_joint,1065,1064,12,0,0.011278195488721804,-0.4387577176094055,0.9527319669723511,0.196126071237062,-0.325487137,-0.096069477,0.05524265405776019,0.37347820394770814,0.7926886136585569,1.100174292972351,0.12849372019999997,4.024588108,-3.552196264,31.218622208,21.8974475864,31.218622208,-3.649078745201205,31.56066286695032,0.14917917505685163,0.40072150522980876
20261007_151808_general32_onehand_A508_off,general32_onehand_A508,off,FINAL_HOLD,11,18,right_ankle_roll_joint,1065,1064,0,0,0.0,-0.15528838336467743,0.14194323122501373,0.029970985990411852,-0.041314449,0.08818052,0.019356258228722414,0.03257241510376358,0.06122159078146284,0.11554343236467743,0.1382210138,3.460194111,-3.447845221,2.959545851,1.4407514097999998,3.447845221,-3.278398083849312,5.797315595474108,0.29790962396247245,0.3659441768179768
20261007_151808_general32_onehand_A508_off,general32_onehand_A508,off,FINAL_HOLD,12,2,waist_yaw_joint,1065,1064,0,0,0.0,-0.10639038681983948,0.47870317101478577,0.08385606940478164,0.075329416,0.20926176,0.016766969838051916,0.007215335523773181,0.23857051408054344,0.4033737550147858,0.2842081899999999,1.187914729,-13.423295975,15.828302383,9.608842468399997,15.828302383,-13.37510161303221,16.101396547588788,0.2120032922722057,0.3232314379187693
20261007_151808_general32_onehand_A508_off,general32_onehand_A508,off,FINAL_HOLD,13,5,waist_roll_joint,1065,1064,0,0,0.0,-0.8122085928916931,0.29347893595695496,0.1823653298236608,-0.132665157,-0.03117591,0.013524941758857613,0.09802040076043511,0.3722610164091979,0.7159464058916931,0.2219996127999999,1.329616666,-20.313966751,9.817724228,10.707948493799998,20.313966751,-20.25484051919326,11.1001907440127,0.2772877701011929,0.35723227342059705
20261007_151808_general32_onehand_A508_off,general32_onehand_A508,off,FINAL_HOLD,14,8,waist_pitch_joint,1065,1064,0,0,0.0,-0.8834124207496643,0.1104704737663269,0.12815986894427708,-0.00705786,0.044103302,0.0076925904812164565,0.23615043728353882,0.5236290382378357,0.9040584787496643,0.11142617499999967,0.608703077,-25.442975998,2.402126789,14.731913948399999,25.442975998,-25.605580890015528,2.4581362751805416,0.15395458563004993,0.27106548172848105
20261007_151808_general32_onehand_A508_off,general32_onehand_A508,off,FINAL_HOLD,15,11,left_shoulder_pitch_joint,1065,1064,0,0,0.0,-0.22054338455200195,0.19505006074905396,0.055066972989390284,-0.018479675,0.110842101,0.024795518035926122,0.08506472047261047,0.1051862665597206,0.20912241755200195,0.2718213977999997,0.648873925,-3.0625,2.4375,1.5625,3.0625,-2.9842996679762193,2.631729742321729,0.1141566914870995,0.1732009905461169
20261007_151808_general32_onehand_A508_off,general32_onehand_A508,off,FINAL_HOLD,16,15,left_shoulder_roll_joint,1065,1064,0,0,0.0,0.3942659795284271,0.7157824039459229,0.0439476832683789,0.405186653,0.445897073,0.009943117537653055,0.08105939580828858,0.17011367080201414,0.3046995099459229,0.06872234159999993,0.728640914,-0.4375,4.375,2.25,4.375,-0.2922680303218252,4.607965319829065,0.18120967586906445,0.2339490524176235
20261007_151808_general32_onehand_A508_off,general32_onehand_A508,off,FINAL_HOLD,17,19,left_shoulder_yaw_joint,1065,1064,0,0,0.0,-0.5759720206260681,-0.38038283586502075,0.03118726570890977,-0.558081388,-0.425176352,0.025953494351012327,0.004198014796020555,0.049714678809042366,0.06667682484239201,0.20800780379999986,0.570640862,-0.0625,1.0625,0.75,1.0625,-0.3059061396924321,0.9767518185933088,0.13368877061679357,0.16715492018448525
20261007_151808_general32_onehand_A508_off,general32_onehand_A508,off,FINAL_HOLD,18,21,left_elbow_joint,1065,1064,0,0,0.0,0.7812734842300415,1.1485254764556885,0.051634882804472676,0.858729661,1.04255569,0.0392771411622996,0.01854902470953368,0.07889226659755247,0.11900782606533811,0.20309906899999977,0.524621427,-1.8125,1.1875,1.125,1.8125,-1.686193995896739,1.266220087560849,0.1196104228635953,0.16659373091405236
20261007_151808_general32_onehand_A508_off,general32_onehand_A508,off,FINAL_HOLD,19,23,left_wrist_roll_joint,1065,1064,0,0,0.0,0.5126937031745911,0.7332826852798462,0.031049961935366625,0.525999606,0.69889605,0.029731141530874593,0.011344254428497291,0.026788699508300824,0.04684269402355956,0.1362174959999999,0.633534074,-0.5625,0.375,0.4375,0.5625,-0.45273994238009263,0.5131182481404492,0.14974345335164455,0.17233782226885475
20261007_151808_general32_onehand_A508_off,general32_onehand_A508,off,FINAL_HOLD,20,25,left_wrist_pitch_joint,1065,1064,0,0,0.0,-0.1046111062169075,0.02150612138211727,0.02365394050132459,-0.094903082,0.008436895,0.02250654801657126,0.0054535490155239105,0.018396838542343134,0.03129298125336981,0.09081166419999973,0.435650557,-0.456250012,0.381249994,0.268750012,0.456250012,-0.438656949012956,0.41295261574184805,0.024573124261023843,0.04370017561069727
20261007_151808_general32_onehand_A508_off,general32_onehand_A508,off,FINAL_HOLD,21,27,left_wrist_yaw_joint,1065,1064,0,0,0.0,-0.12620875239372253,-0.019749144092202187,0.025538979965298518,-0.118919469,-0.028594362,0.02616569717624419,0.003178082772712712,0.01208682540197601,0.017757062017679216,0.104310699,0.282252491,-0.200000003,0.15625,0.137500003,0.200000003,-0.1861070684830477,0.16905823623350233,0.027328216240981307,0.04455244072098005
20261007_151808_general32_onehand_A508_off,general32_onehand_A508,off,FINAL_HOLD,22,12,right_shoulder_pitch_joint,1065,1064,0,1018,0.956766917293233,-1.115731954574585,-0.9717960357666016,0.016407657282429385,-1.185419679,-0.142660215,0.23625273902946795,0.304399907574585,0.8701871573745849,0.9730717395745849,1.5217089649999995,2.613903284,-14.4375,2.9375,12.474999999999994,14.4375,-14.829223888523636,2.832280816241977,0.154563234790972,0.3504217356072373
20261007_151808_general32_onehand_A508_off,general32_onehand_A508,off,FINAL_HOLD,23,16,right_shoulder_roll_joint,1065,1064,0,2,0.0018796992481203006,-1.515731930732727,-0.6611084938049316,0.11294337049269514,-0.948551416,-0.691082358,0.06148512643360884,0.11448746885571293,0.31985099332478,0.746514796888977,0.6853826519999999,1.80242753,-10.0,1.875,4.424999999999997,10.0,-9.815828232711235,2.1182514968572175,0.11919220362134686,0.19524011319494006
20261007_151808_general32_onehand_A508_off,general32_onehand_A508,off,FINAL_HOLD,24,20,right_shoulder_yaw_joint,1065,1064,0,0,0.0,-0.32551339268684387,0.657237708568573,0.1677694554752074,0.296010375,0.554162562,0.054131791901707436,0.13361939745982365,0.47350371210780173,0.7044066486868439,0.47829522499999994,1.51403904,-9.8125,2.8125,6.375,9.8125,-10.038233412555066,2.6737947867886067,0.17848599074341176,0.2362271262007715
20261007_151808_general32_onehand_A508_off,general32_onehand_A508,off,FINAL_HOLD,25,22,right_elbow_joint,1065,1064,0,52,0.04887218045112782,-0.7157319188117981,0.23866891860961914,0.23930853990337933,-0.099708751,0.383483231,0.07244153964207233,0.08188753597911835,0.6905266966117981,0.8578888028117981,1.125941992,2.313243151,-11.8125,0.625,9.112499999999997,11.8125,-11.987453754403681,0.5630628536985524,0.17014861094078854,0.2812433810402631
20261007_151808_general32_onehand_A508_off,general32_onehand_A508,off,FINAL_HOLD,26,24,right_wrist_roll_joint,1065,1064,0,0,0.0,-1.2352015972137451,-1.089894413948059,0.020469488268594238,-1.216638565,-1.098881602,0.015507630584819038,0.029406070538207985,0.03679406646368399,0.06016838536291513,0.24973209199999993,0.978679776,-0.75,0.5625,0.375,0.75,-0.6469942859526975,0.770153975832753,0.1699918799400557,0.19854454275734743
20261007_151808_general32_onehand_A508_off,general32_onehand_A508,off,FINAL_HOLD,27,26,right_wrist_pitch_joint,1065,1064,0,0,0.0,-0.15807466208934784,0.0460994578897953,0.035472535155527965,-0.161032036,0.048356351,0.041363735166337054,0.007371552492115019,0.02412446710287467,0.057531402936283116,0.220893249,0.564504981,-0.912500024,0.587499976,0.40625,0.912500024,-0.9652807454222321,0.5546115574803469,0.02785546223704094,0.04734803384322472
20261007_151808_general32_onehand_A508_off,general32_onehand_A508,off,FINAL_HOLD,28,28,right_wrist_yaw_joint,1065,1064,0,1064,1.0,-0.22350260615348816,-0.22350260615348816,0.0,-0.214973032,-0.214853197,1.852836407474033e-05,0.008565530153488154,0.008613467153488152,0.008649409153488163,0.01840777,0.036815539,-0.143749997,-0.087499999,0.131249994,0.143749997,-0.1844468268744104,-0.1043910703178488,0.024965274911410457,0.04482360737219772
20261007_151858_general32_onehand_A508_on,general32_onehand_A508,on,CONTROL_PREPLAY,0,0,left_hip_pitch_joint,155,155,0,0,0.0,-0.5256354212760925,0.1369202733039856,0.06635719052925002,-0.322877377,-0.17230013,0.03724398363330979,0.027649253620819103,0.14752034314282408,0.4588091073039856,0.6844963375999986,1.552252293,-23.994140625,44.47265625,14.897460937499993,44.47265625,-24.620350071995045,44.95800491876319,0.2691911373568865,0.568752825316508
20261007_151858_general32_onehand_A508_on,general32_onehand_A508,on,CONTROL_PREPLAY,1,3,left_hip_roll_joint,155,155,0,0,0.0,-0.11076131463050842,0.26224908232688904,0.06927308492892895,-0.002104962,0.075113922,0.009855804082826235,0.11875458459700011,0.14342567003449094,0.24249481932688904,0.30085114499999915,1.461713314,-14.4140625,25.048828125,14.176757812499998,25.048828125,-14.188969721895088,25.48980414283709,0.24796997409935173,0.44552536991913216
20261007_151858_general32_onehand_A508_on,general32_onehand_A508,on,CONTROL_PREPLAY,2,6,left_hip_yaw_joint,155,155,0,0,0.0,-0.511349081993103,0.27740219235420227,0.13972911491149098,-0.092712097,0.033707403,0.020234038566324115,0.2606888567855454,0.3090443999441513,0.425132058993103,0.932504510699991,2.224983215,-14.989346504,12.3046875,12.0977450371,14.989346504,-15.325137725841323,12.184821299265808,0.11675498222210301,0.26988640652928036
20261007_151858_general32_onehand_A508_on,general32_onehand_A508,on,CONTROL_PREPLAY,3,9,left_knee_joint,155,155,0,0,0.0,0.08606104552745819,1.2069443464279175,0.1982114111174665,0.134410799,0.96121794,0.20838101069148166,0.020165995205902093,0.17917751090541534,0.3504647612153625,1.999274766499999,4.392776012,-17.2265625,23.73046875,6.398437499999976,23.73046875,-17.114575964785026,24.122300714395344,0.3213649979613056,1.089827426650383
20261007_151858_general32_onehand_A508_on,general32_onehand_A508,on,CONTROL_PREPLAY,4,13,left_ankle_pitch_joint,155,155,3,0,0.01935483870967742,-0.47675201296806335,0.9527319669723511,0.16992170528372574,-0.638938069,-0.03550845,0.15288465506690996,0.2698533607778244,0.48896203192813903,1.5899860859723511,1.3935133699999995,4.652999878,-1.976845503,44.397354126,12.740484046499999,44.397354126,0.6068933801432614,45.263208356229406,0.1591003648956537,2.2356847592075435
20261007_151858_general32_onehand_A508_on,general32_onehand_A508,on,CONTROL_PREPLAY,5,17,left_ankle_roll_joint,155,155,0,0,0.0,-0.23791557550430298,0.007323989178985357,0.024468392780841113,-0.079595767,0.014394851,0.015052262898518185,0.04613994045315552,0.0645996656705585,0.23657313950430298,0.27230587919999955,0.78406173,-6.892134666,0.274059594,2.1864034413,6.892134666,-6.6336533569435145,0.5659263175736221,0.2655960531518411,0.38753641800006156
20261007_151858_general32_onehand_A508_on,general32_onehand_A508,on,CONTROL_PREPLAY,6,1,right_hip_pitch_joint,155,155,0,0,0.0,-0.8165255188941956,0.1585908681154251,0.16580556556517606,-0.399295211,-0.031889755,0.07938057419686033,0.17652126750878144,0.19314243795851285,0.43897876189419555,1.065196311899997,3.404482841,-32.51953125,21.796875,19.16015625,32.51953125,-32.312239635524215,21.228597821735356,0.21383413044420507,0.5608620878455414
20261007_151858_general32_onehand_A508_on,general32_onehand_A508,on,CONTROL_PREPLAY,7,4,right_hip_roll_joint,155,155,0,0,0.0,-0.5668517351150513,0.08259017020463943,0.10149212808514003,-0.134155139,-0.069625683,0.011798829271068696,0.14794543003760338,0.19221165438757892,0.45354168911505127,0.5106178938999995,1.169370651,-38.14453125,19.16015625,18.799804687499996,38.14453125,-37.56794039440358,19.68086440175472,0.42270136786891044,0.5938260090318414
20261007_151858_general32_onehand_A508_on,general32_onehand_A508,on,CONTROL_PREPLAY,8,7,right_hip_yaw_joint,155,155,0,0,0.0,-0.5008000135421753,0.2946539521217346,0.14032963998080902,-0.369562745,0.026033845,0.08679693048014292,0.1080337766042328,0.1483997482777355,0.39738290739111326,1.3185339451999953,2.403256178,-9.84375,13.087713242,5.475586032799997,13.087713242,-9.819277937134975,12.691317949661556,0.2462850086294477,0.356783676271573
20261007_151858_general32_onehand_A508_on,general32_onehand_A508,on,CONTROL_PREPLAY,9,10,right_knee_joint,155,155,0,0,0.0,0.04642383009195328,0.966702938079834,0.1193323268466187,0.199579418,0.882260501,0.17169789551763778,0.15911479264660644,0.29356463283193646,0.5378409478687668,2.3868469955999916,3.562653303,-33.837890625,17.9296875,20.188476562499943,33.837890625,-32.96336975852883,17.679008859903742,0.23904629428007595,0.8178755444639099
20261007_151858_general32_onehand_A508_on,general32_onehand_A508,on,CONTROL_PREPLAY,10,14,right_ankle_pitch_joint,155,155,3,0,0.01935483870967742,-0.6109883189201355,0.9527319669723511,0.30194820506157605,-0.561346829,-0.165625364,0.1032283479681573,0.7752348783677063,0.8707986833173582,1.467001080972351,1.0249917741999999,1.614392519,-3.727269173,40.153820038,24.3647838596,40.153820038,-1.619311149807698,41.18236789660578,0.3981633833607958,1.8178513726789445
20261007_151858_general32_onehand_A508_on,general32_onehand_A508,on,CONTROL_PREPLAY,11,18,right_ankle_roll_joint,155,155,0,0,0.0,-0.36824947595596313,0.16547943651676178,0.0885433561763796,-0.05120948,0.091082193,0.0203331184405916,0.07694020100139617,0.09854091890627288,0.3720309859559631,0.43774526729999863,3.284649849,-11.870587349,2.521278858,2.573572349399997,11.870587349,-14.357807581947842,2.8079966245763535,0.3281996065832138,0.5952888410872017
20261007_151858_general32_onehand_A508_on,general32_onehand_A508,on,CONTROL_PREPLAY,12,2,waist_yaw_joint,155,155,0,0,0.0,-0.8080869317054749,0.4460262954235077,0.18466546342331827,-0.280078113,0.374825776,0.14963711398087448,0.02866709214054869,0.15453957274176064,0.7114804384235076,1.6157697558999973,6.705804825,-13.087713242,21.365411758,6.812322568899985,21.365411758,-11.381732871133671,21.75108882568624,0.20338697677842377,0.3274111584984293
20261007_151858_general32_onehand_A508_on,general32_onehand_A508,on,CONTROL_PREPLAY,13,5,waist_roll_joint,155,155,0,0,0.0,-0.5188881754875183,0.3325907588005066,0.11017520683834045,-0.118179895,0.028371817,0.022788898236389223,0.03254881906987191,0.33125841817046325,0.5244517900083008,0.5409972072999991,2.24873805,-14.534876823,12.291405678,8.457710361599988,14.534876823,-14.289943974499536,12.70237468510088,0.24939929142613315,0.45411496761108433
20261007_151858_general32_onehand_A508_on,general32_onehand_A508,on,CONTROL_PREPLAY,14,8,waist_pitch_joint,155,155,0,0,0.0,-0.5858270525932312,0.4965650141239166,0.17775230182059062,-0.116751894,0.065380342,0.03504481649850015,0.3956930785554352,0.476013961789314,0.6117023765932312,0.5171659943999994,1.458889484,-16.810949326,10.443530083,13.010475445099994,16.810949326,-17.198723468439127,12.003249474256613,0.15144038450063668,0.6234481128475413
20261007_151858_general32_onehand_A508_on,general32_onehand_A508,on,CONTROL_PREPLAY,15,11,left_shoulder_pitch_joint,155,155,0,0,0.0,-0.3938330411911011,0.6184239983558655,0.21697254682133055,-0.2916601,0.350622475,0.16606417078381897,0.0996224727753601,0.16120962164232816,0.42679624235586544,1.388406074199989,3.163068533,-3.3125,5.75,1.9937499999999968,5.75,-2.9746096779210878,5.901196109139305,0.12195917943811474,0.27098578245394095
20261007_151858_general32_onehand_A508_on,general32_onehand_A508,on,CONTROL_PREPLAY,16,15,left_shoulder_roll_joint,155,155,0,0,0.0,-0.12264936417341232,0.7512169480323792,0.09550515572282735,0.09904962,0.513967454,0.07374817971031093,0.10835665483993528,0.19280748694540645,0.49900378260147094,0.9558234750999935,3.144660711,-3.125,5.9375,2.118749999999997,5.9375,-3.037016914130692,5.853492450831474,0.19266083100687537,0.24889560809634212
20261007_151858_general32_onehand_A508_on,general32_onehand_A508,on,CONTROL_PREPLAY,17,19,left_shoulder_yaw_joint,155,155,0,0,0.0,-0.7777706980705261,0.06488551944494247,0.16996992197146032,-0.764186084,-0.013781859,0.18490418370562237,0.011111557659423843,0.13648408447173532,0.2417599861061096,1.4993128773999973,3.512816191,-1.4375,2.0625,0.5999999999999979,2.0625,-1.388200496109682,1.8710226208649516,0.13140821474771952,0.18510585842777783
20261007_151858_general32_onehand_A508_on,general32_onehand_A508,on,CONTROL_PREPLAY,18,21,left_elbow_joint,155,155,0,0,0.0,0.6000000238418579,1.2904986143112183,0.1313150788668635,0.697074473,1.25042212,0.1205366402944198,0.017151832111206078,0.15950942015742184,0.3989441393112183,1.5226294162999967,4.499166012,-2.9375,2.75,1.5937499999999947,2.9375,-2.8000309999030444,2.666853823074965,0.11841370894706696,0.22851835472202692
20261007_151858_general32_onehand_A508_on,general32_onehand_A508,on,CONTROL_PREPLAY,19,23,left_wrist_roll_joint,155,155,0,0,0.0,0.0,0.6724919080734253,0.11498520018662947,0.007514109,0.647399843,0.13516984968386608,0.007169127202453662,0.09106015154257419,0.21791705446229553,1.4781439543999986,3.867165804,-0.4375,0.25,0.3125,0.4375,-0.40292751412866723,0.35368542105122003,0.12870948921508574,0.1819963370621489
20261007_151858_general32_onehand_A508_on,general32_onehand_A508,on,CONTROL_PREPLAY,20,25,left_wrist_pitch_joint,155,155,0,128,0.8258064516129032,-0.22350260615348816,0.0831926241517067,0.08124528448809155,-0.212252617,0.051628042,0.07931113650495582,0.011285946153488158,0.057121893217713916,0.07059992845482635,0.8160778340999989,0.957204044,-0.425000012,0.331250012,0.2706250101999999,0.425000012,-0.3876702645099924,0.3549634181366208,0.02334172144928426,0.05055624950444371
20261007_151858_general32_onehand_A508_on,general32_onehand_A508,on,CONTROL_PREPLAY,21,27,left_wrist_yaw_joint,155,155,102,0,0.6580645161290323,-0.02160227857530117,0.22350260615348816,0.08031112755630154,-0.00363122,0.212983653,0.07839588848916539,0.010578871153488156,0.03463950037571602,0.057845573594913484,0.5356661199999999,0.766990423,-0.162499994,0.25,0.168750003,0.25,-0.14747335807321657,0.28672411708008544,0.0218490510277512,0.046506870813175054
20261007_151858_general32_onehand_A508_on,general32_onehand_A508,on,CONTROL_PREPLAY,22,12,right_shoulder_pitch_joint,155,155,0,149,0.9612903225806452,-1.115731954574585,0.20000000298023224,0.1507529959051594,-1.091115713,0.220821336,0.20603538286667808,0.300900518574585,0.3759558977411486,1.182663850574585,3.520486140499996,7.447476864,-12.5,4.25,5.174999999999994,12.5,-12.02601906038764,4.776251861743418,0.2283031005652827,0.43933671986759354
20261007_151858_general32_onehand_A508_on,general32_onehand_A508,on,CONTROL_PREPLAY,23,16,right_shoulder_roll_joint,155,155,0,0,0.0,-1.4532968997955322,-0.12710392475128174,0.26403967000635115,-1.093812227,-0.120297655,0.22771123833582854,0.2731201650531616,0.32894659647393787,1.2718317657955323,1.1557011483999988,7.479690552,-17.375,9.875,4.5,17.375,-17.297747181610383,10.725727632040348,0.12408946886160566,0.22858035639828972
20261007_151858_general32_onehand_A508_on,general32_onehand_A508,on,CONTROL_PREPLAY,24,20,right_shoulder_yaw_joint,155,155,0,0,0.0,-0.18599875271320343,0.9606336355209351,0.13994744489747732,0.034155041,0.652025759,0.08424664272281013,0.09066498324197386,0.24274055659121652,0.6617110965209351,2.1526352407999965,5.296835899,-6.4375,6.4375,2.518749999999999,6.4375,-6.845668318483046,6.049978551906377,0.18352535710771822,0.383379578147162
20261007_151858_general32_onehand_A508_on,general32_onehand_A508,on,CONTROL_PREPLAY,25,22,right_elbow_joint,155,155,0,3,0.01935483870967742,-0.7157319188117981,0.6467366218566895,0.17242979755502594,-0.043059323,0.694246173,0.13948837078787457,0.07961990328760529,0.24126634075245676,1.2430378198117982,2.863942265499993,10.184099197,-10.8125,1.75,1.8062499999999968,10.8125,-9.902661621376279,2.0179954006152654,0.18969716967355799,0.38510451986911864
20261007_151858_general32_onehand_A508_on,general32_onehand_A508,on,CONTROL_PREPLAY,26,24,right_wrist_roll_joint,155,155,0,0,0.0,-1.045853853225708,0.0,0.17058203653381218,-0.974689007,-0.028810078,0.20365400307098516,0.04186505077246094,0.1340638935496464,0.36797738031689453,2.3144703150999897,6.918253422,-0.4375,0.5625,0.5,0.5625,-0.3217653503890995,1.032490877040301,0.1616513642437994,0.3804501265726099
20261007_151858_general32_onehand_A508_on,general32_onehand_A508,on,CONTROL_PREPLAY,27,26,right_wrist_pitch_joint,155,155,0,135,0.8709677419354839,-0.22350260615348816,0.01364225149154663,0.059652231060913635,-0.219311327,0.02143978,0.06779938277607697,0.00449089715348816,0.04301359617097967,0.07982373215348815,0.5712544794999993,1.300815701,-0.712499976,0.212500006,0.25562500059999754,0.712499976,-0.7720441844757621,0.1815392390377687,0.02667089856974874,0.04613199653185649
20261007_151858_general32_onehand_A508_on,general32_onehand_A508,on,CONTROL_PREPLAY,28,28,right_wrist_yaw_joint,155,155,0,144,0.9290322580645162,-0.22350260615348816,0.0022083926014602184,0.045763816455243696,-0.214925095,-0.004554006,0.04960185695996596,0.008613467153488152,0.039360765242343033,0.09087613996810913,0.4865787352999999,1.417398334,-0.181250006,0.106250003,0.131249994,0.181250006,-0.21892250226718857,0.0895166746939702,0.02576957761796103,0.045632701095884326
20261007_151858_general32_onehand_A508_on,general32_onehand_A508,on,PLAY,0,0,left_hip_pitch_joint,573,573,0,0,0.0,-0.27854058146476746,0.11045419424772263,0.07144837013413875,-0.299569398,-0.000127832,0.06312531853091029,0.02838492368041992,0.10183480170154607,0.19659192146476745,0.47211160059999996,1.402808428,-17.490234375,16.875,10.810546875,17.490234375,-16.98384388385861,17.83104187266552,0.35497253599691936,0.5828234673297518
20261007_151858_general32_onehand_A508_on,general32_onehand_A508,on,PLAY,1,3,left_hip_roll_joint,573,573,0,0,0.0,-0.08905792236328125,0.3498735725879669,0.07847851758173059,0.014214888,0.143103361,0.03538205645282623,0.08007517468915368,0.11980098004370728,0.2455202715879669,0.20158554299999995,0.608683586,-15.380859375,24.345703125,12.023437499999996,24.345703125,-15.09224786292575,24.89635022128011,0.24029216113060592,0.51518204514443
20261007_151858_general32_onehand_A508_on,general32_onehand_A508,on,PLAY,2,6,left_hip_yaw_joint,573,573,0,0,0.0,0.013375355862081051,0.620780348777771,0.0772087474830731,-0.023998277,0.534162521,0.1530451684387253,0.15806705546788025,0.24724020050747064,0.3072519119399872,0.5550458909999996,1.510177374,-9.11665535,11.689453125,9.787819862,11.689453125,-9.273288288147171,11.541025567014987,0.1726752410341854,0.31453939742138204
20261007_151858_general32_onehand_A508_on,general32_onehand_A508,on,PLAY,3,9,left_knee_joint,573,573,0,0,0.0,-0.03514775261282921,0.41570132970809937,0.06548285780506549,0.06692417,0.268225074,0.032167211051892936,0.03766920448861695,0.16456054152028654,0.25566452770809933,0.3604105056,2.899428368,-10.37109375,19.423828125,14.712890624999998,19.423828125,-10.251673149457758,19.789574348723107,0.3763958012196129,0.5152131927513052
20261007_151858_general32_onehand_A508_on,general32_onehand_A508,on,PLAY,4,13,left_ankle_pitch_joint,573,573,3,0,0.005235602094240838,-0.2831069231033325,0.9527319669723511,0.18195960885828294,-0.093119934,0.036185469,0.015128027308595558,0.3022566064004211,0.5813815997610717,0.9708803999723511,0.22263537619999962,1.717537284,-8.47406292,27.480331421,16.492989730799998,27.480331421,-8.647045692027467,27.659824762780264,0.13665534972041726,0.29249819007966865
20261007_151858_general32_onehand_A508_on,general32_onehand_A508,on,PLAY,5,17,left_ankle_roll_joint,573,573,0,0,0.0,-0.3013625144958496,0.05161180719733238,0.04375739238624855,-0.148845226,-0.006628687,0.02151405705648518,0.05203104368564224,0.10816817719531856,0.20228526026164245,0.25127653499999975,0.994362473,-5.348896027,1.981276155,3.3102911469999974,5.348896027,-4.941347135905896,2.373271848066522,0.24210234854529045,0.35652119566960633
20261007_151858_general32_onehand_A508_on,general32_onehand_A508,on,PLAY,6,1,right_hip_pitch_joint,573,573,0,0,0.0,-0.32074302434921265,0.3278149962425232,0.08950960720031123,-0.460731119,0.040497091,0.06351848256210989,0.1251001171250496,0.18767186259859467,0.3636164032425232,0.5438882471999998,1.155189872,-23.73046875,34.365234375,19.054687499999996,34.365234375,-24.138700005206527,34.086254149824526,0.24968414131799221,0.453909885637972
20261007_151858_general32_onehand_A508_on,general32_onehand_A508,on,PLAY,7,4,right_hip_roll_joint,573,573,0,0,0.0,-0.9528414011001587,0.034830618649721146,0.18181988951656006,-0.469952047,-0.124218352,0.08466583283142556,0.13610490543056344,0.23108133377070159,0.5841917391001588,0.4140793681999999,1.107193232,-51.943359375,24.873046875,21.691406249999986,51.943359375,-50.96247418493494,25.293642769760385,0.38449626397777337,0.5918106510940553
20261007_151858_general32_onehand_A508_on,general32_onehand_A508,on,PLAY,8,7,right_hip_yaw_joint,573,573,0,0,0.0,-1.0175206661224365,-0.24688121676445007,0.11061153931009204,-0.950771034,-0.345042199,0.14539311253881607,0.07788708780966186,0.16359682120795277,0.2775880394702607,0.7223481653999996,1.625026345,-5.872691631,10.514914513,5.872691631,10.514914513,-6.147810068658262,10.437805946453619,0.22562371660308544,0.3156756780954613
20261007_151858_general32_onehand_A508_on,general32_onehand_A508,on,PLAY,9,10,right_knee_joint,573,573,0,0,0.0,-0.14211641252040863,0.6404067873954773,0.0973565455608915,0.189003482,0.553426147,0.061483017632293725,0.14264830922242736,0.2295975210857788,0.5151038315204086,0.6627887727999995,4.535674572,-51.591796875,23.203125,20.601562499999996,51.591796875,-52.44299194214549,22.78945513023501,0.24977359654668696,0.6604065019548385
20261007_151858_general32_onehand_A508_on,general32_onehand_A508,on,PLAY,10,14,right_ankle_pitch_joint,573,573,13,0,0.02268760907504363,-0.7725570797920227,0.9527319669723511,0.34185263848573316,-0.197115242,-0.015396661,0.05732129171918445,0.7228087339446105,0.9157271001326233,1.133541821972351,0.23295908899999998,0.997722089,-16.546556473,31.978862762,25.813689041,31.978862762,-16.74000272308302,32.316484573555265,0.3163586931100255,0.4797155794182153
20261007_151858_general32_onehand_A508_on,general32_onehand_A508,on,PLAY,11,18,right_ankle_roll_joint,573,573,0,0,0.0,-0.025383200496435165,0.15867479145526886,0.03291622259323686,0.020532722,0.11460983,0.014445465381601491,0.039296008293144224,0.08629199987833705,0.1082621743019638,0.2156739651999999,1.826369286,-2.1509974,2.800577402,2.1778858183999996,2.800577402,-2.225254990469476,3.145084506089006,0.24832409857052773,0.35715437106592224
20261007_151858_general32_onehand_A508_on,general32_onehand_A508,on,PLAY,12,2,waist_yaw_joint,573,573,0,0,0.0,0.0011663984041661024,0.46142321825027466,0.09268763708880413,0.031712011,0.379084378,0.10431422693726816,0.029405623302535988,0.11788797948056029,0.23023536817976378,0.4892220379999996,1.29076457,-4.810014248,9.620028496,4.440873622999999,9.620028496,-4.643911247885072,10.175612065415068,0.22403198695833293,0.3462759050461483
20261007_151858_general32_onehand_A508_on,general32_onehand_A508,on,PLAY,13,5,waist_roll_joint,573,573,0,0,0.0,-0.6372641324996948,0.21759352087974548,0.13098527300720308,-0.19124037,0.048218425,0.03263300596220146,0.06459172788178254,0.3407678007130676,0.6854825574996948,0.3378041628,1.904449105,-19.462974548,10.550535202,9.5865537642,19.462974548,-19.528525647126333,10.708202582914222,0.2544659600123985,0.4340921974998945
20261007_151858_general32_onehand_A508_on,general32_onehand_A508,on,PLAY,14,8,waist_pitch_joint,573,573,0,0,0.0,-0.7066449522972107,0.3074761927127838,0.2054069508915204,0.008700831,0.096835844,0.01595302026887562,0.3914539888674164,0.6607656464021179,0.7732623512972107,0.18079970179999988,0.791113019,-21.719499588,6.845392227,18.6002086644,21.719499588,-21.939183635488668,6.955236551259653,0.14684479156072605,0.3528449622483322
20261007_151858_general32_onehand_A508_on,general32_onehand_A508,on,PLAY,15,11,left_shoulder_pitch_joint,573,573,0,0,0.0,-0.41529959440231323,0.4165421724319458,0.17493456114077804,-0.31918785,0.221708164,0.13548360386868355,0.0867793854901428,0.13033892049538726,0.1965837034319458,0.8571884871999992,1.762544036,-2.5,2.625,1.875,2.625,-2.4165902354110895,2.8070068459303816,0.11481678594570188,0.1987235681738479
20261007_151858_general32_onehand_A508_on,general32_onehand_A508,on,PLAY,16,15,left_shoulder_roll_joint,573,573,0,0,0.0,0.41599544882774353,1.0201103687286377,0.1257221850860412,0.360545427,0.81823498,0.09514047265940766,0.11556208144076541,0.23767154844707636,0.37020146819543454,0.4970097903999999,1.395922542,0.25,4.9375,2.8999999999999986,4.9375,0.24891454711305283,5.093293680334243,0.1921566365067564,0.24742444380415488
20261007_151858_general32_onehand_A508_on,general32_onehand_A508,on,PLAY,17,19,left_shoulder_yaw_joint,573,573,0,0,0.0,-0.8858172297477722,-0.4386175572872162,0.10234372668694862,-0.869910955,-0.505962014,0.09077111721467118,0.008818089855499256,0.06336447010151364,0.08744287479705815,0.7145282863999999,1.308485627,-0.1875,1.3125,0.75,1.3125,-0.31373216750088956,1.207630404767198,0.12678351198924448,0.19793148730913432
20261007_151858_general32_onehand_A508_on,general32_onehand_A508,on,PLAY,18,21,left_elbow_joint,573,573,0,0,0.0,0.4474197030067444,1.360892415046692,0.17794306806075633,0.580156326,1.314801335,0.15753700617566174,0.021583080523559506,0.09044295531719362,0.1690784391486969,1.216446757,1.797825575,-1.6875,1.0,0.9375,1.6875,-1.4828907899992805,1.0887138433290835,0.13516362553572758,0.23595068481061382
20261007_151858_general32_onehand_A508_on,general32_onehand_A508,on,PLAY,19,23,left_wrist_roll_joint,573,573,0,0,0.0,-0.6490699648857117,0.7172675728797913,0.33529805152149766,-0.618050456,0.683795929,0.33009155083184355,0.020681560450775183,0.07093899881481465,0.15361022984475708,1.2023342133999997,2.781107187,-0.625,0.3125,0.4375,0.625,-0.463702512800897,0.5053091843354458,0.14819100039954725,0.24745305221177794
20261007_151858_general32_onehand_A508_on,general32_onehand_A508,on,PLAY,20,25,left_wrist_pitch_joint,573,573,0,551,0.9616055846422339,-0.22350260615348816,-0.12551289796829224,0.011357903926420927,-0.224500492,-0.149071783,0.011183702008316398,0.011357844153488172,0.011609524153488149,0.03362117658836364,0.06381360439999986,0.546097159,-0.256249994,0.237499997,0.212500006,0.256249994,-0.238739970886192,0.21614573676598914,0.021934372079845943,0.04175558500748458
20261007_151858_general32_onehand_A508_on,general32_onehand_A508,on,PLAY,21,27,left_wrist_yaw_joint,573,573,388,5,0.6858638743455497,-0.22350260615348816,0.22350260615348816,0.06880812017401822,-0.202113956,0.212983653,0.05680750340529359,0.010542929153488173,0.03640118230188902,0.08217610954027939,0.5178719281999992,1.300815701,-0.212500006,0.193749994,0.162499994,0.212500006,-0.20701524832327564,0.2401426104668782,0.02638743600748511,0.046307523215951246
20261007_151858_general32_onehand_A508_on,general32_onehand_A508,on,PLAY,22,12,right_shoulder_pitch_joint,573,573,0,571,0.9965095986038395,-1.115731954574585,-1.0955767631530762,0.0010972831097039826,-1.421520829,-0.287681341,0.2556906334261641,0.29520797757458495,0.7647667287745847,0.828050613574585,1.1903691291999994,1.618349791,-11.8125,4.5625,11.0625,11.8125,-12.081014083911965,4.497601074961082,0.20828918364843307,0.311821946686973
20261007_151858_general32_onehand_A508_on,general32_onehand_A508,on,PLAY,23,16,right_shoulder_roll_joint,573,573,0,0,0.0,-1.41873300075531,-0.934203565120697,0.12055044759349595,-1.615605354,-0.766163528,0.18454161118514673,0.2687184810438843,0.3144882442586425,0.39334404457910155,0.9068894863999999,3.235165596,-5.625,4.625,4.625,5.625,-5.591480964491477,4.82932904454572,0.11914367381595348,0.2495770962954372
20261007_151858_general32_onehand_A508_on,general32_onehand_A508,on,PLAY,24,20,right_shoulder_yaw_joint,573,573,0,0,0.0,-0.10133678466081619,0.7925137877464294,0.19541877817256,0.30225414,0.547607183,0.03838500883729067,0.11551082128054807,0.47953630470952796,0.5374906736608163,0.535359323,1.555456638,-7.5625,5.5,6.625,7.5625,-7.819280374648455,5.36783774318468,0.1782678837561925,0.2399730260749374
20261007_151858_general32_onehand_A508_on,general32_onehand_A508,on,PLAY,25,22,right_elbow_joint,573,573,0,0,0.0,-0.4414671063423157,0.14892131090164185,0.0948919251181361,-0.087077379,0.486451685,0.09261441999170103,0.08301184311990738,0.37516530855759883,0.5173754167591857,0.9949399711999993,2.366932392,-7.875,-0.1875,5.399999999999999,7.875,-8.170344510941165,-0.3791775983812661,0.18701995564731178,0.28128061301219526
20261007_151858_general32_onehand_A508_on,general32_onehand_A508,on,PLAY,26,24,right_wrist_roll_joint,573,573,0,0,0.0,-1.2387698888778687,0.3724125027656555,0.37898902372243565,-1.375465512,0.29683727,0.3729321983713027,0.028943598366210965,0.1460826870028198,0.24200534834033194,1.3137011767999993,4.861185551,-1.5625,3.0625,1.4375,3.0625,-1.396975728461667,3.190022103948119,0.13589912987543884,0.3235072952888745
20261007_151858_general32_onehand_A508_on,general32_onehand_A508,on,PLAY,27,26,right_wrist_pitch_joint,573,573,0,562,0.9808027923211169,-0.22350260615348816,-0.13487806916236877,0.008057646329026297,-0.264959246,-0.167539462,0.018509317589120985,0.009099214846511827,0.038129704892230214,0.04145663984651182,0.153398082,0.595184565,-0.649999976,0.800000012,0.6862499951999997,0.800000012,-0.6755617138394995,0.77533117849279,0.02471302974914112,0.043684653939867944
20261007_151858_general32_onehand_A508_on,general32_onehand_A508,on,PLAY,28,28,right_wrist_yaw_joint,573,573,0,573,1.0,-0.22350260615348816,-0.22350260615348816,0.0,-0.214949057,-0.214853197,1.3327770912735258e-05,0.008601472153488166,0.008613467153488152,0.008649409153488163,0.01840777,0.036815539,-0.143749997,-0.087499999,0.131249994,0.143749997,-0.17728974752542742,-0.1043910703178488,0.025568321574298225,0.04482360737219772
20261007_151858_general32_onehand_A508_on,general32_onehand_A508,on,FINAL_HOLD,0,0,left_hip_pitch_joint,2568,2567,0,0,0.0,-0.5123597383499146,0.25940611958503723,0.07400602349843782,-0.422901452,0.049274873,0.07513521142038229,0.10948194700397491,0.18566839928593387,0.423735961733223,0.454876453,2.532909155,-29.091796875,39.90234375,17.138671875,39.90234375,-28.827299704060156,40.28487199083745,0.27224151410317354,0.5408158485057565
20261007_151858_general32_onehand_A508_on,general32_onehand_A508,on,FINAL_HOLD,1,3,left_hip_roll_joint,2568,2567,0,0,0.0,-0.1502123326063156,0.327044814825058,0.06160572580131486,-0.032315861,0.263716877,0.040703676851293766,0.15240465386760665,0.22104355817274457,0.2724060120924759,0.258526921,1.451895833,-27.0703125,22.32421875,22.029785156250007,27.0703125,-26.99744614098428,22.952588388733027,0.22123864966050188,0.4451908386838829
20261007_151858_general32_onehand_A508_on,general32_onehand_A508,on,FINAL_HOLD,2,6,left_hip_yaw_joint,2568,2567,0,0,0.0,-0.1245703250169754,0.5041731595993042,0.10173327451620728,-0.009735908,0.433388531,0.05351095353648054,0.16018591778666685,0.18782107233365097,0.22195376779447937,0.342832536,1.782729149,-7.159090996,8.669211388,7.662464619,8.669211388,-7.384040708356159,8.451733361986733,0.151974317589739,0.273510754870962
20261007_151858_general32_onehand_A508_on,general32_onehand_A508,on,FINAL_HOLD,3,9,left_knee_joint,2568,2567,0,0,0.0,-0.021279234439134598,0.9067403674125671,0.11742022217073214,0.071151145,0.685254753,0.09055153477504113,0.03324474756892014,0.19927864772219014,0.6473697724125671,0.5075090469500004,5.165083885,-21.09375,34.189453125,17.723144531250007,34.189453125,-20.685308315398622,34.24806486455452,0.29578385921047046,0.5460415796518663
20261007_151858_general32_onehand_A508_on,general32_onehand_A508,on,FINAL_HOLD,4,13,left_ankle_pitch_joint,2568,2567,61,0,0.023763147643163226,-0.5096548795700073,0.9527319669723511,0.2950850587110636,-0.300763458,0.095276386,0.04721980556503223,0.13076868081941412,0.9073757473424271,1.2284279163116456,0.2418822172500001,5.166619301,-12.210174561,36.009666443,25.616082858900008,36.009666443,-12.425540456072678,35.505625244478836,0.08457870320945537,0.420603555301572
20261007_151858_general32_onehand_A508_on,general32_onehand_A508,on,FINAL_HOLD,5,17,left_ankle_roll_joint,2568,2567,0,0,0.0,-0.24920913577079773,0.24988828599452972,0.07186257241236185,-0.141659573,0.044564083,0.02565894749302402,0.06780496597133255,0.10917777477645178,0.2702064362842636,0.22556919515000004,2.694148064,-4.534401894,7.027861595,3.11848137385,7.027861595,-4.4852623691902345,7.248179004087843,0.21507479463676238,0.3583960497928247
20261007_151858_general32_onehand_A508_on,general32_onehand_A508,on,FINAL_HOLD,6,1,right_hip_pitch_joint,2568,2567,0,0,0.0,-0.5010431408882141,0.18405833840370178,0.11073444363211704,-0.465997785,-0.049291916,0.06502661736285904,0.20142455742509652,0.24410545431263142,0.3927525130665893,0.4795837687500001,2.097667694,-27.94921875,38.232421875,23.73046875,38.232421875,-28.11277044875687,37.93017190080367,0.21718460636122172,0.4589235757957212
20261007_151858_general32_onehand_A508_on,general32_onehand_A508,on,FINAL_HOLD,7,4,right_hip_roll_joint,2568,2567,0,0,0.0,-0.5728329420089722,0.10378269851207733,0.1246678918335658,-0.475056797,-0.055513062,0.06558971538740077,0.19036034691612339,0.25035989071516,0.32966136951207736,0.3361395181500011,1.830414057,-31.640625,32.080078125,23.994140625,32.080078125,-31.094334590186172,32.55193190148612,0.41772000911911533,0.720572227431592
20261007_151858_general32_onehand_A508_on,general32_onehand_A508,on,FINAL_HOLD,8,7,right_hip_yaw_joint,2568,2567,0,0,0.0,-0.7322382926940918,-0.053827639669179916,0.08239986848404282,-0.64737761,-0.193111137,0.08624480280344211,0.10031658414894867,0.11841372076945879,0.35946056207167054,0.4517675710000011,3.16605854,-6.208274364,13.423295975,4.4548562767500055,13.423295975,-6.728471294549605,13.072045665694066,0.2301961229852645,0.33353880990770146
20261007_151858_general32_onehand_A508_on,general32_onehand_A508,on,FINAL_HOLD,9,10,right_knee_joint,2568,2567,0,0,0.0,0.020676491782069206,0.8123807907104492,0.0984789866298447,0.134828389,0.558138907,0.07853735073374969,0.16610789320879366,0.2166508698688423,0.46457621471044924,0.5202717544500003,3.923718452,-23.90625,25.6640625,21.4453125,25.6640625,-24.37646995862498,24.6833601862211,0.22384791350078181,0.4586733753625619
20261007_151858_general32_onehand_A508_on,general32_onehand_A508,on,FINAL_HOLD,10,14,right_ankle_pitch_joint,2568,2567,25,0,0.009738994935722634,-0.5158498883247375,0.9527319669723511,0.2583475762365537,-0.177499369,0.07613828,0.043433627739467205,0.5402226162156982,0.8118240073330216,1.101280748972351,0.2510202221000003,4.691401482,-12.817744255,31.212335587,22.77877645525,31.212335587,-13.091123712396566,31.46200919468778,0.13920239588716576,0.4231338025802196
20261007_151858_general32_onehand_A508_on,general32_onehand_A508,on,FINAL_HOLD,11,18,right_ankle_roll_joint,2568,2567,0,0,0.0,-0.22124364972114563,0.21035444736480713,0.062487823408422634,-0.047965121,0.152928159,0.027333966867551907,0.056127153511005404,0.10236532313138466,0.3039004727211456,0.20841243210000002,2.402377129,-8.881958008,3.921489,2.8095608476000002,8.881958008,-8.676520380316719,4.2341985556893995,0.2728571358984176,0.37710040827366953
20261007_151858_general32_onehand_A508_on,general32_onehand_A508,on,FINAL_HOLD,12,2,waist_yaw_joint,2568,2567,0,0,0.0,-0.48410117626190186,0.7807940244674683,0.11269501334706122,-0.076762348,0.704788685,0.11588545663956974,0.017026573357063285,0.17093865768473707,0.7024333923709412,0.5445037901500002,3.577457666,-19.072265625,24.609375,6.823508739,24.609375,-19.0013494106309,25.03122059128997,0.2062644126906534,0.34889258564600284
20261007_151858_general32_onehand_A508_on,general32_onehand_A508,on,FINAL_HOLD,13,5,waist_roll_joint,2568,2567,0,9,0.003506038176860148,-1.3157318830490112,0.8565577864646912,0.23451786013578885,-0.251106888,0.081722438,0.042276214999367,0.11716876018018436,0.5975890072287225,1.3589180630490112,0.40560365160000006,2.214037657,-31.131631851,30.795957565,16.732994652150012,31.131631851,-38.85097626242944,31.575007792284058,0.22780834570493536,0.5347487071706178
20261007_151858_general32_onehand_A508_on,general32_onehand_A508,on,FINAL_HOLD,14,8,waist_pitch_joint,2568,2567,0,4,0.0015582391897156214,-1.3157318830490112,0.4205455780029297,0.15795132422784985,-0.01888589,0.160874754,0.029667902002950473,0.32131466268554687,0.604031735149486,1.4028350780490113,0.24138123345000023,1.289254665,-37.685203552,5.167477608,16.989566516450004,37.685203552,-40.43872298821493,6.448023014151987,0.12518054683005309,0.3749529536899881
20261007_151858_general32_onehand_A508_on,general32_onehand_A508,on,FINAL_HOLD,15,11,left_shoulder_pitch_joint,2568,2567,0,0,0.0,-0.5872207880020142,0.9023184180259705,0.2671708411723551,-0.72782594,0.953800499,0.2309556963616768,0.11044074575618745,0.20362694171279336,0.8789604756534042,0.9735409262500001,2.679864645,-7.875,12.125,3.0,12.125,-7.906786763412153,12.301676482181657,0.13070746654654009,0.24324614877035386
20261007_151858_general32_onehand_A508_on,general32_onehand_A508,on,FINAL_HOLD,16,15,left_shoulder_roll_joint,2568,2567,0,0,0.0,0.23124846816062927,1.1307275295257568,0.14778837340342527,0.261172235,0.983892918,0.12218895026340673,0.11283019181118012,0.2711278198720108,0.4011496901383667,0.5286864872500001,1.323825479,-4.4375,5.125,3.5625,5.125,-4.307671641741027,5.342605792253109,0.18840866935806844,0.25161973013709127
20261007_151858_general32_onehand_A508_on,general32_onehand_A508,on,FINAL_HOLD,17,19,left_shoulder_yaw_joint,2568,2567,0,0,0.0,-0.9201964735984802,-0.2509830892086029,0.1032158675095797,-0.850100994,-0.26859045,0.10676019664216609,0.01224535741714472,0.09725328975871596,0.338442981393158,0.5547641752500001,1.84077704,-4.8125,1.5625,1.125,4.8125,-5.055430889225838,1.5274820351023592,0.13128935208945913,0.20979137777268564
20261007_151858_general32_onehand_A508_on,general32_onehand_A508,on,FINAL_HOLD,18,21,left_elbow_joint,2568,2567,0,0,0.0,-0.18602697551250458,1.4948230981826782,0.2842386245745076,-0.128243193,1.489063978,0.2927003281627605,0.02221888295803831,0.11982518570623782,0.23211932231576538,1.0757040979000005,3.646272421,-2.875,2.4375,1.5,2.875,-2.6685754397420323,2.750382383144325,0.13196870072463518,0.22892751123870783
20261007_151858_general32_onehand_A508_on,general32_onehand_A508,on,FINAL_HOLD,19,23,left_wrist_roll_joint,2568,2567,0,0,0.0,-0.34775176644325256,1.01506507396698,0.21874278953937082,-0.319259763,0.971381366,0.20997541995532862,0.02473066751839445,0.06645795986565704,0.16561964184472655,0.8784341452500002,2.196660519,-0.75,1.625,0.5,1.625,-0.5916992594532612,1.7164993133586548,0.1383796882246941,0.22318827337641486
20261007_151858_general32_onehand_A508_on,general32_onehand_A508,on,FINAL_HOLD,20,25,left_wrist_pitch_joint,2568,2567,0,2397,0.9337748344370861,-0.22350260615348816,0.008530372753739357,0.029646222596818775,-0.256450444,0.024315992,0.03738881020663695,0.0011416968465118305,0.03271593434651185,0.07488411036735534,0.122718468,0.705631196,-1.162500024,0.662500024,0.5956250072000011,1.162500024,-1.1549396481075873,0.6890544515980255,0.024797696524387458,0.04597519852389732
20261007_151858_general32_onehand_A508_on,general32_onehand_A508,on,FINAL_HOLD,21,27,left_wrist_yaw_joint,2568,2567,1803,180,0.7724970783015193,-0.22350260615348816,0.22350260615348816,0.15779294717600412,-0.225363359,0.212995633,0.15328390998683283,0.010542929153488173,0.04636841226821558,0.11290985382949066,0.6850758550000006,1.687378883,-0.293749988,0.237499997,0.15625,0.293749988,-0.26320893537054,0.2864174217226595,0.026796530754101332,0.046987109689667995
20261007_151858_general32_onehand_A508_on,general32_onehand_A508,on,FINAL_HOLD,22,12,right_shoulder_pitch_joint,2568,2567,0,2566,0.9996104402025711,-1.115731954574585,-1.0880833864212036,0.0005454947311906113,-1.598024487,-0.199333623,0.2241209450676922,0.28897619257458496,0.5864582334245853,0.916398331574585,0.8849535431500009,5.75396204,-13.3125,7.125,8.040625000000006,13.3125,-13.81581581859643,7.118916410928401,0.18476569093281014,0.2540458910481864
20261007_151858_general32_onehand_A508_on,general32_onehand_A508,on,FINAL_HOLD,23,16,right_shoulder_roll_joint,2568,2567,0,31,0.012076353720296066,-1.515731930732727,-0.028142958879470825,0.2102614085554224,-1.615797162,-0.605035603,0.18488887515701097,0.2828515767560119,0.3608564256266815,0.8347931801205292,0.7725894692500002,5.144971848,-10.4375,9.875,5.0625,10.4375,-10.643818317402285,9.897400133181907,0.11413169087658082,0.21691111046068326
20261007_151858_general32_onehand_A508_on,general32_onehand_A508,on,FINAL_HOLD,24,20,right_shoulder_yaw_joint,2568,2567,0,0,0.0,-0.08534722775220871,1.1922638416290283,0.22729512330617313,0.211030215,0.970985889,0.12706057110008895,0.0925667136644821,0.3315741294019282,0.6841750067522087,0.6723437995000002,4.218447208,-8.6875,4.6875,4.125,8.6875,-8.993144832561846,4.536157789435671,0.18497788504415624,0.23692955007857633
20261007_151858_general32_onehand_A508_on,general32_onehand_A508,on,FINAL_HOLD,25,22,right_elbow_joint,2568,2567,0,9,0.003506038176860148,-0.7157319188117981,1.3975797891616821,0.31190827446609504,-0.138801292,1.14754951,0.30869602645774724,0.06680899494743728,0.359166121394629,1.1786945168117982,1.34016242025,4.92868042,-14.1875,3.75,4.853125000000006,14.1875,-14.186372092895095,3.6238439439915875,0.18064301594356785,0.27451837423346104
20261007_151858_general32_onehand_A508_on,general32_onehand_A508,on,FINAL_HOLD,26,24,right_wrist_roll_joint,2568,2567,0,134,0.052201012855473315,-1.3157318830490112,-0.13267506659030914,0.2493222158980542,-1.34598434,-0.182531729,0.24441545228766745,0.021191209529006938,0.0998244257067352,0.2974728350813598,1.04717197425,2.67526269,-1.3125,2.6875,0.9375,2.6875,-1.1977213482126676,2.857095769903072,0.1574886364814929,0.22699780977575681
20261007_151858_general32_onehand_A508_on,general32_onehand_A508,on,FINAL_HOLD,27,26,right_wrist_pitch_joint,2568,2567,0,2531,0.9859758472925594,-0.22350260615348816,-0.1656152904033661,0.0030589874231780976,-0.26412034,-0.126876995,0.027726533363616388,0.003448263153488146,0.08752359890348825,0.09662561115348817,0.073631078,0.64427197,-1.818750024,1.556249976,1.4643749832000013,1.818750024,-1.8381255434398402,1.5365283269141676,0.02814867151870784,0.04745696541988392
20261007_151858_general32_onehand_A508_on,general32_onehand_A508,on,FINAL_HOLD,28,28,right_wrist_yaw_joint,2568,2567,0,2555,0.9953252824308532,-0.22350260615348816,-0.016580017283558846,0.00957381833008245,-0.215128824,-0.061131533,0.007436469092619176,0.008469656153488159,0.008657205903488155,0.10966180296218109,0.024543693,1.546252728,-0.193749994,0.150000006,0.131249994,0.193749994,-0.2604586106797996,0.13722749497407338,0.023356669498309335,0.044153316600824236
20261007_174302_general32_lift_walk_start_A201_on,general32_lift_walk_start_A201,on,CONTROL_PREPLAY,0,0,left_hip_pitch_joint,279,279,0,0,0.0,-0.6516717672348022,0.052214544266462326,0.11281412316597907,-0.404928327,-0.090445213,0.06597636117965461,0.11296127126415992,0.15442469435656414,0.41113845299611285,0.7932521879,1.817324042,-31.81640625,43.06640625,14.255859374999995,43.06640625,-32.46967113402137,43.709244924130076,0.4058887227509871,0.5714444121063473
20261007_174302_general32_lift_walk_start_A201_on,general32_lift_walk_start_A201,on,CONTROL_PREPLAY,1,3,left_hip_roll_joint,279,279,0,0,0.0,-0.05677281692624092,0.38039401173591614,0.05257300852452597,-0.069898389,0.030722227,0.015174929228078254,0.06912630832967759,0.08350908615255359,0.43606046973591617,0.1920953166999955,1.204277158,-8.349609375,47.021484375,8.26171875,47.021484375,-8.203094567541894,47.84438199463703,0.25143258318316786,0.4280088175428262
20261007_174302_general32_lift_walk_start_A201_on,general32_lift_walk_start_A201,on,CONTROL_PREPLAY,2,6,left_hip_yaw_joint,279,279,0,0,0.0,-0.8809323906898499,0.05918591842055321,0.0913229164510507,-0.220993057,0.094439648,0.023801712581189356,0.013230875534938819,0.09475445399914083,0.7598026916898498,0.3498605909999988,3.714590311,-25.1127491,4.921875,3.6075106859999906,25.1127491,-25.174648018845563,4.660998676989703,0.20665682286347664,0.29642346486881455
20261007_174302_general32_lift_walk_start_A201_on,general32_lift_walk_start_A201,on,CONTROL_PREPLAY,3,9,left_knee_joint,279,279,0,0,0.0,0.19443416595458984,1.1858751773834229,0.14455094808195523,0.211305857,1.088580966,0.17007091146821615,0.07166907170242309,0.13198432592810205,0.40884864348544314,1.3937545301999996,6.612616062,-30.146484375,11.6015625,10.283203125,30.146484375,-29.046118322093992,11.824441190799085,0.4171311623741154,0.7041298714876498
20261007_174302_general32_lift_walk_start_A201_on,general32_lift_walk_start_A201,on,CONTROL_PREPLAY,4,13,left_ankle_pitch_joint,279,279,4,0,0.014336917562724014,-0.6311482191085815,0.9527319669723511,0.19729314110323354,-0.675977111,-0.107517377,0.10430133844497828,0.41615485449549866,0.57582237764673,1.5601625439723512,0.8690886620999999,4.637106895,-7.060380936,41.534584045,16.113140296799997,41.534584045,-5.324453628685788,42.927886405383504,0.2294327449157123,1.5744195862272878
20261007_174302_general32_lift_walk_start_A201_on,general32_lift_walk_start_A201,on,CONTROL_PREPLAY,5,17,left_ankle_roll_joint,279,279,0,0,0.0,-0.1376742720603943,0.01104303915053606,0.02062340000850194,-0.073469043,-0.006481733,0.007399739669114962,0.06101901806066895,0.06456604731888199,0.07587452606039428,0.18129394919999983,1.72442615,-2.147011995,1.650722146,2.0874716994999996,2.147011995,-2.403290179489053,3.3461892311577235,0.23697340635676412,0.3125166635576993
20261007_174302_general32_lift_walk_start_A201_on,general32_lift_walk_start_A201,on,CONTROL_PREPLAY,6,1,right_hip_pitch_joint,279,279,0,0,0.0,-0.9111670255661011,0.18539324402809143,0.10300177067591684,-0.47707653,0.010124273,0.07949946780366408,0.020157119967115878,0.0604856927360183,0.5575199420280914,0.685587155399999,3.755730391,-36.5625,33.92578125,5.475585937499991,36.5625,-36.90527146734135,33.81852053517393,0.3644506773253804,0.5592646350510431
20261007_174302_general32_lift_walk_start_A201_on,general32_lift_walk_start_A201,on,CONTROL_PREPLAY,7,4,right_hip_roll_joint,279,279,0,0,0.0,-0.6363592147827148,0.0,0.07907784643139502,-0.263571978,-0.002829342,0.028318123388237658,0.08299306068354798,0.11372079290790081,0.3866919599152374,0.45247662399999744,2.550362349,-41.044921875,9.755859375,9.580078125,41.044921875,-41.51918441983089,10.128285766929327,0.41532744363319907,0.6010848730892666
20261007_174302_general32_lift_walk_start_A201_on,general32_lift_walk_start_A201,on,CONTROL_PREPLAY,8,7,right_hip_yaw_joint,279,279,0,0,0.0,-0.6139723062515259,0.3203659653663635,0.11412246494482521,-0.427817494,-0.073106356,0.05651361674527265,0.026381224840560935,0.09868884828296269,0.5764859613663635,0.3430039700999994,3.286049843,-6.991299629,23.490766525,3.0593927860999868,23.490766525,-7.321300205933164,23.465306367636774,0.24006563342730458,0.3062050695332145
20261007_174302_general32_lift_walk_start_A201_on,general32_lift_walk_start_A201,on,CONTROL_PREPLAY,9,10,right_knee_joint,279,279,0,0,0.0,0.21576716005802155,1.1051597595214844,0.11355273137848255,0.277360767,1.019654036,0.13506426094284452,0.012108802759918214,0.1413350733873667,0.5009921792452088,1.1161381128999999,3.539746284,-37.6171875,4.5703125,9.58007812499994,37.6171875,-36.56317620598404,4.030507453749891,0.3197495734064706,0.4919946564008195
20261007_174302_general32_lift_walk_start_A201_on,general32_lift_walk_start_A201,on,CONTROL_PREPLAY,10,14,right_ankle_pitch_joint,279,279,2,0,0.007168458781362007,-0.6227989792823792,0.9527319669723511,0.22223286992518987,-0.704177916,-0.200579539,0.09019483031505204,0.5135336071294098,0.6660114823370911,1.4164268079723512,0.5088570654999991,11.131116867,-9.187092781,37.527938843,18.578020477099997,37.527938843,-5.948432539168465,39.26767724637799,0.2258424255616749,0.9794643873253632
20261007_174302_general32_lift_walk_start_A201_on,general32_lift_walk_start_A201,on,CONTROL_PREPLAY,11,18,right_ankle_roll_joint,279,279,0,0,0.0,-0.2743358910083771,0.13501857221126556,0.05388043144076223,-0.089950494,0.088801771,0.02605876620067035,0.048239946713733675,0.05415294492555199,0.3044171110083771,0.21555194969999858,2.574751854,-11.652889252,1.380389094,1.2801499244999996,11.652889252,-13.348014332502553,1.6295905808761677,0.288523478583234,0.3794199032891902
20261007_174302_general32_lift_walk_start_A201_on,general32_lift_walk_start_A201,on,CONTROL_PREPLAY,12,2,waist_yaw_joint,279,279,0,0,0.0,-0.47765713930130005,0.26897767186164856,0.052182893866456366,-0.028163157,0.071177922,0.010764619787338376,0.00462408255762577,0.10952529561835242,0.49741018530130005,0.3916861679999997,2.776943445,-13.53515625,7.942116737,2.3322976829999487,13.53515625,-12.882446868078976,8.268427005351342,0.20428791389819329,0.28799529216017017
20261007_174302_general32_lift_walk_start_A201_on,general32_lift_walk_start_A201,on,CONTROL_PREPLAY,13,5,waist_roll_joint,279,279,0,0,0.0,-0.15529035031795502,0.19738003611564636,0.044107026293616604,-0.000564954,0.065512091,0.01003982450555825,0.04448304760287285,0.13136561341012568,0.194307670317955,0.22765500279999978,1.906832337,-6.147640228,4.488115788,3.812268447599999,6.147640228,-6.450932629664541,4.695062207026962,0.2211048470687056,0.35380019496005893
20261007_174302_general32_lift_walk_start_A201_on,general32_lift_walk_start_A201,on,CONTROL_PREPLAY,14,8,waist_pitch_joint,279,279,0,0,0.0,-0.8579164743423462,0.9605444669723511,0.1874590260497907,-0.239511028,0.076802239,0.033966995693372415,0.3460525647844391,0.43073439686818993,1.1361879859723512,0.24834211599999767,3.058502674,-24.752307892,25.17539978,11.875015354499997,25.17539978,-24.629036648145778,27.48866702131785,0.143831114729716,0.34575977831023474
20261007_174302_general32_lift_walk_start_A201_on,general32_lift_walk_start_A201,on,CONTROL_PREPLAY,15,11,left_shoulder_pitch_joint,279,279,0,0,0.0,-1.0944677591323853,0.3854542374610901,0.15510826348800186,-0.392123848,0.219778702,0.08887998644242866,0.18027493331863403,0.3171005815218962,1.1106824171323852,1.0639690996999975,5.792311668,-15.5,10.0,4.456249999999994,15.5,-15.413200697465692,10.418876707500292,0.11064153047456449,0.1728715766376195
20261007_174302_general32_lift_walk_start_A201_on,general32_lift_walk_start_A201,on,CONTROL_PREPLAY,16,15,left_shoulder_roll_joint,279,279,0,0,0.0,-0.23107707500457764,1.1187094449996948,0.12320735988540019,0.021847242,0.415804684,0.05947351774353938,0.1667900979593811,0.2132348567285283,1.0578535499996948,0.49348164479999596,4.824369907,-7.8125,12.625,2.7124999999999915,12.625,-7.870583959077625,12.500496172912507,0.1924857349267608,0.24249196921960975
20261007_174302_general32_lift_walk_start_A201_on,general32_lift_walk_start_A201,on,CONTROL_PREPLAY,17,19,left_shoulder_yaw_joint,279,279,0,0,0.0,-0.6623085737228394,0.23359444737434387,0.11716020339986173,-0.644128144,-0.034179009,0.11273805104758705,0.007229090231994584,0.09539019324634829,0.3958608503743439,0.9912584480999999,3.155398607,-2.875,4.5,0.9375,4.5,-2.684654301331139,4.057551717118964,0.12595291843889342,0.1750632637252494
20261007_174302_general32_lift_walk_start_A201_on,general32_lift_walk_start_A201,on,CONTROL_PREPLAY,18,21,left_elbow_joint,279,279,0,0,0.0,-0.1415865421295166,1.3304760456085205,0.12490488004467236,0.698033154,1.16284132,0.07879510429892364,0.01624500704693599,0.13686797641860785,0.9391726851295166,0.9464662131999932,5.967185497,-8.6875,2.8125,1.3249999999999957,8.6875,-7.970228497673819,2.733130296199209,0.12548437771918014,0.17353026946976202
20261007_174302_general32_lift_walk_start_A201_on,general32_lift_walk_start_A201,on,CONTROL_PREPLAY,19,23,left_wrist_roll_joint,279,279,0,0,0.0,-0.1891935020685196,0.19867174327373505,0.079626846800153,-0.159725755,0.167108044,0.07622335387620502,0.00966195779652404,0.0466811443926457,0.10370407272684479,0.704097205299999,1.738000274,-0.5625,0.25,0.5,0.5625,-0.47551160121373703,0.4150108094403206,0.12656953521541198,0.20224682057124124
20261007_174302_general32_lift_walk_start_A201_on,general32_lift_walk_start_A201,on,CONTROL_PREPLAY,20,25,left_wrist_pitch_joint,279,279,0,252,0.9032258064516129,-0.22350260615348816,0.025017285719513893,0.055834272760034664,-0.211605459,0.012643358,0.057182612165534004,0.01196904515348815,0.028710014003751977,0.08063285832557678,0.2828660819999998,1.19650507,-0.881250024,0.318749994,0.306250006,0.881250024,-0.874532355712985,0.31134115744395363,0.030027161072697456,0.04484825095854252
20261007_174302_general32_lift_walk_start_A201_on,general32_lift_walk_start_A201,on,CONTROL_PREPLAY,21,27,left_wrist_yaw_joint,279,279,256,0,0.9175627240143369,0.0,0.22350260615348816,0.035868795916585726,0.008185226,0.213211358,0.03926506433468366,0.010327205153488173,0.02553576942319384,0.05869869102165222,0.3012738439999998,0.908116639,-0.162499994,0.224999994,0.15625,0.224999994,-0.1438884398607583,0.23563615805174512,0.025386895102857354,0.0428323107338065
20261007_174302_general32_lift_walk_start_A201_on,general32_lift_walk_start_A201,on,CONTROL_PREPLAY,22,12,right_shoulder_pitch_joint,279,279,0,0,0.0,-0.6568363904953003,0.37009844183921814,0.12191749128788266,-0.372098207,0.224824071,0.08746591990488788,0.17929700043444824,0.27556097645949146,0.5710385578512573,0.7231185612999993,3.258175373,-6.0,5.0625,3.6499999999999915,6.0,-6.005806856433544,5.116931034517956,0.1902662616777393,0.24086380582010028
20261007_174302_general32_lift_walk_start_A201_on,general32_lift_walk_start_A201,on,CONTROL_PREPLAY,23,16,right_shoulder_roll_joint,279,279,0,0,0.0,-1.3784513473510742,0.3214506506919861,0.15211638357883236,-0.551729739,-0.117325567,0.05672035554721016,0.12223109555355832,0.2932571593755179,1.1490697408865966,0.6708098408999988,3.680020094,-14.625,12.375,4.5062499999999766,14.625,-14.350090409220673,12.83366415470345,0.11432533297967606,0.21297016644888403
20261007_174302_general32_lift_walk_start_A201_on,general32_lift_walk_start_A201,on,CONTROL_PREPLAY,24,20,right_shoulder_yaw_joint,279,279,0,0,0.0,-0.1897408366203308,0.6075881719589233,0.10468446714792255,0.034262899,0.572079003,0.10155869792144866,0.016869485705749532,0.09386341892600399,0.37824457891915897,0.9437050224999983,3.080233574,-3.3125,4.0,1.0187499999999936,4.0,-3.3173261149458457,3.6242011214115752,0.14486454042907398,0.23876496636364836
20261007_174302_general32_lift_walk_start_A201_on,general32_lift_walk_start_A201,on,CONTROL_PREPLAY,25,22,right_elbow_joint,279,279,0,0,0.0,0.3164168894290924,1.314191460609436,0.09972108493902533,0.704948068,1.201047063,0.08262704312766789,0.032534360932434,0.10772138263849722,0.6138106285709076,1.0039905188999987,6.720370293,-5.0,2.4375,1.0062499999999979,5.0,-4.722586430863932,2.0526839868318043,0.17107923495331268,0.2538360492129967
20261007_174302_general32_lift_walk_start_A201_on,general32_lift_walk_start_A201,on,CONTROL_PREPLAY,26,24,right_wrist_roll_joint,279,279,0,0,0.0,-0.08906879276037216,0.5611388683319092,0.08199108190316398,-0.035197668,0.481813788,0.08609733844467371,0.004144847321075451,0.0785380545136775,0.183147244225914,1.029147755899999,2.894621849,-0.4375,0.25,0.3125,0.4375,-0.3309789071559047,0.5248604039317717,0.12460169569027374,0.18051778950527572
20261007_174302_general32_lift_walk_start_A201_on,general32_lift_walk_start_A201,on,CONTROL_PREPLAY,27,26,right_wrist_pitch_joint,279,279,0,253,0.9068100358422939,-0.22350260615348816,0.04457573965191841,0.0536789126114429,-0.215787962,0.026676886,0.05652071790945202,0.007738620153488168,0.03556295290705198,0.08268506802911377,0.35711075109999957,0.914252579,-0.512499988,0.456250012,0.28874999579999955,0.512499988,-0.5495158140908771,0.4449727895960529,0.023792108121722486,0.049096145875959174
20261007_174302_general32_lift_walk_start_A201_on,general32_lift_walk_start_A201,on,CONTROL_PREPLAY,28,28,right_wrist_yaw_joint,279,279,0,249,0.8924731182795699,-0.22350260615348816,0.0,0.04210258966883484,-0.215080887,-0.004470116,0.04403938881246959,0.008469656153488159,0.026625836875901778,0.07168494947641754,0.3577243451999994,1.061514735,-0.262499988,0.231250003,0.131249994,0.262499988,-0.27465229568296545,0.172612997547543,0.023557673867053153,0.04878381504255963
20261007_174302_general32_lift_walk_start_A201_on,general32_lift_walk_start_A201,on,PLAY,0,0,left_hip_pitch_joint,839,839,0,0,0.0,-0.6254070997238159,0.3057660758495331,0.1768882037267754,-0.589500308,0.176535621,0.18189644105406302,0.07733902337220766,0.21701215028262819,0.4092990786147315,1.1064297202999995,1.942769647,-27.333984375,48.515625,22.939453125,48.515625,-27.55177536441784,49.672444667907214,0.39761196641714136,0.9038921831673015
20261007_174302_general32_lift_walk_start_A201_on,general32_lift_walk_start_A201,on,PLAY,1,3,left_hip_roll_joint,839,839,0,0,0.0,-0.23654787242412567,0.7300940752029419,0.17126750386162953,-0.01031176,0.305764973,0.06515169228774238,0.0762787941660347,0.3737360137261362,0.5547568273250733,0.6561347542999995,2.282017946,-39.462890625,53.96484375,35.0859374999999,53.96484375,-39.09949683346437,54.55573689677835,0.2999121024517919,0.6454338476065858
20261007_174302_general32_lift_walk_start_A201_on,general32_lift_walk_start_A201,on,PLAY,2,6,left_hip_yaw_joint,839,839,0,0,0.0,-0.3551669418811798,0.7981739640235901,0.1986554777192247,-0.222707227,0.722157955,0.21555986670678717,0.07609224534756948,0.23983318686236527,0.47758226088117983,1.3475033048999998,2.382686138,-17.170631409,11.465731621,8.361594772199975,17.170631409,-17.47888182328269,11.382217303957809,0.19148400088538972,0.42155669465643425
20261007_174302_general32_lift_walk_start_A201_on,general32_lift_walk_start_A201,on,PLAY,3,9,left_knee_joint,839,839,0,0,0.0,-0.24731776118278503,0.8244069218635559,0.15213337207255226,0.067818992,0.684803128,0.14428345491397265,0.07564449339196777,0.3677155884730552,0.6436035263383141,2.0325450658999986,4.586943626,-59.23828125,37.001953125,31.33300781249996,59.23828125,-58.89212199421274,37.016189229706,0.3733103122873551,1.005616322931384
20261007_174302_general32_lift_walk_start_A201_on,general32_lift_walk_start_A201,on,PLAY,4,13,left_ankle_pitch_joint,839,839,29,0,0.03456495828367104,-0.9832289814949036,0.9527319669723511,0.40552811718300735,-0.33152163,0.276439279,0.11035699561844851,0.2567176075465012,0.8342520039723507,1.103885203972351,1.7365899438999932,5.367324829,-18.192800522,30.58523941,22.633109092599994,30.58523941,-18.85437492539374,31.259399657576175,0.30886979912632473,1.684107974502933
20261007_174302_general32_lift_walk_start_A201_on,general32_lift_walk_start_A201,on,PLAY,5,17,left_ankle_roll_joint,839,839,0,0,0.0,-0.2950042486190796,0.3282402455806732,0.08950752272106856,-0.155890197,0.065575041,0.04405812482116231,0.050453026175930026,0.12663922742206715,0.31666943358067323,0.6226232827999981,1.604783177,-5.525217533,8.27082634,3.669482063999998,8.27082634,-5.38267720641403,8.576251832569147,0.24577329952579596,0.6570204532157632
20261007_174302_general32_lift_walk_start_A201_on,general32_lift_walk_start_A201,on,PLAY,6,1,right_hip_pitch_joint,839,839,0,0,0.0,-0.7018225789070129,0.22928039729595184,0.17399322486524563,-0.649010241,0.090206593,0.18736295008426562,0.07118612559178161,0.2709588457645644,0.6809985783417435,1.2342750192999996,2.366012096,-35.771484375,65.21484375,23.835937499999986,65.21484375,-36.25239394813319,65.18735473278178,0.29931004637753933,0.7675453849646665
20261007_174302_general32_lift_walk_start_A201_on,general32_lift_walk_start_A201,on,PLAY,7,4,right_hip_roll_joint,839,839,0,0,0.0,-0.6652927994728088,0.23775728046894073,0.17806590547092319,-0.416049689,-0.051626977,0.07219605833435214,0.09606376324259946,0.3161550152459944,0.5116318835044861,0.6897323312999997,1.473712444,-46.669921875,30.5859375,30.963867187499975,46.669921875,-46.29754009173032,30.867966002807467,0.36281117877577884,0.6092239208552482
20261007_174302_general32_lift_walk_start_A201_on,general32_lift_walk_start_A201,on,PLAY,8,7,right_hip_yaw_joint,839,839,0,0,0.0,-0.9391427040100098,0.09876599907875061,0.16887824385109798,-0.753883362,-0.05454519,0.15477350922490657,0.0744199153030548,0.31651189258955775,0.6420023382769087,1.450181603,2.992928028,-18.624822617,21.029829025,11.303533363199994,21.029829025,-18.73734134080169,20.936984304133684,0.22579465462115067,0.4221878400524708
20261007_174302_general32_lift_walk_start_A201_on,general32_lift_walk_start_A201,on,PLAY,9,10,right_knee_joint,839,839,0,0,0.0,-0.09278599917888641,0.9201701879501343,0.18382091172280246,0.122880384,0.805501819,0.15389512725434615,0.06962886410850527,0.2749103669462036,0.5466409028220672,2.2000965590999995,4.139703274,-54.84375,25.576171875,21.032226562499975,54.84375,-55.024601106249634,25.32940745470022,0.301636134879967,0.9096027744119428
20261007_174302_general32_lift_walk_start_A201_on,general32_lift_walk_start_A201,on,PLAY,10,14,right_ankle_pitch_joint,839,839,15,0,0.017878426698450536,-0.9856826066970825,0.9527319669723511,0.3452439115012435,-0.428186595,0.143292114,0.12282741720964542,0.3769543017198105,0.7606900928186552,1.1086447539723512,1.2798712849,2.574782848,-15.669718742,30.519094467,20.69536838499999,30.519094467,-16.007869338256686,31.253037439305988,0.3437162717631086,1.5816532026055774
20261007_174302_general32_lift_walk_start_A201_on,general32_lift_walk_start_A201,on,PLAY,11,18,right_ankle_roll_joint,839,839,0,0,0.0,-0.34744998812675476,0.3234032094478607,0.0911981662961719,-0.115665585,0.171994448,0.057672514832474854,0.03901988978211213,0.16848095124594942,0.2829467064369049,0.6237734198999997,1.303252935,-7.048835754,7.368936062,4.351989269299999,7.368936062,-7.090503869287094,7.258338509332722,0.28362864960221845,0.6347221287536148
20261007_174302_general32_lift_walk_start_A201_on,general32_lift_walk_start_A201,on,PLAY,12,2,waist_yaw_joint,839,839,0,0,0.0,-0.3754832148551941,0.14014823734760284,0.06323135314790568,-0.258744806,0.068753995,0.05845631061598191,0.034186016309087755,0.13260942583641164,0.27359960968845365,0.711891800099998,1.366187692,-7.494673252,8.837002754,5.145596504,8.837002754,-7.3951966727946115,9.152222319485809,0.19838093485219854,0.34088596624206824
20261007_174302_general32_lift_walk_start_A201_on,general32_lift_walk_start_A201,on,PLAY,13,5,waist_roll_joint,839,839,0,0,0.0,-0.7633683085441589,0.6319199204444885,0.2244520858076861,-0.284196287,0.179988787,0.08561678636980721,0.1463786322729378,0.5689087518814896,0.8392207030144349,0.7328688795999999,2.263628006,-23.049461365,22.993444443,15.931741524099996,23.049461365,-23.000644984455597,23.31263208709379,0.26929414521937967,0.6616731150814897
20261007_174302_general32_lift_walk_start_A201_on,general32_lift_walk_start_A201,on,PLAY,14,8,waist_pitch_joint,839,839,0,0,0.0,-0.8922498226165771,0.3389754593372345,0.1860426675595674,0.001126658,0.106119454,0.0206868501729983,0.29243000209495545,0.5281040256561675,0.9881744166165771,0.3359587373,0.798809886,-27.924789429,9.319109917,14.780888652699995,27.924789429,-28.171980527974572,9.071252374982464,0.15025549538932204,0.43651742508709973
20261007_174302_general32_lift_walk_start_A201_on,general32_lift_walk_start_A201,on,PLAY,15,11,left_shoulder_pitch_joint,839,839,0,0,0.0,-0.8811666369438171,0.23491448163986206,0.20961214155717206,-0.54657656,-0.182567686,0.07125209711183536,0.14124271291470336,0.4469002539536439,0.7621781677339706,0.745514691,1.690446854,-6.375,10.5625,6.1875,10.5625,-6.235314575048872,10.816980336183052,0.12201468071899657,0.24023892597132443
20261007_174302_general32_lift_walk_start_A201_on,general32_lift_walk_start_A201,on,PLAY,16,15,left_shoulder_roll_joint,839,839,0,0,0.0,0.25665074586868286,1.0153318643569946,0.10126903452465758,0.334947109,1.331171751,0.17335066252967182,0.1348078249828491,0.322081965351593,0.9820053579069214,1.1339185950999997,2.911495686,-14.1875,4.9375,4.637499999999989,14.1875,-14.13057082125896,5.171863413764101,0.18539325893826542,0.2816723498728953
20261007_174302_general32_lift_walk_start_A201_on,general32_lift_walk_start_A201,on,PLAY,17,19,left_shoulder_yaw_joint,839,839,0,0,0.0,-0.9792219400405884,-0.2802252173423767,0.13271316829919588,-0.91002214,-0.360197872,0.12253521089325542,0.041520297774627735,0.22983875894712483,0.44376447778271483,1.0679574729999997,2.182854652,-6.125,1.625,3.0062499999999943,6.125,-6.332270137371636,1.5146987821578004,0.13096846440810084,0.2389905214705939
20261007_174302_general32_lift_walk_start_A201_on,general32_lift_walk_start_A201,on,PLAY,18,21,left_elbow_joint,839,839,0,0,0.0,0.7728710770606995,1.3524086475372314,0.12289312591655031,0.66991818,1.339608669,0.12714063406492934,0.04139184997515866,0.14079196437374566,0.3370791670005493,0.8875612970999992,2.184388638,-3.8125,3.5,1.875,3.8125,-3.5163001990435667,3.604757023841593,0.1296014964906516,0.24166463507136624
20261007_174302_general32_lift_walk_start_A201_on,general32_lift_walk_start_A201,on,PLAY,19,23,left_wrist_roll_joint,839,839,0,4,0.004767580452920143,-1.3157318830490112,-0.10666140913963318,0.2110634910205519,-1.31537652,-0.143211499,0.20763355203119996,0.03145948039924623,0.09715390168905161,0.20245712992669673,1.5252371306999981,2.584757805,-0.5625,1.4375,0.6937499999999943,1.4375,-0.4517679812826515,1.6249929549741333,0.1412759015179199,0.3042115370261036
20261007_174302_general32_lift_walk_start_A201_on,general32_lift_walk_start_A201,on,PLAY,20,25,left_wrist_pitch_joint,839,839,0,747,0.8903456495828367,-0.22350260615348816,0.041437964886426926,0.04606893241323452,-0.261064351,0.036264267,0.04675949301656554,0.011945084153488161,0.0370790728746185,0.08303549915348815,0.2282563450999989,1.214912891,-0.400000006,0.743749976,0.449999988,0.743749976,-0.40296361281141885,0.7815547376358748,0.026254445337196064,0.045848592311775085
20261007_174302_general32_lift_walk_start_A201_on,general32_lift_walk_start_A201,on,PLAY,21,27,left_wrist_yaw_joint,839,839,369,36,0.4827175208581645,-0.22350260615348816,0.22350260615348816,0.12455416947955412,-0.220365927,0.213199362,0.11873876335054276,0.010435060153488163,0.04745754289339446,0.07559359407806016,0.681087494,1.184233189,-0.256249994,0.224999994,0.168750003,0.256249994,-0.2268450825284511,0.2614719123425598,0.02622265344345042,0.048638987183371306
20261007_174302_general32_lift_walk_start_A201_on,general32_lift_walk_start_A201,on,PLAY,22,12,right_shoulder_pitch_joint,839,839,0,0,0.0,-0.8581655025482178,0.42846375703811646,0.2534651981935482,-0.627014637,0.167132005,0.15186869685886156,0.16659522039094543,0.5144952888193606,0.7070800359591675,0.969475925,1.929747939,-6.0625,10.0625,7.006249999999994,10.0625,-6.296680228275315,10.070764196379981,0.1687069430020519,0.25487292837384473
20261007_174302_general32_lift_walk_start_A201_on,general32_lift_walk_start_A201,on,PLAY,23,16,right_shoulder_roll_joint,839,839,0,0,0.0,-1.0060278177261353,-0.21984745562076569,0.14330368222171222,-1.064426899,-0.294392496,0.17195711888543572,0.13116422336734007,0.3114178361631346,0.3997735079124298,0.9611924050999991,2.221204281,-5.5,5.3125,4.381249999999994,5.5,-5.4244259150578396,5.514892812281539,0.12132597040063375,0.26865606674644804
20261007_174302_general32_lift_walk_start_A201_on,general32_lift_walk_start_A201,on,PLAY,24,20,right_shoulder_yaw_joint,839,839,0,0,0.0,0.12982894480228424,0.5923662185668945,0.09867276106052215,-0.01400956,0.591936827,0.1222522825433327,0.04950529287788391,0.25709137307091207,0.41425727258541867,0.9052021205999999,1.629087687,-1.875,5.25,3.625,5.25,-2.0379425184529754,5.159444368821002,0.14620229998186707,0.23997067381507906
20261007_174302_general32_lift_walk_start_A201_on,general32_lift_walk_start_A201,on,PLAY,25,22,right_elbow_joint,839,839,0,0,0.0,-0.15222963690757751,1.3727495670318604,0.30831403825785825,-0.03440671,1.317773461,0.32877517480803775,0.06684225772976682,0.1782729867340927,0.3823404042394562,1.8663944717999976,3.1354568,-2.375,4.5625,2.1875,4.5625,-2.6122355754552156,4.373900386032187,0.16808276292254953,0.3266465310052302
20261007_174302_general32_lift_walk_start_A201_on,general32_lift_walk_start_A201,on,PLAY,26,24,right_wrist_roll_joint,839,839,21,0,0.025029797377830752,0.13097459077835083,1.3157318830490112,0.2681152877561252,0.155627146,1.299341679,0.2559822823171264,0.03170532007815552,0.12576943013208003,0.2146425841218872,2.1259440417999973,3.380893707,-0.75,0.75,0.4375,0.75,-0.8371335998955165,0.9139915973648322,0.13997553886210834,0.3323652689391354
20261007_174302_general32_lift_walk_start_A201_on,general32_lift_walk_start_A201,on,PLAY,27,26,right_wrist_pitch_joint,839,839,0,795,0.9475566150178785,-0.22350260615348816,-0.07011047005653381,0.020152574829282566,-0.245185271,-0.086106658,0.021715124207741604,0.00747495915348817,0.02406352435348811,0.05524300027456666,0.184077695,0.656543791,-0.59375,0.46875,0.375,0.59375,-0.6112402171675139,0.43836704017310435,0.02573314755107181,0.04522303297192045
20261007_174302_general32_lift_walk_start_A201_on,general32_lift_walk_start_A201,on,PLAY,28,28,right_wrist_yaw_joint,839,839,0,661,0.7878426698450537,-0.22350260615348816,0.1287311464548111,0.08112060035697712,-0.215116844,0.112579815,0.07724125202741038,0.008469656153488159,0.04460981258941912,0.07117609643369294,0.6467263401999978,1.135145783,-0.262499988,0.387499988,0.15625,0.387499988,-0.283669952556018,0.34607175328413875,0.02456299772067544,0.04959290602027194
20261007_174302_general32_lift_walk_start_A201_on,general32_lift_walk_start_A201,on,FINAL_HOLD,0,0,left_hip_pitch_joint,2401,2400,0,0,0.0,-0.6557891964912415,0.016924791038036346,0.034811543866420554,-0.356607914,-0.202596247,0.010300498973991339,0.10892470909833907,0.11016407646353149,0.3482771814912414,0.043633234,1.348266959,-27.0703125,25.6640625,10.546875,27.0703125,-26.489500697673705,26.153555920194563,0.41719693277272896,0.519327258626376
20261007_174302_general32_lift_walk_start_A201_on,general32_lift_walk_start_A201,on,FINAL_HOLD,1,3,left_hip_roll_joint,2401,2400,0,0,0.0,-0.20028571784496307,0.44262149930000305,0.044570906058713625,-0.032196552,0.110242084,0.006346435041047419,0.22333857181253053,0.22478371476322936,0.47283504484988403,0.054541543,1.241365433,-22.67578125,45.703125,22.412109375,45.703125,-22.470736995765698,46.44429897401382,0.2741028325847559,0.45359781382311937
20261007_174302_general32_lift_walk_start_A201_on,general32_lift_walk_start_A201,on,FINAL_HOLD,2,6,left_hip_yaw_joint,2401,2400,0,0,0.0,-0.7379710674285889,-0.010940328240394592,0.03128496424638195,-0.312767714,-0.055161219,0.02309412397881607,0.1422802358522568,0.14710176009999082,0.6419511734285889,0.083993971,1.487893224,-24.609375,8.221768379,5.98455286,24.609375,-24.924468058287697,8.0702979847439,0.13120630725122773,0.2393659812170874
20261007_174302_general32_lift_walk_start_A201_on,general32_lift_walk_start_A201,on,FINAL_HOLD,3,9,left_knee_joint,2401,2400,0,0,0.0,-0.10002779215574265,0.6731584072113037,0.0272482548533828,0.154113933,0.513227344,0.029984845243096317,0.015328824671043406,0.017664566715423574,0.5860440361557426,0.032724924,3.185225964,-56.42578125,17.05078125,1.58203125,56.42578125,-56.42440157419492,16.849434906660097,0.3671679473805822,0.5132452684567141
20261007_174302_general32_lift_walk_start_A201_on,general32_lift_walk_start_A201,on,FINAL_HOLD,4,13,left_ankle_pitch_joint,2401,2400,0,0,0.0,-1.1111509799957275,0.2525307536125183,0.07594773954650626,-0.319272399,-0.070222013,0.0207694688045658,0.0993250029113512,0.1216266940663929,0.7921724919957276,0.009234079,1.756757855,-22.250268936,11.287481308,3.366460562,22.250268936,-22.522635821283544,11.521632250326755,0.03094762034325793,0.10908306532000411
20261007_174302_general32_lift_walk_start_A201_on,general32_lift_walk_start_A201,on,FINAL_HOLD,5,17,left_ankle_roll_joint,2401,2400,0,0,0.0,-0.19229140877723694,0.16711030900478363,0.02137516871276984,-0.1285505,-0.001074144,0.010221988866907786,0.06794276821094512,0.06906449056848145,0.16870438400478363,0.015193874,1.262118459,-2.779692411,4.53670311,2.215556145,4.53670311,-2.727089763627872,4.775039123005661,0.2182544871194061,0.26936784792165436
20261007_174302_general32_lift_walk_start_A201_on,general32_lift_walk_start_A201,on,FINAL_HOLD,6,1,right_hip_pitch_joint,2401,2400,0,0,0.0,-0.5945037007331848,-0.12400448322296143,0.02190052828785282,-0.464199632,-0.243314922,0.014926607996856543,0.0508319142267914,0.06126354630434416,0.20830234897247313,0.030543264,1.605703115,-17.2265625,29.443359375,6.591796875,29.443359375,-17.60730715907423,30.717441677716096,0.30493086677478587,0.3997620485134332
20261007_174302_general32_lift_walk_start_A201_on,general32_lift_walk_start_A201,on,FINAL_HOLD,7,4,right_hip_roll_joint,2401,2400,0,0,0.0,-0.5427671074867249,0.09509129077196121,0.04863827235892165,-0.28889972,-0.112602711,0.010524248881191823,0.2161830221004715,0.21826744069595336,0.3117600235558777,0.064359017,1.528254032,-23.5546875,22.763671875,21.005859375,23.5546875,-23.063399586188424,23.1569758373856,0.3967400330115147,0.5770441744457067
20261007_174302_general32_lift_walk_start_A201_on,general32_lift_walk_start_A201,on,FINAL_HOLD,8,7,right_hip_yaw_joint,2401,2400,0,0,0.0,-0.466724693775177,0.08786904811859131,0.03086383905220132,-0.398127675,-0.104711235,0.01632823277496702,0.09869527787846377,0.11919346492442323,0.3442824707232628,0.044568229,3.618597507,-5.928622246,6.767578125,4.418501377,6.767578125,-6.158186724060517,6.428958880037202,0.26260999405012386,0.3307055330006037
20261007_174302_general32_lift_walk_start_A201_on,general32_lift_walk_start_A201,on,FINAL_HOLD,9,10,right_knee_joint,2401,2400,0,0,0.0,-0.09887129813432693,0.5354952216148376,0.02624363898742518,0.165516526,0.419449985,0.018810901293125317,0.0448218434175186,0.046803980906768794,0.41323510513432693,0.028361604,2.867794275,-40.078125,15.29296875,4.833984375,40.078125,-40.49674769753017,14.533998647862564,0.22855059843326675,0.3705516352350875
20261007_174302_general32_lift_walk_start_A201_on,general32_lift_walk_start_A201,on,FINAL_HOLD,10,14,right_ankle_pitch_joint,2401,2400,0,0,0.0,-0.784109890460968,0.39038848876953125,0.06934756221403783,-0.102342606,-0.001809648,0.009359106451472454,0.09736441211822128,0.12360560117807007,0.681792259460968,0.011490634,1.999126792,-19.329278946,11.878030777,3.266527653,19.329278946,-19.426340321699527,12.121720407993855,0.09676173105856067,0.18601411955921643
20261007_174302_general32_lift_walk_start_A201_on,general32_lift_walk_start_A201,on,FINAL_HOLD,11,18,right_ankle_roll_joint,2401,2400,0,0,0.0,-0.03231855854392052,0.18848055601119995,0.008657173075132609,-0.014847317,0.114622474,0.005923067200342769,0.06256353451589966,0.06492554063551711,0.11788203898962402,0.017310817,1.011014223,-1.291365027,2.889421225,1.588833213,2.889421225,-1.3844616053092729,3.1615627651983824,0.2920586601967845,0.3407097190645696
20261007_174302_general32_lift_walk_start_A201_on,general32_lift_walk_start_A201,on,FINAL_HOLD,12,2,waist_yaw_joint,2401,2400,0,0,0.0,-0.2942708730697632,0.14909149706363678,0.017882624853274465,-0.163019553,-0.037068766,0.00559613322937384,0.006435349601631168,0.009763189066940306,0.31062454006363677,0.041139904,1.009641886,-7.047230244,12.696200371,0.503373563,12.696200371,-6.914104381646534,13.06711766317342,0.20169956922581755,0.2810025871861485
20261007_174302_general32_lift_walk_start_A201_on,general32_lift_walk_start_A201,on,FINAL_HOLD,13,5,waist_roll_joint,2401,2400,0,0,0.0,-0.3219669759273529,0.41743025183677673,0.03881791922878644,-0.012080537,0.093207277,0.005135171501487297,0.01735647040545273,0.03707747581386614,0.41061045183677675,0.032691669,1.725793362,-10.469378471,11.260212898,1.251365185,11.260212898,-10.62048884323244,11.60840461365064,0.2251048240966979,0.2821258578421073
20261007_174302_general32_lift_walk_start_A201_on,general32_lift_walk_start_A201,on,FINAL_HOLD,14,8,waist_pitch_joint,2401,2400,0,0,0.0,-0.5603352785110474,0.08333586901426315,0.031151003816702334,0.020358594,0.059707031,0.004391928404167564,0.36289959738290406,0.3711477891717224,0.6032362842070007,0.02270663,0.936405659,-18.082256317,1.894292831,10.508113861,18.082256317,-17.87775190802751,1.8707059584276349,0.11299662772939278,0.20359855054551623
20261007_174302_general32_lift_walk_start_A201_on,general32_lift_walk_start_A201,on,FINAL_HOLD,15,11,left_shoulder_pitch_joint,2401,2400,0,0,0.0,-0.534949779510498,-0.2821508049964905,0.014593416010771739,-0.337667525,-0.208513528,0.012313037385474691,0.07990276764979554,0.09721148035877991,0.2686363165104981,0.026077675,1.747204185,-4.625,1.125,1.5,4.625,-4.582515880261059,1.4687261622137024,0.11054881613876844,0.14294861340579912
20261007_174302_general32_lift_walk_start_A201_on,general32_lift_walk_start_A201,on,FINAL_HOLD,16,15,left_shoulder_roll_joint,2401,2400,0,0,0.0,0.3919733166694641,0.6334995627403259,0.011954275420720764,0.340411931,0.440324396,0.007625044778963575,0.14742842288262942,0.15008315462268068,0.2443478107403259,0.026077675,0.619728267,-0.125,3.1875,1.9375,3.1875,-0.07969649190547928,3.35130157966653,0.1809861735151186,0.22977679653920724
20261007_174302_general32_lift_walk_start_A201_on,general32_lift_walk_start_A201,on,FINAL_HOLD,17,19,left_shoulder_yaw_joint,2401,2400,0,0,0.0,-0.7030003666877747,-0.44185057282447815,0.02192305982375587,-0.686120868,-0.512673199,0.018168513084967086,0.0008932350039673187,0.009622692636047314,0.07849305894497682,0.026077675,0.937262297,-0.25,1.125,0.1875,1.125,-0.43833560992815457,1.026044871777171,0.12350164785037063,0.18062475983260326
20261007_174302_general32_lift_walk_start_A201_on,general32_lift_walk_start_A201,on,FINAL_HOLD,18,21,left_elbow_joint,2401,2400,0,0,0.0,0.944605827331543,1.2581427097320557,0.021175406668664867,1.052802205,1.211389422,0.015669456262821454,0.0019577737506104587,0.01604390190338134,0.14429283166845708,0.035281561,1.106000185,-1.9375,0.625,0.3125,1.9375,-1.8628216215253246,0.6605197966648364,0.10092768694695659,0.1590135096132794
20261007_174302_general32_lift_walk_start_A201_on,general32_lift_walk_start_A201,on,FINAL_HOLD,19,23,left_wrist_roll_joint,2401,2400,0,0,0.0,-0.6488617062568665,-0.18018443882465363,0.03779744734932397,-0.623659074,-0.220114261,0.036385766795158876,0.00446194428585811,0.017938196703521703,0.09863030880926515,0.03374758,1.762544036,-0.5,0.3125,0.1875,0.5,-0.41223282626449637,0.4936405894902567,0.1263849179305209,0.1561204923993157
20261007_174302_general32_lift_walk_start_A201_on,general32_lift_walk_start_A201,on,FINAL_HOLD,20,25,left_wrist_pitch_joint,2401,2400,0,2387,0.9945833333333334,-0.22350260615348816,-0.0769333690404892,0.007402459050365281,-0.25021863,-0.104011089,0.007529852978416678,0.0007941578465118504,0.00926700184651183,0.07180628215348817,0.024543693,0.957204044,-0.387499988,0.556249976,0.118749999,0.556249976,-0.3545183861891866,0.5630770053708058,0.03207464178640457,0.04538371473176323
20261007_174302_general32_lift_walk_start_A201_on,general32_lift_walk_start_A201,on,FINAL_HOLD,21,27,left_wrist_yaw_joint,2401,2400,2361,0,0.98375,0.08923587203025818,0.22350260615348816,0.009810532302388673,0.115827538,0.213187382,0.007904153207685479,0.010351181153488154,0.01037514215348817,0.057496726388259894,0.01840777,0.83448559,-0.200000003,0.168750003,0.15625,0.200000003,-0.17256853189698934,0.21320071994148782,0.02992551497918236,0.043234587924541046
20261007_174302_general32_lift_walk_start_A201_on,general32_lift_walk_start_A201,on,FINAL_HOLD,22,12,right_shoulder_pitch_joint,2401,2400,0,0,0.0,-0.5272583365440369,0.47131356596946716,0.061929090921446495,-0.377610952,0.341754138,0.055264027270716776,0.1294356881776581,0.14114028242190552,0.5151988412213211,0.052155349,2.630777121,-6.9375,3.625,1.8125,6.9375,-7.106713355363091,3.704134564799568,0.20604043907172298,0.23768369221542396
20261007_174302_general32_lift_walk_start_A201_on,general32_lift_walk_start_A201,on,FINAL_HOLD,23,16,right_shoulder_roll_joint,2401,2400,0,0,0.0,-0.9778791069984436,-0.4247758388519287,0.029556118850039614,-0.678019524,-0.369138092,0.025143679452256495,0.1331745978035278,0.14279276097955323,0.36008030199844365,0.050621368,1.431204081,-5.3125,0.0625,2.125,5.3125,-5.271926457259978,0.2475918056951445,0.107032537403424,0.1528551575405006
20261007_174302_general32_lift_walk_start_A201_on,general32_lift_walk_start_A201,on,FINAL_HOLD,24,20,right_shoulder_yaw_joint,2401,2400,0,0,0.0,-0.08536916226148605,0.4320322871208191,0.02596735594163935,0.108792797,0.398175895,0.021179323018195476,0.021514326074142442,0.03288699725177763,0.19860810826148606,0.015339809,1.934349895,-2.625,0.875,0.25,2.625,-2.8372475380888402,0.9066079100015414,0.17821030434075857,0.21647600118477106
20261007_174302_general32_lift_walk_start_A201_on,general32_lift_walk_start_A201,on,FINAL_HOLD,25,22,right_elbow_joint,2401,2400,0,0,0.0,0.0031572103034704924,1.0840988159179688,0.0792862940262072,0.198986083,1.104286432,0.07332821284246009,0.05074173183395381,0.07243323287078862,0.3043582736475372,0.062893212,4.42706871,-2.8125,0.9375,0.8125,2.8125,-2.999062137653557,0.6496858024395744,0.18044741787947216,0.224892409332886
20261007_174302_general32_lift_walk_start_A201_on,general32_lift_walk_start_A201,on,FINAL_HOLD,26,24,right_wrist_roll_joint,2401,2400,0,0,0.0,0.2152969241142273,0.6758595705032349,0.03191257362158483,0.226729557,0.600349784,0.03316354322568203,0.017421886621734606,0.027409925598526008,0.11396050406149294,0.023009712,2.106155634,-0.6875,0.5,0.3125,0.6875,-0.5072012958358029,0.71687092620637,0.1856901657057971,0.20637288128690034
20261007_174302_general32_lift_walk_start_A201_on,general32_lift_walk_start_A201,on,FINAL_HOLD,27,26,right_wrist_pitch_joint,2401,2400,0,2390,0.9958333333333333,-0.22350260615348816,-0.16892407834529877,0.002436345551606603,-0.225411296,-0.183658257,0.001756422196702835,0.006695986153488154,0.0067079661534881485,0.03724378315348817,0.01840777,0.521553516,-0.4375,0.293749988,0.087499999,0.4375,-0.5564361324164095,0.28416083573387985,0.02999388528748856,0.04450955490846073
20261007_174302_general32_lift_walk_start_A201_on,general32_lift_walk_start_A201,on,FINAL_HOLD,28,28,right_wrist_yaw_joint,2401,2400,0,2382,0.9925,-0.22350260615348816,-0.1823851764202118,0.001825387421895888,-0.215092868,-0.198338926,0.0007748994825770791,0.008457675153488164,0.008493617153488148,0.022317379579788216,0.01840777,0.251572847,-0.181250006,0.150000006,0.131249994,0.181250006,-0.19833649976999979,0.12123758670310003,0.023356669498309335,0.04321977619790471
20261007_174456_general32_lift_walk_start_A201_off,general32_lift_walk_start_A201,off,CONTROL_PREPLAY,0,0,left_hip_pitch_joint,947,947,0,0,0.0,-0.534227192401886,0.06979420781135559,0.04412416605504593,-0.36589703,-0.031838622,0.03180056719218549,0.065041197611907,0.09178446411303347,0.2777265606296234,0.06512259939999993,2.833978415,-16.171875,19.6875,8.26171875,19.6875,-15.471811912161824,19.807727860901743,0.37951405935469484,0.5109274234645029
20261007_174456_general32_lift_walk_start_A201_off,general32_lift_walk_start_A201,off,CONTROL_PREPLAY,1,3,left_hip_roll_joint,947,947,0,0,0.0,-0.05214712768793106,0.17413203418254852,0.011243449999885136,-0.030134201,0.103586316,0.009201215091501251,0.08121320789076167,0.0888522485230411,0.18992351318254852,0.023998279,1.50861907,-12.919921875,10.634765625,9.026367187499995,12.919921875,-12.733386545771529,10.515092709556034,0.21283245578342935,0.3268828437567114
20261007_174456_general32_lift_walk_start_A201_off,general32_lift_walk_start_A201,off,CONTROL_PREPLAY,2,6,left_hip_yaw_joint,947,947,0,0,0.0,-0.3039860427379608,0.12165053933858871,0.026305952287518947,-0.103331864,0.004191663,0.007548050451344786,0.0816425459080124,0.09978370823051985,0.2123957949381714,0.029140765,1.87015152,-5.481179237,6.431995869,4.194779873,6.431995869,-5.765673585539881,6.232397123504008,0.18360871080634356,0.25175368674476084
20261007_174456_general32_lift_walk_start_A201_off,general32_lift_walk_start_A201,off,CONTROL_PREPLAY,3,9,left_knee_joint,947,947,0,0,0.0,0.3612017035484314,0.879567563533783,0.03704260626522806,0.408311605,0.775844872,0.030631965217807786,0.003909676938812279,0.039625081485406485,0.2574251596252899,0.07570366279999985,3.818998814,-5.712890625,13.798828125,3.8671875,13.798828125,-5.349673490840418,15.603010162277045,0.31866561334601107,0.46291391109470564
20261007_174456_general32_lift_walk_start_A201_off,general32_lift_walk_start_A201,off,CONTROL_PREPLAY,4,13,left_ankle_pitch_joint,947,947,0,0,0.0,-0.518803596496582,0.45430925488471985,0.09228589895606415,-0.446269006,-0.25962314,0.017658125006804113,0.4611676484647293,0.6083567742084014,0.7400949898847198,0.010976675299999997,1.446708798,-0.854562044,20.741989136,16.993928909,20.741989136,-1.5746978068876083,21.089341227883192,0.21635301735175538,0.3222512667603206
20261007_174456_general32_lift_walk_start_A201_off,general32_lift_walk_start_A201,off,CONTROL_PREPLAY,5,17,left_ankle_roll_joint,947,947,0,0,0.0,-0.12961018085479736,0.01933513581752777,0.00895981121531049,-0.105043642,0.032993063,0.00837318193635016,0.03065837183659363,0.034357924224558634,0.05570581365841293,0.017687409899999996,1.439411283,-1.354571223,0.6239658,1.23419559,1.354571223,-1.2367032554224449,2.0412538074053117,0.24435861522024815,0.29594665978884793
20261007_174456_general32_lift_walk_start_A201_off,general32_lift_walk_start_A201,off,CONTROL_PREPLAY,6,1,right_hip_pitch_joint,947,947,0,0,0.0,-0.31200000643730164,0.09610282629728317,0.027638835852511576,-0.286743611,0.104447044,0.03588827021804579,0.040991324514783864,0.07466897716831626,0.19910094180424498,0.03861541099999985,2.789254427,-10.107421875,11.953125,6.85546875,11.953125,-10.6624092211452,11.334750783892188,0.3868160920482877,0.5204544795023969
20261007_174456_general32_lift_walk_start_A201_off,general32_lift_walk_start_A201,off,CONTROL_PREPLAY,7,4,right_hip_roll_joint,947,947,0,0,0.0,-0.37745586037635803,0.031409334391355515,0.022850770149235356,-0.183037996,-0.021842182,0.012611806590243156,0.08889750345814895,0.10327358057478828,0.261827796376358,0.040033491399999926,1.348266959,-22.060546875,18.193359375,9.755859375,22.060546875,-21.631078445608296,18.731951384915092,0.4365695253166333,0.5605426647400652
20261007_174456_general32_lift_walk_start_A201_off,general32_lift_walk_start_A201,off,CONTROL_PREPLAY,8,7,right_hip_yaw_joint,947,947,0,0,0.0,-0.5687669515609741,0.20472314953804016,0.059466191027979176,-0.369268119,-0.034095768,0.038248793132531385,0.18303698328717039,0.21246705099136656,0.28299877753804015,0.097707272,1.559888005,-9.564098358,9.508167267,8.221768379,9.564098358,-9.801143094754236,9.489664816234551,0.2828828107787542,0.3974836109368702
20261007_174456_general32_lift_walk_start_A201_off,general32_lift_walk_start_A201,off,CONTROL_PREPLAY,9,10,right_knee_joint,947,947,0,0,0.0,0.26114797592163086,0.8750714659690857,0.038544717732417404,0.326993555,0.739949703,0.033387989713742225,0.01011833540830992,0.04090764802711792,0.22294577998143006,0.06588618179999986,3.121957779,-5.712890625,11.25,3.69140625,11.25,-5.625193265355588,10.288058841063084,0.3105833220329033,0.4339024552023199
20261007_174456_general32_lift_walk_start_A201_off,general32_lift_walk_start_A201,off,CONTROL_PREPLAY,10,14,right_ankle_pitch_joint,947,947,0,0,0.0,-0.5708463191986084,0.646925687789917,0.08749443744129112,-0.410548329,-0.24771902,0.014438852813001548,0.5805655120048523,0.6924099505964355,0.9856047627899169,0.012872226099999965,3.178908348,-1.790789604,25.994533539,19.223332977099997,25.994533539,-3.2401681348797813,27.244082233491447,0.27022497937532464,0.4058488163360205
20261007_174456_general32_lift_walk_start_A201_off,general32_lift_walk_start_A201,off,CONTROL_PREPLAY,11,18,right_ankle_roll_joint,947,947,0,0,0.0,-0.12750551104545593,0.15066683292388916,0.017986316591329883,-0.011311638,0.113222659,0.009597823120337691,0.03450065119793701,0.03665373758776092,0.13201822204545594,0.02006439089999995,1.313426495,-4.340972424,0.889214873,0.823575258,4.340972424,-4.424264202396114,1.2160257431083106,0.2778768288554714,0.33132236597583303
20261007_174456_general32_lift_walk_start_A201_off,general32_lift_walk_start_A201,off,CONTROL_PREPLAY,12,2,waist_yaw_joint,947,947,0,0,0.0,-0.02632526494562626,0.1370503306388855,0.009165759684812586,-0.011503639,0.040349782,0.0023515420839183977,0.001726424693424225,0.012984856869914593,0.13797437163888548,0.041139904,0.735375822,-2.852450371,5.425248623,0.447443187,5.425248623,-2.798300606422161,5.685595665139005,0.19750566138127976,0.277287000107996
20261007_174456_general32_lift_walk_start_A201_off,general32_lift_walk_start_A201,off,CONTROL_PREPLAY,13,5,waist_roll_joint,947,947,0,0,0.0,-0.2712070643901825,0.15429683029651642,0.028736569527296345,-0.001610582,0.056427479,0.004474309036099188,0.040678146357584474,0.08966921512557506,0.2771395073901825,0.0999309374999998,0.988443196,-7.078213215,3.523249626,2.7327524662999982,7.078213215,-6.90793837428146,3.6795421029992594,0.22215422655315908,0.2862516285266885
20261007_174456_general32_lift_walk_start_A201_off,general32_lift_walk_start_A201,off,CONTROL_PREPLAY,14,8,waist_pitch_joint,947,947,0,0,0.0,-0.8066568970680237,0.45258691906929016,0.06914745512498456,-0.058350768,0.046769764,0.005880599560814721,0.15589319122605133,0.1936472520580528,0.7714132290680237,0.07086389379999988,1.030409813,-21.376237869,11.536435127,5.374857187199996,21.376237869,-21.757675083671206,11.929900302364434,0.1135708319093629,0.21805797021786885
20261007_174456_general32_lift_walk_start_A201_off,general32_lift_walk_start_A201,off,CONTROL_PREPLAY,15,11,left_shoulder_pitch_joint,947,947,0,0,0.0,-1.0097588300704956,0.4330517053604126,0.08379842270286338,-0.346140385,0.18772091,0.04630789698040812,0.21954140052749632,0.24389178782780147,1.0808612410704956,0.027611656,4.680175781,-13.6875,7.5625,3.5625,13.6875,-13.304318707320615,7.944282342182079,0.11085921852300729,0.15901357946777772
20261007_174456_general32_lift_walk_start_A201_off,general32_lift_walk_start_A201,off,CONTROL_PREPLAY,16,15,left_shoulder_roll_joint,947,947,0,0,0.0,-0.11491826921701431,1.0490705966949463,0.055375872017277866,0.085627288,0.355020702,0.023934740059666143,0.17161113040805054,0.19260188915776671,0.9193653316949463,0.01840777,3.124718904,-5.25,11.125,2.5625,11.125,-5.132065424711932,11.085009528498192,0.18934127971516146,0.2282865678068318
20261007_174456_general32_lift_walk_start_A201_off,general32_lift_walk_start_A201,off,CONTROL_PREPLAY,17,19,left_shoulder_yaw_joint,947,947,0,0,0.0,-0.5661165118217468,0.07202686369419098,0.05011434760934252,-0.565068185,-0.033627737,0.054404066639351524,0.009702027113311806,0.029867798067437702,0.269155382694191,0.07485826559999958,2.616971254,-2.25,3.5625,0.5,3.5625,-2.389993884220948,3.2956667722654824,0.11432532757791267,0.17159674845827114
20261007_174456_general32_lift_walk_start_A201_off,general32_lift_walk_start_A201,off,CONTROL_PREPLAY,18,21,left_elbow_joint,947,947,0,0,0.0,0.2990289032459259,1.3004565238952637,0.051888151140830424,0.697829425,1.162577748,0.04263978773233961,0.0451568369579467,0.06153402362563482,0.5333714187540741,0.0532291363999999,2.787243128,-6.125,2.6875,1.0,6.125,-5.800063641783767,2.79762489954841,0.1190759040448931,0.1690784849418709
20261007_174456_general32_lift_walk_start_A201_off,general32_lift_walk_start_A201,off,CONTROL_PREPLAY,19,23,left_wrist_roll_joint,947,947,0,0,0.0,0.0,0.22118572890758514,0.025627603278344825,-0.028378645,0.168174639,0.02230220648306557,0.014554277257949833,0.021265527180403594,0.10528080958969498,0.056297096599999895,1.647495389,-0.5625,0.4375,0.4375,0.5625,-0.4290090392637618,0.5378001516658057,0.1207390527868073,0.17196566439233577
20261007_174456_general32_lift_walk_start_A201_off,general32_lift_walk_start_A201,off,CONTROL_PREPLAY,20,25,left_wrist_pitch_joint,947,947,0,0,0.0,-0.09537401050329208,0.01077207550406456,0.013301726271094372,-0.075404748,-0.004290353,0.012307322746777285,0.01255353522455216,0.01889261751891421,0.024374518064289093,0.028838839799999582,0.337475777,-0.481249988,0.275000006,0.318749994,0.481249988,-0.44020102561255553,0.2960298958905857,0.025505984845186347,0.044418015418519176
20261007_174456_general32_lift_walk_start_A201_off,general32_lift_walk_start_A201,off,CONTROL_PREPLAY,21,27,left_wrist_yaw_joint,947,947,317,0,0.3347412882787751,0.0,0.22350260615348816,0.028868719008516223,0.008161257,0.213199362,0.02997262551152658,0.00996848896646882,0.011520566123289468,0.035910815273216254,0.079767004,0.589048624,-0.162499994,0.181250006,0.15625,0.181250006,-0.13693224636408233,0.20480642267432464,0.02526763028630266,0.044477705254797446
20261007_174456_general32_lift_walk_start_A201_off,general32_lift_walk_start_A201,off,CONTROL_PREPLAY,22,12,right_shoulder_pitch_joint,947,947,0,0,0.0,-1.0650123357772827,0.38451576232910156,0.07762244820947069,-0.283582717,0.200843632,0.04412339505957488,0.2022134955428314,0.24093296523417967,1.1923087837772828,0.027611656,4.921010494,-15.375,8.875,3.25,15.375,-15.400472423271156,9.207627927514555,0.19461774522985298,0.24706392869615432
20261007_174456_general32_lift_walk_start_A201_off,general32_lift_walk_start_A201,off,CONTROL_PREPLAY,23,16,right_shoulder_roll_joint,947,947,0,0,0.0,-1.2440444231033325,0.13002778589725494,0.0690558457926929,-0.501132369,-0.109991223,0.03209607456949661,0.19052717049282836,0.20270047180083006,1.0111429841033326,0.019941751,4.511437893,-12.3125,9.8125,3.0,12.3125,-11.94101708314924,10.235233224399252,0.10607815724170822,0.14462354858060067
20261007_174456_general32_lift_walk_start_A201_off,general32_lift_walk_start_A201,off,CONTROL_PREPLAY,24,20,right_shoulder_yaw_joint,947,947,0,0,0.0,-0.1670212298631668,0.5417065024375916,0.05624562287594623,0.034334805,0.549428761,0.05686791080964245,0.00965028967495729,0.03372097324852138,0.3268089591296997,0.053689331,2.475845098,-3.1875,3.375,0.3125,3.375,-3.3216863498153817,2.99558616242454,0.13692041768879373,0.21003601073735928
20261007_174456_general32_lift_walk_start_A201_off,general32_lift_walk_start_A201,off,CONTROL_PREPLAY,25,22,right_elbow_joint,947,947,0,0,0.0,0.24278628826141357,1.278602123260498,0.04725860154190995,0.68806231,1.122178912,0.030418654546476104,0.035653471463317876,0.06941204048873281,0.6674036387385864,0.026077675,4.471554279,-6.4375,2.625,0.8125,6.4375,-6.436638420499364,2.38265596117668,0.1787900054650291,0.23347003368876135
20261007_174456_general32_lift_walk_start_A201_off,general32_lift_walk_start_A201,off,CONTROL_PREPLAY,26,24,right_wrist_roll_joint,947,947,0,0,0.0,-0.0956905335187912,0.5142238140106201,0.06734041946603646,-0.041908834,0.483587444,0.07193096897930683,0.02813798151861574,0.05471225402666166,0.101012021256279,0.1366776926999997,1.481825471,-0.375,0.6875,0.5625,0.6875,-0.12252737799058415,0.8520057019921714,0.16173801001923105,0.21790200770893714
20261007_174456_general32_lift_walk_start_A201_off,general32_lift_walk_start_A201,off,CONTROL_PREPLAY,27,26,right_wrist_pitch_joint,947,947,0,0,0.0,-0.11057162284851074,0.021022910252213478,0.014060581540810026,-0.088539459,0.008628642,0.015040136306328888,0.010914765038528437,0.028904847920070257,0.0327285822110672,0.030679617,0.539961278,-0.5,0.600000024,0.462500006,0.600000024,-0.5491308854105411,0.8189077897103688,0.02632424735400818,0.04529280564009168
20261007_174456_general32_lift_walk_start_A201_off,general32_lift_walk_start_A201,off,CONTROL_PREPLAY,28,28,right_wrist_yaw_joint,947,947,0,0,0.0,-0.05619632080197334,0.024456873536109924,0.007332151054080214,-0.031194938,0.000838896,0.0032734909779198163,0.011118087655172349,0.012909369471695518,0.035223788367836,0.03497476239999958,0.429514647,-0.212500006,0.28125,0.18999999759999914,0.28125,-0.24077091386296143,0.25844877063102667,0.02694966310887484,0.046821213083786374
20261007_174456_general32_lift_walk_start_A201_off,general32_lift_walk_start_A201,off,PLAY,0,0,left_hip_pitch_joint,839,839,0,0,0.0,-0.4991314709186554,0.18651622533798218,0.11973813060347198,-0.439971238,0.188193873,0.13940458153351107,0.07480541148692321,0.18453435241955093,0.34327994518394184,0.9844748672999994,1.735511899,-27.0703125,35.859375,19.6875,35.859375,-27.393558841861854,36.66112744410424,0.3688661935522006,0.7644620069251704
20261007_174456_general32_lift_walk_start_A201_off,general32_lift_walk_start_A201,off,PLAY,1,3,left_hip_roll_joint,839,839,0,0,0.0,-0.15278548002243042,0.6967725157737732,0.1616567370546483,-0.102077901,0.363118827,0.09703337512760626,0.09137866297935676,0.3306414265298278,0.5169217887737731,0.685041785,1.692969441,-28.65234375,50.712890625,31.438476562499943,50.712890625,-28.354023988918918,51.40506379000582,0.2798098522881496,0.6247603996178848
20261007_174456_general32_lift_walk_start_A201_off,general32_lift_walk_start_A201,off,PLAY,2,6,left_hip_yaw_joint,839,839,0,0,0.0,-0.3024602234363556,0.6614982485771179,0.16983669067132992,-0.211806223,0.549697161,0.14218273916533472,0.07886498594381713,0.2142218242815002,0.3558193448550415,0.9292476650999999,1.901006341,-6.655717373,12.640270233,8.059570122099995,12.640270233,-6.932626556509218,12.449164256838936,0.17958988985776525,0.35920485189943546
20261007_174456_general32_lift_walk_start_A201_off,general32_lift_walk_start_A201,off,PLAY,3,9,left_knee_joint,839,839,0,0,0.0,-0.03439430892467499,0.7605422139167786,0.14615701420600424,0.096427739,0.722590148,0.12581513985834145,0.0623544011120758,0.34879539608656457,0.47105389943077325,1.7075866344999966,4.847651958,-43.41796875,28.828125,32.87109375,43.41796875,-43.029088705483275,29.047184498388013,0.3515344344276752,0.9013114492770532
20261007_174456_general32_lift_walk_start_A201_off,general32_lift_walk_start_A201,off,PLAY,4,13,left_ankle_pitch_joint,839,839,0,0,0.0,-0.4640940725803375,0.9492868185043335,0.2665090883274347,-0.463495582,0.13382557,0.12056246999545193,0.29113957320373535,0.7095358750332301,1.1458989384443055,1.3773025870999975,3.04691267,-7.493700027,30.551673889,19.2877902989,30.551673889,-5.979484334917363,31.837844687992927,0.3889253382767739,1.5433542158699733
20261007_174456_general32_lift_walk_start_A201_off,general32_lift_walk_start_A201,off,PLAY,5,17,left_ankle_roll_joint,839,839,0,0,0.0,-0.2938902676105499,0.20126137137413025,0.06931873169833441,-0.184395343,0.075690202,0.05526405399577089,0.030010827175262447,0.09449006699607679,0.2188624296105499,0.5741062759999993,1.451475501,-5.108252525,4.624479294,2.5716096641999995,5.108252525,-4.48538038698527,5.277478476587535,0.25777008082340547,0.6572757375432753
20261007_174456_general32_lift_walk_start_A201_off,general32_lift_walk_start_A201,off,PLAY,6,1,right_hip_pitch_joint,839,839,0,0,0.0,-0.6038626432418823,0.26920783519744873,0.15754334919464166,-0.352380961,0.142123312,0.13029749359733583,0.06127528147323465,0.21100041442747877,0.37373415778703306,1.0116364713999986,1.913317323,-32.87109375,29.35546875,19.6875,32.87109375,-33.05876640137192,29.25322938912339,0.3285220843061678,0.6869960176410203
20261007_174456_general32_lift_walk_start_A201_off,general32_lift_walk_start_A201,off,PLAY,7,4,right_hip_roll_joint,839,839,0,0,0.0,-0.6361275315284729,0.13630051910877228,0.15965190795817563,-0.45310384,-0.048184041,0.08999718604988381,0.11115324466590118,0.3509683679154507,0.5005224044378968,0.7575819851999995,1.162825704,-47.021484375,22.939453125,33.75,47.021484375,-46.95147634017034,23.622585624858154,0.3635700652119578,0.6607319333527959
20261007_174456_general32_lift_walk_start_A201_off,general32_lift_walk_start_A201,off,PLAY,8,7,right_hip_yaw_joint,839,839,0,0,0.0,-0.7972726225852966,0.05507665127515793,0.16063274005620617,-0.8154459,-0.060584936,0.14374517138330029,0.08093598519340517,0.1859812643881484,0.2868958411689758,1.1865434529999996,2.022711992,-9.899680138,6.543856621,6.431995869,9.899680138,-10.342857196716576,6.459099145739403,0.23037282832745798,0.40753197818058245
20261007_174456_general32_lift_walk_start_A201_off,general32_lift_walk_start_A201,off,PLAY,9,10,right_knee_joint,839,839,0,0,0.0,-0.04619905725121498,0.8869145512580872,0.17505419084686857,0.227370039,0.792139173,0.109564030949288,0.054467707549102795,0.3196771560436669,0.42472169548418043,1.7592918990999982,4.11897707,-39.0234375,21.796875,28.863281249999968,39.0234375,-39.43177571892471,21.294845041770717,0.32874431762224887,0.8550970524513597
20261007_174456_general32_lift_walk_start_A201_off,general32_lift_walk_start_A201,off,PLAY,10,14,right_ankle_pitch_joint,839,839,0,0,0.0,-0.4256187081336975,0.8551052808761597,0.2754774117462424,-0.362297475,0.116862841,0.10415023796825595,0.34257248046835326,0.7791102571494201,1.0695880356421814,1.0945250272999985,2.368660927,-8.755518913,30.092685699,21.722128867699993,30.092685699,-8.591665536712505,30.354775995378294,0.3769733594101474,1.3208563835808773
20261007_174456_general32_lift_walk_start_A201_off,general32_lift_walk_start_A201,off,PLAY,11,18,right_ankle_roll_joint,839,839,0,0,0.0,-0.13335703313350677,0.1791824996471405,0.0717443273728931,-0.080503024,0.171453506,0.05361673667259089,0.026575922889080048,0.0689214798724945,0.10882018673608017,0.4945649386999997,0.916851044,-3.572356939,1.611767054,2.245106840399999,3.572356939,-3.477347438955007,2.4121175636054852,0.273804518660636,0.598660445065061
20261007_174456_general32_lift_walk_start_A201_off,general32_lift_walk_start_A201,off,PLAY,12,2,waist_yaw_joint,839,839,0,0,0.0,-0.2373267114162445,0.19918885827064514,0.061565967593375424,-0.111179516,0.07157968,0.038840737503931945,0.0302364380025177,0.15413352444700112,0.2545068707650604,0.536532938,0.857081354,-9.340376854,10.067471504,5.827947569199989,10.067471504,-9.25356583278211,10.334363398213027,0.20501240848731817,0.31841189724517777
20261007_174456_general32_lift_walk_start_A201_off,general32_lift_walk_start_A201,off,PLAY,13,5,waist_roll_joint,839,839,0,0,0.0,-0.63315349817276,0.6468528509140015,0.1959130074974773,-0.175662369,0.110279486,0.06559154643227696,0.11270301017884064,0.4654489262522583,0.66474036117276,0.6906438883999995,1.248003721,-19.447435379,16.768789291,13.041269206999996,19.447435379,-19.694102107831057,17.255603368692647,0.2745348719636376,0.63586266962562
20261007_174456_general32_lift_walk_start_A201_off,general32_lift_walk_start_A201,off,PLAY,14,8,waist_pitch_joint,839,839,0,0,0.0,-0.3341909348964691,0.2556871175765991,0.11511319765781708,-0.038270734,0.047480509,0.016745579887549614,0.12783312761106108,0.2597316455619011,0.3450205978964691,0.2512672189,0.653396726,-9.663544655,7.613862991,7.3904369356999995,9.663544655,-9.787284035866259,7.62630702402633,0.09721813909606491,0.31140718201234197
20261007_174456_general32_lift_walk_start_A201_off,general32_lift_walk_start_A201,off,PLAY,15,11,left_shoulder_pitch_joint,839,839,0,0,0.0,-0.6835339069366455,0.20995217561721802,0.19506396403142073,-0.470416784,-0.051004864,0.08019255365025252,0.19138383839822387,0.4700110730717703,0.6602031435995102,0.592116594,0.958738029,-5.375,9.125,6.5625,9.125,-5.264808182442835,9.406914274716684,0.11977481389794242,0.22466961929359022
20261007_174456_general32_lift_walk_start_A201_off,general32_lift_walk_start_A201,off,PLAY,16,15,left_shoulder_roll_joint,839,839,0,0,0.0,-0.105451300740242,0.6697739362716675,0.11820931673567084,0.262358665,0.563630104,0.04552743048704374,0.1337171793720398,0.2908705412201078,0.5831545147402419,0.6706564489999998,1.52017498,-8.6875,4.6875,4.068749999999994,8.6875,-8.693022171350487,4.898340527278673,0.18746021208569985,0.2419630125335696
20261007_174456_general32_lift_walk_start_A201_off,general32_lift_walk_start_A201,off,PLAY,17,19,left_shoulder_yaw_joint,839,839,0,0,0.0,-0.5542980432510376,-0.11897651851177216,0.11147481972603043,-0.56472069,-0.112459973,0.1254853576983387,0.026590480919311515,0.09742995212419708,0.21744337718229675,0.5850603160999994,1.337631345,-2.875,1.3125,1.375,2.875,-3.0569536637853587,1.1969037974186683,0.13521791661657695,0.22120622135804774
20261007_174456_general32_lift_walk_start_A201_off,general32_lift_walk_start_A201,off,PLAY,18,21,left_elbow_joint,839,839,0,0,0.0,0.7296065092086792,1.3942989110946655,0.10727234516625389,0.894310832,1.369629145,0.10595057983548072,0.043373585132324255,0.23789210949836415,0.3905347580911255,0.7688312050999997,1.655165315,-2.625,4.9375,3.1875,4.9375,-2.4070238422838774,5.116758959551764,0.12646006304134028,0.23174227911791356
20261007_174456_general32_lift_walk_start_A201_off,general32_lift_walk_start_A201,off,PLAY,19,23,left_wrist_roll_joint,839,839,0,0,0.0,-0.38150927424430847,0.1846613585948944,0.1449434930419413,-0.350179076,0.147058427,0.13981980406814518,0.020294561869911187,0.05758809999622992,0.10047777153582,0.8829593960999992,1.65976727,-0.625,0.625,0.4437499999999943,0.625,-0.47795403506815604,0.8380864066406382,0.139945199655927,0.22047442270088374
20261007_174456_general32_lift_walk_start_A201_off,general32_lift_walk_start_A201,off,PLAY,20,25,left_wrist_pitch_joint,839,839,0,0,0.0,-0.14987917244434357,0.08816289901733398,0.051709761004517976,-0.124504119,0.081936151,0.052209014391158125,0.015244505956882475,0.04336207669632201,0.060065935855039596,0.3380893709999994,0.601320505,-0.506250024,0.96875,0.7024999915999977,0.96875,-0.4730671842940393,1.0078059699126554,0.026238655375315556,0.047622746695359264
20261007_174456_general32_lift_walk_start_A201_off,general32_lift_walk_start_A201,off,PLAY,21,27,left_wrist_yaw_joint,839,839,115,0,0.13706793802145412,-0.11096397042274475,0.22350260615348816,0.09371639953850835,-0.101266704,0.213187382,0.09045965761575772,0.010351181153488154,0.03177047502088239,0.05839426062025452,0.441786498,0.901980758,-0.256249994,0.224999994,0.1875,0.256249994,-0.2301758020587153,0.2589000622745029,0.026166916859602166,0.05105343195863247
20261007_174456_general32_lift_walk_start_A201_off,general32_lift_walk_start_A201,off,PLAY,22,12,right_shoulder_pitch_joint,839,839,0,0,0.0,-0.7737571001052856,0.7119511365890503,0.2680647283354781,-0.515117943,-0.137974381,0.07913050547711382,0.21261481952630615,0.5796025855698995,1.0303600135890503,0.7212777850999997,1.362174988,-5.4375,14.4375,8.3125,14.4375,-5.6713371416421134,14.389631051501564,0.17450951304382123,0.24575318059834017
20261007_174456_general32_lift_walk_start_A201_off,general32_lift_walk_start_A201,off,PLAY,23,16,right_shoulder_roll_joint,839,839,0,0,0.0,-0.6702359914779663,-0.01776272803544998,0.1311618284814475,-0.623119771,-0.296921164,0.06622335431896303,0.1250764129632263,0.3433921005363785,0.5948468969645501,0.6540894150999994,1.217980742,-4.3125,8.625,4.75,8.625,-4.236014418339601,8.876345869303659,0.12967956747455456,0.25005243612396877
20261007_174456_general32_lift_walk_start_A201_off,general32_lift_walk_start_A201,off,PLAY,24,20,right_shoulder_yaw_joint,839,839,0,0,0.0,0.042444199323654175,0.5405902862548828,0.12440554561426136,-0.067051739,0.5494048,0.16348540053438773,0.05196335888984682,0.20208815238811606,0.2936420442942047,0.7310952840999991,1.3422333,-1.0625,4.3125,3.0062499999999943,4.3125,-1.2059759246280897,4.172057033718719,0.1421396999754826,0.21868952473168377
20261007_174456_general32_lift_walk_start_A201_off,general32_lift_walk_start_A201,off,PLAY,25,22,right_elbow_joint,839,839,0,0,0.0,0.7141324281692505,1.2953015565872192,0.12644264986765125,0.442241877,1.209543943,0.17125196935343595,0.07949805234063723,0.2939976154834045,0.5568040612487183,1.1475710635,2.02178669,-2.125,7.8125,4.3125,7.8125,-2.3293964943100876,7.643947156539759,0.1607548996743337,0.24812012159980745
20261007_174456_general32_lift_walk_start_A201_off,general32_lift_walk_start_A201,off,PLAY,26,24,right_wrist_roll_joint,839,839,0,0,0.0,-0.2479264736175537,0.5625786781311035,0.17460474545451102,-0.176359862,0.52279985,0.167592261257101,0.02205691303383732,0.07207611034820383,0.11457745389294434,0.8591826914999998,1.676641107,-1.3125,0.625,0.875,1.3125,-1.1860659103920401,0.8145061723514163,0.1358584420569618,0.22287997870339143
20261007_174456_general32_lift_walk_start_A201_off,general32_lift_walk_start_A201,off,PLAY,27,26,right_wrist_pitch_joint,839,839,0,0,0.0,-0.1437402069568634,0.0590616911649704,0.04470660635997601,-0.191004589,0.028234834,0.04353269315609632,0.014669746522972107,0.06463905940376873,0.08073120608640671,0.28900199209999944,0.539961278,-0.5,1.524999976,1.070000016799999,1.524999976,-0.5416751136982491,1.50953942914264,0.02590353025775982,0.046934008953497544
20261007_174456_general32_lift_walk_start_A201_off,general32_lift_walk_start_A201,off,PLAY,28,28,right_wrist_yaw_joint,839,839,0,169,0.20143027413587605,-0.22350260615348816,0.030115220695734024,0.05171210750854363,-0.215008989,0.019821908,0.051038933197164654,0.008601472153488166,0.023315981521134562,0.031108975802886962,0.30127384399999946,0.546097159,-0.300000012,0.375,0.237499997,0.375,-0.3393499413548181,0.3387060904406737,0.026151722999131016,0.047696312165620765
20261007_174456_general32_lift_walk_start_A201_off,general32_lift_walk_start_A201,off,FINAL_HOLD,0,0,left_hip_pitch_joint,528,527,0,0,0.0,-0.2243562489748001,-0.14831142127513885,0.011465315697977135,-0.239300996,-0.161579311,0.015357317650619613,0.025063566689991004,0.033256955329406354,0.052872344851516734,0.049796429749999975,0.318522602,-0.791015625,5.361328125,2.8696289062499982,5.361328125,-0.5619275880521198,5.762108315424381,0.37630704865116993,0.49055823233606255
20261007_174456_general32_lift_walk_start_A201_off,general32_lift_walk_start_A201,off,FINAL_HOLD,1,3,left_hip_roll_joint,528,527,0,0,0.0,-0.1621129959821701,-0.010949743911623955,0.016179273235462074,-0.023120498,0.038571093,0.008967079247553333,0.15221087757163237,0.180473662373378,0.18510125359568025,0.06386814644999983,1.129009962,-18.369140625,0.615234375,17.9296875,18.369140625,-18.233133663525876,1.3558047388612628,0.20219524568745229,0.35000261327431176
20261007_174456_general32_lift_walk_start_A201_off,general32_lift_walk_start_A201,off,FINAL_HOLD,2,6,left_hip_yaw_joint,528,527,0,0,0.0,-0.2773474454879761,-0.1017521321773529,0.020414000227127402,-0.243317351,-0.208002925,0.005697960582988467,0.0891043692411995,0.12369034267202225,0.1268207428226471,0.03882578494999996,0.231411979,-1.733842373,5.257457256,5.089666367,5.257457256,-1.9684136779313506,5.096716115944443,0.16715903605580018,0.236841809405207
20261007_174456_general32_lift_walk_start_A201_off,general32_lift_walk_start_A201,off,FINAL_HOLD,3,9,left_knee_joint,528,527,0,0,0.0,0.2733495235443115,0.3739323616027832,0.020321372034891406,0.346867144,0.520803511,0.031630601043398904,0.0849074125717697,0.1189716354587452,0.1943996252479706,0.134881232,0.460330635,-18.10546875,-5.2734375,9.747070312499988,18.10546875,-18.013919981245333,-4.787578404887972,0.2370161229010228,0.359048988475739
20261007_174456_general32_lift_walk_start_A201_off,general32_lift_walk_start_A201,off,FINAL_HOLD,4,13,left_ankle_pitch_joint,528,527,0,0,0.0,-0.29310861229896545,0.08541923016309738,0.0756303241921477,-0.29381451,-0.206437454,0.01796667143208643,0.28316386224650286,0.313252295738447,0.3463192801630974,0.06944860224999996,0.450835764,-0.436197042,9.790937424,8.771732187049997,9.790937424,-0.4033524324969868,9.874745105498569,0.15359756834329374,0.26085820343013133
20261007_174456_general32_lift_walk_start_A201_off,general32_lift_walk_start_A201,off,FINAL_HOLD,5,17,left_ankle_roll_joint,528,527,0,0,0.0,-0.156796395778656,-0.09383609145879745,0.011081365794152065,-0.108372197,-0.059038915,0.014053749797685046,0.055987663681949615,0.060532360185746384,0.07037093464370728,0.0637913777999999,0.584990084,-2.271703959,-0.803405523,1.9533310113,2.271703959,-1.99124758450967,-0.5956285843472618,0.2138614293360459,0.2805036493975307
20261007_174456_general32_lift_walk_start_A201_off,general32_lift_walk_start_A201,off,FINAL_HOLD,6,1,right_hip_pitch_joint,528,527,0,0,0.0,-0.20754408836364746,-0.06316438317298889,0.02045533641115344,-0.217313945,-0.143537983,0.00924463915403796,0.04724924614632607,0.07896479167386226,0.09054803094414138,0.04652393479999998,0.525780439,-1.494140625,9.31640625,7.998046875,9.31640625,-2.0172933051614925,9.033508296787542,0.2648536139670883,0.4169945975698864
20261007_174456_general32_lift_walk_start_A201_off,general32_lift_walk_start_A201,off,FINAL_HOLD,7,4,right_hip_roll_joint,528,527,0,0,0.0,-0.11669491976499557,0.050647199153900146,0.017819517039636665,-0.233795717,-0.186907038,0.007274358405301294,0.24454749749801447,0.25131565767751035,0.2524423751539001,0.04761476679999998,0.683950961,14.677734375,24.521484375,24.43359375,24.521484375,15.337535243197728,25.019417952626263,0.44550448228125106,0.5589743713351657
20261007_174456_general32_lift_walk_start_A201_off,general32_lift_walk_start_A201,off,FINAL_HOLD,8,7,right_hip_yaw_joint,528,527,0,0,0.0,-0.4513223469257355,-0.378639280796051,0.01962613202429767,-0.350747138,-0.30038023,0.003650733153643357,0.07927544442280579,0.12790887634954146,0.13255244464537047,0.035997417,1.107349038,-6.487926006,-2.684659004,4.921875,6.487926006,-7.091060607144357,-2.9553289951988173,0.2635932009323865,0.3295236656500835
20261007_174456_general32_lift_walk_start_A201_off,general32_lift_walk_start_A201,off,FINAL_HOLD,9,10,right_knee_joint,528,527,0,0,0.0,0.22661639750003815,0.32636284828186035,0.021203707177318103,0.24128665,0.374368012,0.010715899426165658,0.03838992851016235,0.061610776197957594,0.0788164885442505,0.031634096,0.909752905,-1.93359375,8.0859375,6.416015625,8.0859375,-2.3403524407245277,7.909707063454484,0.284974482340169,0.40388747581448703
20261007_174456_general32_lift_walk_start_A201_off,general32_lift_walk_start_A201,off,FINAL_HOLD,10,14,right_ankle_pitch_joint,528,527,0,0,0.0,-0.14364013075828552,0.1839282214641571,0.07468575952916387,-0.088870756,-0.009865168,0.0068726399058593665,0.14731653589588545,0.19070227516824953,0.2258416864641571,0.07119054409999988,0.658714652,-2.842481136,6.264986515,5.397206783,6.264986515,-2.8631073516900156,6.4465779403714105,0.1255326286327687,0.24638728994843773
20261007_174456_general32_lift_walk_start_A201_off,general32_lift_walk_start_A201,off,FINAL_HOLD,11,18,right_ankle_roll_joint,528,527,0,0,0.0,0.106338731944561,0.13787755370140076,0.00420226891650014,0.085699014,0.123991221,0.009251635940336355,0.013181697598262786,0.039895064845631024,0.045502103828643795,0.07133323285,0.64666605,-0.676984131,1.083253145,0.854388237,1.083253145,-0.6771653497151928,1.4357660319007268,0.27640860374989995,0.34594771508798894
20261007_174456_general32_lift_walk_start_A201_off,general32_lift_walk_start_A201,off,FINAL_HOLD,12,2,waist_yaw_joint,528,527,0,0,0.0,-0.1323966532945633,-0.09793084114789963,0.00694631805429434,-0.100412436,-0.08501175,0.0017968350227174107,0.016929730911342616,0.02808366121165619,0.03651279257011414,0.037711579,0.385686606,-1.454190373,-0.223721594,1.286399126,1.454190373,-1.2707113464604312,-0.03834413115120634,0.19291309103323795,0.2632227941446924
20261007_174456_general32_lift_walk_start_A201_off,general32_lift_walk_start_A201,off,FINAL_HOLD,13,5,waist_roll_joint,528,527,0,0,0.0,-0.1806783676147461,0.14107294380664825,0.07419996729295356,0.013999562,0.059360269,0.0067882843630933274,0.023066444113286733,0.21025159321085737,0.2208654096147461,0.0673905712999999,0.80021292,-6.391561031,2.934502363,6.0768173935,6.391561031,-6.283708172705676,3.1927091449063068,0.2205172199295129,0.2935327791506314
20261007_174456_general32_lift_walk_start_A201_off,general32_lift_walk_start_A201,off,FINAL_HOLD,14,8,waist_pitch_joint,528,527,0,0,0.0,-0.27378425002098083,-0.11516787856817245,0.03657683825434666,0.003397119,0.019288778,0.00217601788190065,0.2223618288168831,0.27692244555940776,0.28453164302098083,0.03638285414999998,0.468056977,-8.043354988,-3.10383296,7.73008461035,8.043354988,-8.110748901987158,-3.2754101398456275,0.10146742524597041,0.19240534699781325
20261007_174456_general32_lift_walk_start_A201_off,general32_lift_walk_start_A201,off,FINAL_HOLD,15,11,left_shoulder_pitch_joint,528,527,0,0,0.0,-0.444892555475235,-0.34079188108444214,0.011999916183348735,-0.232985318,-0.21043101,0.005496864969990895,0.13639633344831084,0.1524988384281723,0.22927567367564392,0.022472818999999967,0.11351458,-3.375,-1.6875,2.3125,3.375,-3.2325295696668395,-1.579219667705726,0.11747812576759176,0.15441589863443325
20261007_174456_general32_lift_walk_start_A201_off,general32_lift_walk_start_A201,off,FINAL_HOLD,16,15,left_shoulder_roll_joint,528,527,0,0,0.0,0.3939005434513092,0.47892338037490845,0.012268476558223045,0.305489898,0.31402266,0.0005191929262614376,0.13081228748564147,0.16176431048011244,0.16721367837490847,0.021475732,0.13499032,0.875,2.25,2.125,2.25,1.1148110920535081,2.3741218303438387,0.1951543378292172,0.2328190310560256
20261007_174456_general32_lift_walk_start_A201_off,general32_lift_walk_start_A201,off,FINAL_HOLD,17,19,left_shoulder_yaw_joint,528,527,0,0,0.0,-0.3639797270298004,-0.3277691900730133,0.003976971068992441,-0.359586686,-0.306113064,0.005217514674572796,0.012966751830078116,0.018122546472928595,0.03166168957055665,0.020938838649999965,0.822213709,-0.25,0.5625,0.375,0.5625,-0.32640870743598543,0.492720244760259,0.12600669566536093,0.17033655842436216
20261007_174456_general32_lift_walk_start_A201_off,general32_lift_walk_start_A201,off,FINAL_HOLD,18,21,left_elbow_joint,528,527,0,0,0.0,1.0519946813583374,1.188018798828125,0.019156447654945445,1.166184902,1.191998959,0.0065608275547837675,0.0251536966068725,0.047328323378955116,0.11468160164166252,0.022472818999999967,0.167203918,-1.75,-0.125,0.8125,1.75,-1.6356759039248796,0.011113590710651646,0.11775945022119019,0.16514681045266183
20261007_174456_general32_lift_walk_start_A201_off,general32_lift_walk_start_A201,off,FINAL_HOLD,19,23,left_wrist_roll_joint,528,527,0,0,0.0,-0.1486390084028244,-0.09316179901361465,0.00472255798712244,-0.119171135,-0.110194951,0.000611451586949572,0.005023978625629429,0.010986897569963072,0.029467873402824404,0.01687379,0.328271896,-0.4375,0.0625,0.1875,0.4375,-0.2612860241862176,0.18995858020529538,0.12693054149984276,0.16544540069433725
20261007_174456_general32_lift_walk_start_A201_off,general32_lift_walk_start_A201,off,FINAL_HOLD,20,25,left_wrist_pitch_joint,528,527,0,0,0.0,-0.030553383752703667,0.009314093738794327,0.005196573883652053,-0.015627429,-0.002660498,0.0025474256134711275,0.0087543147236619,0.012323645538908768,0.01749941307936096,0.024543693,0.085902929,-0.28125,0.181250006,0.212500006,0.28125,-0.26146463680247756,0.2155164142593176,0.0251544633450293,0.0434356518539399
20261007_174456_general32_lift_walk_start_A201_off,general32_lift_walk_start_A201,off,FINAL_HOLD,21,27,left_wrist_yaw_joint,528,527,0,0,0.0,0.11624959856271744,0.14301064610481262,0.008209876928392828,0.122035369,0.135469675,0.004582206547715241,0.005585051952131277,0.010348485913263327,0.010514840091407768,0.024543693,0.085902929,-0.125,0.15625,0.143749997,0.15625,-0.11689513890761782,0.20625266390202834,0.025762700590618724,0.045782854834376406
20261007_174456_general32_lift_walk_start_A201_off,general32_lift_walk_start_A201,off,FINAL_HOLD,22,12,right_shoulder_pitch_joint,528,527,0,0,0.0,-0.4448416829109192,-0.32293689250946045,0.01718521992979208,-0.222523093,-0.21563217,0.002078575599861526,0.1371617690143051,0.17104330105280913,0.22254629391091918,0.01840777,0.144194201,-3.0,-1.3125,2.25,3.0,-3.1811649163638274,-1.5372184180893265,0.19655210293743886,0.22588273606578105
20261007_174456_general32_lift_walk_start_A201_off,general32_lift_walk_start_A201,off,FINAL_HOLD,23,16,right_shoulder_roll_joint,528,527,0,0,0.0,-0.5995681881904602,-0.4863262474536896,0.00979341203903172,-0.358208477,-0.354421467,0.00014295564828693352,0.1464890541023407,0.15527037980580902,0.24514672119046022,0.023009712,0.144194201,-3.5,-1.9375,2.3125,3.5,-3.362677165482363,-1.8361684672847793,0.11643810241950048,0.1566207090889381
20261007_174456_general32_lift_walk_start_A201_off,general32_lift_walk_start_A201,off,FINAL_HOLD,24,20,right_shoulder_yaw_joint,528,527,0,0,0.0,0.09769498556852341,0.14311259984970093,0.00682250429863847,0.153733641,0.164998814,0.0006720981262729924,0.030829213474685674,0.04097990036937962,0.05796497276147081,0.021475732,0.357417524,-0.625,-0.0625,0.4375,0.625,-0.7879195682592506,-0.17402681554811222,0.18476458043563596,0.21546090372713997
20261007_174456_general32_lift_walk_start_A201_off,general32_lift_walk_start_A201,off,FINAL_HOLD,25,22,right_elbow_joint,528,527,0,0,0.0,0.8445570468902588,0.9400890469551086,0.010136137823791918,0.959133506,0.965161562,0.000996955292314007,0.08011880537335209,0.0951856167387482,0.11511576210974117,0.015339809,0.164135948,-1.4375,-0.25,1.1656249999999986,1.4375,-1.6006023434562973,-0.37336678168350307,0.19318607047800873,0.25251465995407085
20261007_174456_general32_lift_walk_start_A201_off,general32_lift_walk_start_A201,off,FINAL_HOLD,26,24,right_wrist_roll_joint,528,527,0,0,0.0,0.006727277766913176,0.06993391364812851,0.007470545153588818,0.029109683,0.105353326,0.007756944337596787,0.016193248114577057,0.019030530350097774,0.04030323813083267,0.01840777,0.556835055,-0.6875,0.0,0.375,0.6875,-0.5353796909591858,0.2481415050451411,0.12023244336041661,0.16542257098511257
20261007_174456_general32_lift_walk_start_A201_off,general32_lift_walk_start_A201,off,FINAL_HOLD,27,26,right_wrist_pitch_joint,528,527,0,0,0.0,-0.10005893558263779,-0.07535998523235321,0.0028564955739135683,-0.088024132,-0.08296679,0.0007410250060871968,0.0031564383646926902,0.005502456452436635,0.01207075258263779,0.01840777,0.030679617,-0.181250006,0.137500003,0.125,0.181250006,-0.2025270453369672,0.11947319772903355,0.027264108484565376,0.041619196414108044
20261007_174456_general32_lift_walk_start_A201_off,general32_lift_walk_start_A201,off,FINAL_HOLD,28,28,right_wrist_yaw_joint,528,527,0,66,0.1252371916508539,-0.22350260615348816,-0.13346032798290253,0.013428317565152614,-0.214913115,-0.146722868,0.014067613083323244,0.0034980776024475108,0.012933605081620414,0.017792641967475903,0.05307573824999986,0.245436937,-0.262499988,0.162499994,0.17687500494999972,0.262499988,-0.29690842920749916,0.1195499676384461,0.025619684388563515,0.04502462851926946
20261007_174626_general32_high_watering_walk_A501_on,general32_high_watering_walk_A501,on,CONTROL_PREPLAY,0,0,left_hip_pitch_joint,337,337,0,0,0.0,-0.5234721899032593,0.26051682233810425,0.08352561768959017,-0.267628521,0.034378212,0.05430850331568528,0.002785711526082516,0.1671682953510436,0.3009427189032593,0.5870851514,1.900227427,-31.376953125,18.720703125,13.078124999999986,31.376953125,-31.385126644707032,19.113872139704853,0.31704074343164546,0.4528030506560957
20261007_174626_general32_high_watering_walk_A501_on,general32_high_watering_walk_A501,on,CONTROL_PREPLAY,1,3,left_hip_roll_joint,337,337,0,0,0.0,-0.20201291143894196,0.3236558139324188,0.07490545730810917,-0.055743158,0.175248787,0.03798730250465444,0.04274507658762741,0.16489138815128476,0.2746990922220535,0.6712972997999999,2.699806213,-21.26953125,26.3671875,13.412109374999993,26.3671875,-20.596918293371797,26.802455929619526,0.2557461028984376,0.46877759469330466
20261007_174626_general32_high_watering_walk_A501_on,general32_high_watering_walk_A501,on,CONTROL_PREPLAY,2,6,left_hip_yaw_joint,337,337,0,0,0.0,-0.5655074715614319,0.5999884605407715,0.08895020566889343,-0.203181848,0.351523876,0.06181896203849871,0.0428123026314316,0.15023729234018857,0.41187129946325685,0.9647307989999998,7.065778732,-8.725142479,10.906427383,4.1724075313999975,10.906427383,-8.431221836387913,10.701374158500746,0.25373866278271007,0.32715881234854743
20261007_174626_general32_high_watering_walk_A501_on,general32_high_watering_walk_A501,on,CONTROL_PREPLAY,3,9,left_knee_joint,337,337,0,0,0.0,-0.19349204003810883,1.1856205463409424,0.1457120844945819,0.080789655,0.955371737,0.15014969169117742,0.027518443935810086,0.15960839147056308,0.5638227163883209,0.810269141599995,7.163486004,-31.46484375,13.7109375,10.072265624999996,31.46484375,-30.828528541855878,13.967225370521241,0.35735203268456983,0.6025367715394224
20261007_174626_general32_high_watering_walk_A501_on,general32_high_watering_walk_A501,on,CONTROL_PREPLAY,4,13,left_ankle_pitch_joint,337,337,4,0,0.011869436201780416,-0.8286386132240295,0.9527319669723511,0.2328098266740251,-0.682722747,-0.079038292,0.09491314652066422,0.20028416822885894,0.5860540714885498,1.564564168849182,0.7441290857999996,5.373806,-17.923288345,32.513069153,15.392647171399998,32.513069153,-18.31930949317819,39.85948442527094,0.14697521266869362,1.1699379748814858
20261007_174626_general32_high_watering_walk_A501_on,general32_high_watering_walk_A501,on,CONTROL_PREPLAY,5,17,left_ankle_roll_joint,337,337,0,0,0.0,-0.16346262395381927,0.28287333250045776,0.050231839521512535,-0.064950377,0.099037506,0.014233846419325598,0.07414927823542022,0.08973805500264663,0.20524927250045777,0.48609794979999993,3.343505383,-3.755250454,4.840183258,2.7404880525999995,4.840183258,-5.820445863423593,5.039701816925908,0.24703176458938758,0.3655923946132937
20261007_174626_general32_high_watering_walk_A501_on,general32_high_watering_walk_A501,on,CONTROL_PREPLAY,6,1,right_hip_pitch_joint,337,337,0,0,0.0,-0.5958263874053955,-0.011853115633130074,0.05217812692586953,-0.412555605,-0.259643286,0.013759435553118244,0.027273923549270607,0.12906603827886656,0.31431381236686995,0.5318891287999998,1.796598315,-28.828125,24.2578125,11.583984374999996,28.828125,-29.36209535564706,24.421282973424837,0.29303844111709854,0.5096062003211836
20261007_174626_general32_high_watering_walk_A501_on,general32_high_watering_walk_A501,on,CONTROL_PREPLAY,7,4,right_hip_roll_joint,337,337,0,0,0.0,-0.7057174444198608,0.10897881537675858,0.07814621476802046,-0.376438886,0.068585984,0.07364935249109926,0.047007024526535046,0.08287326696574092,0.3779909614198608,0.8098328473999999,2.39546442,-26.3671875,14.677734375,8.033203124999998,26.3671875,-25.896826812821843,15.060962260225333,0.3931410686751793,0.5858659419467229
20261007_174626_general32_high_watering_walk_A501_on,general32_high_watering_walk_A501,on,CONTROL_PREPLAY,8,7,right_hip_yaw_joint,337,337,0,0,0.0,-0.5577221512794495,0.3492240607738495,0.1175045365297098,-0.402908564,0.106813759,0.09488348290990418,0.0449031288438721,0.15827002517354122,0.2865767181788025,0.8711374879999999,3.09577775,-7.774325371,7.270951748,4.049360656399999,7.774325371,-7.84685305622023,7.207884375943316,0.2094250329488121,0.3201754608575905
20261007_174626_general32_high_watering_walk_A501_on,general32_high_watering_walk_A501,on,CONTROL_PREPLAY,9,10,right_knee_joint,337,337,0,0,0.0,0.11998165398836136,1.1156697273254395,0.10353399732948679,0.384850204,0.929438949,0.09985408860051694,0.013464837976776112,0.18414580811119993,0.4513331947264557,0.9730210779999995,5.943937302,-40.25390625,14.853515625,13.798828125,40.25390625,-41.032018756791246,14.157136920026414,0.3895558422264862,0.6042299073274136
20261007_174626_general32_high_watering_walk_A501_on,general32_high_watering_walk_A501,on,CONTROL_PREPLAY,10,14,right_ankle_pitch_joint,337,337,8,0,0.02373887240356083,-0.6010532379150391,0.9527319669723511,0.22555415380177138,-0.582446575,-0.044406336,0.09198961664474788,0.05958496052751923,0.4384032051935789,1.3845942019723512,0.8140104771999986,3.456388474,-12.205685616,39.139312744,11.369526290999994,39.139312744,-12.828661390278409,39.53090435687393,0.06962638884367967,1.2386526071900654
20261007_174626_general32_high_watering_walk_A501_on,general32_high_watering_walk_A501,on,CONTROL_PREPLAY,11,18,right_ankle_roll_joint,337,337,0,0,0.0,-0.1527671366930008,0.09839586913585663,0.01948244208969476,-0.024566034,0.033206057,0.0058584952279655276,0.0036680008330516817,0.0330006833567688,0.12820110269300078,0.22413627819999998,1.539745808,-3.440745831,2.504946947,0.8935666443999997,3.440745831,-3.0186126957152997,2.998163608369034,0.2355148318071112,0.3575200321279256
20261007_174626_general32_high_watering_walk_A501_on,general32_high_watering_walk_A501,on,CONTROL_PREPLAY,12,2,waist_yaw_joint,337,337,0,0,0.0,-1.5505427122116089,0.22673195600509644,0.14721184433792373,-0.756253719,-0.002959609,0.08873120775362707,0.03251417534595644,0.15022921415278395,1.2883829772116089,0.6777799369999998,12.479104042,-22.484020233,16.107954025,4.7764558787999984,22.484020233,-20.856153264266915,16.746110113252936,0.23981175614527084,0.31832247817199455
20261007_174626_general32_high_watering_walk_A501_on,general32_high_watering_walk_A501,on,CONTROL_PREPLAY,13,5,waist_roll_joint,337,337,0,0,0.0,-0.9729787111282349,0.6190839409828186,0.17293484262916667,-0.459200025,0.085420541,0.0761924694790832,0.2541790606683655,0.5801695051632291,1.0294854939828186,0.5638112665999998,3.458168745,-24.002500534,28.870613098,15.742759322799994,28.870613098,-22.73994767923762,29.46958247420713,0.4036350608291954,0.7652490640907742
20261007_174626_general32_high_watering_walk_A501_on,general32_high_watering_walk_A501,on,CONTROL_PREPLAY,14,8,waist_pitch_joint,337,337,0,0,0.0,-0.7313956022262573,0.5715887546539307,0.12696203242378232,-0.137206465,0.063687801,0.021372938652295902,0.08334691075067138,0.30318926553625786,0.7642585522262573,0.45546246739999874,3.653783083,-20.737056732,17.150276184,8.368103409199998,20.737056732,-17.98021851529018,17.351527771782756,0.06402224483465613,0.5312039840310009
20261007_174626_general32_high_watering_walk_A501_on,general32_high_watering_walk_A501,on,CONTROL_PREPLAY,15,11,left_shoulder_pitch_joint,337,337,0,0,0.0,-0.2506893277168274,1.4316266775131226,0.1227210390294495,0.130352423,0.710328996,0.053628375646459524,0.07764306659252929,0.21232000628922723,0.9865924715131226,1.2170604465999997,5.052932739,-14.375,11.0,2.7374999999999936,14.375,-14.446607330842077,11.690163264446504,0.18562946554268556,0.23966317199910528
20261007_174626_general32_high_watering_walk_A501_on,general32_high_watering_walk_A501,on,CONTROL_PREPLAY,16,15,left_shoulder_roll_joint,337,337,0,0,0.0,-0.4888801574707031,0.5395137071609497,0.10167631006037565,-0.085303716,0.250110775,0.05270787329986381,0.021871045104156495,0.12553319525437254,0.5956717881609497,0.6074564342,3.951534748,-5.5,7.5,2.024999999999995,7.5,-5.251608787944205,7.641171480719599,0.18192992848929151,0.23524172754974057
20261007_174626_general32_high_watering_walk_A501_on,general32_high_watering_walk_A501,on,CONTROL_PREPLAY,17,19,left_shoulder_yaw_joint,337,337,0,0,0.0,0.0,0.41839346289634705,0.04795478709377913,-0.032645028,0.395395547,0.04932046176747209,0.00347653055859376,0.061187899261483755,0.14633113172608947,0.8755962613999997,2.405282021,-1.0,1.0,0.5,1.0,-1.4834522914202968,1.058025780265021,0.13936729252814256,0.23382997417880452
20261007_174626_general32_high_watering_walk_A501_on,general32_high_watering_walk_A501,on,CONTROL_PREPLAY,18,21,left_elbow_joint,337,337,0,1,0.002967359050445104,-0.7157319188117981,1.410109281539917,0.20152386504311717,0.297460467,1.118943095,0.12703314578793232,0.08225941615655519,0.20698975330231256,1.455793797811798,1.5484002829999974,14.124896049,-10.0,7.375,1.8249999999999993,10.0,-8.38243857030985,8.16292758041062,0.10256265398550024,0.23342416854016998
20261007_174626_general32_high_watering_walk_A501_on,general32_high_watering_walk_A501,on,CONTROL_PREPLAY,19,23,left_wrist_roll_joint,337,337,0,0,0.0,-0.34144580364227295,0.19241681694984436,0.07948645834784092,-0.314705759,0.087640636,0.07888015181365451,0.01703664648744202,0.06103387964565383,0.1709082946636505,1.0857516765999997,3.288854837,-0.5625,0.25,0.3125,0.5625,-0.5611846730012386,0.5155870573118451,0.17768051267471643,0.248488332015977
20261007_174626_general32_high_watering_walk_A501_on,general32_high_watering_walk_A501,on,CONTROL_PREPLAY,20,25,left_wrist_pitch_joint,337,337,0,304,0.9020771513353115,-0.22350260615348816,0.07488175481557846,0.04821094181397154,-0.208225921,0.025106952,0.04591604057715291,0.01530066115348816,0.028819504666154475,0.06928512181557846,0.3472932513999987,6.430447578,-1.081249952,5.143750191,0.306250006,5.143750191,-1.078379841899804,6.402182243545766,0.024530489438969405,0.043088863222399576
20261007_174626_general32_high_watering_walk_A501_on,general32_high_watering_walk_A501,on,CONTROL_PREPLAY,21,27,left_wrist_yaw_joint,337,337,312,0,0.9258160237388724,0.0,0.22350260615348816,0.024280970899011708,0.00819721,0.213211358,0.026900966789623434,0.010399118153488152,0.024741068623547326,0.0959994341875763,0.31906802659999967,1.503301263,-0.212500006,0.368750006,0.15625,0.368750006,-0.16556878409818881,0.4531996275615088,0.028573724137640272,0.044239911778163804
20261007_174626_general32_high_watering_walk_A501_on,general32_high_watering_walk_A501,on,CONTROL_PREPLAY,22,12,right_shoulder_pitch_joint,337,337,0,333,0.9881305637982196,-1.115731954574585,0.20000000298023224,0.12223149636574404,-1.300803781,0.191747606,0.1574570660870283,0.18767356857458495,0.25410929877458477,1.072516839574585,2.325208234399996,10.651963234,-9.0,8.0,4.274999999999999,9.0,-8.391901693356331,9.047065185497004,0.1789816719634234,0.3121258056004898
20261007_174626_general32_high_watering_walk_A501_on,general32_high_watering_walk_A501,on,CONTROL_PREPLAY,23,16,right_shoulder_roll_joint,337,337,0,328,0.973293768545994,-1.515731930732727,-0.10061828047037125,0.14951326282379346,-1.637332797,-0.116570562,0.19506685247055236,0.191223382732727,0.25040626533272703,1.294061138890808,1.3701516869999995,17.108488083,-17.8125,10.375,3.75,17.8125,-17.795488068495505,12.019997119172563,0.09301436148125353,0.20218378226379816
20261007_174626_general32_high_watering_walk_A501_on,general32_high_watering_walk_A501,on,CONTROL_PREPLAY,24,20,right_shoulder_yaw_joint,337,337,0,0,0.0,-0.5289552211761475,1.2694594860076904,0.15520429572224556,-0.136224687,0.658197641,0.07652228101514946,0.10480818911905289,0.30725007492871526,0.9109883601761475,1.9680974001999962,11.00631237,-8.0,7.4375,2.8249999999999993,8.0,-8.449545992880678,7.361561800196893,0.19104055299530165,0.33170262953158747
20261007_174626_general32_high_watering_walk_A501_on,general32_high_watering_walk_A501,on,CONTROL_PREPLAY,25,22,right_elbow_joint,337,337,0,5,0.01483679525222552,-0.7157319188117981,0.9682740569114685,0.16402464567223718,-0.256390512,0.806885898,0.10295827886328082,0.027131218567371367,0.3537716985585815,1.221729874811798,3.2115422723999965,11.090681076,-10.75,6.75,2.8249999999999993,10.75,-9.944112116611109,6.671828574569717,0.12449736614518664,0.3866233080514229
20261007_174626_general32_high_watering_walk_A501_on,general32_high_watering_walk_A501,on,CONTROL_PREPLAY,26,24,right_wrist_roll_joint,337,337,0,0,0.0,-0.09407879412174225,1.282585620880127,0.14774121412827493,-0.026904585,1.111812472,0.16212703403486012,0.019635796375610415,0.10095576027576898,0.6296275857589111,1.6287808415999985,11.891419411,-0.5625,0.625,0.4375,0.625,-1.8155824136690608,0.7684609418415689,0.14346094184156888,0.2601285666239883
20261007_174626_general32_high_watering_walk_A501_on,general32_high_watering_walk_A501,on,CONTROL_PREPLAY,27,26,right_wrist_pitch_joint,337,337,0,115,0.34124629080118696,-0.22350260615348816,0.07723543792963028,0.07209762800597923,-0.215548277,0.048775796,0.07273548706133261,0.00796631015348817,0.038485445653715644,0.06508617138491057,0.5411884542,1.300815701,-0.743749976,0.706250012,0.34375,0.743749976,-0.8657982558367856,0.6764434413891691,0.026748317300482896,0.04761611888293305
20261007_174626_general32_high_watering_walk_A501_on,general32_high_watering_walk_A501,on,CONTROL_PREPLAY,28,28,right_wrist_yaw_joint,337,337,316,0,0.9376854599406528,-0.1110697016119957,0.22350260615348816,0.05162484752462681,-0.07062304,0.218616232,0.052205339385287264,0.004982248153488161,0.03525959216951673,0.10452766722197723,0.5252350683999998,1.730330348,-0.143749997,0.293749988,0.125,0.293749988,-0.17848299938428963,0.26985307898935873,0.022857482414868346,0.04261278649016273
20261007_174626_general32_high_watering_walk_A501_on,general32_high_watering_walk_A501,on,PLAY,0,0,left_hip_pitch_joint,761,761,0,0,0.0,-0.35427409410476685,0.2694076895713806,0.11281054705960117,-0.229236379,0.108341657,0.0856495528082475,0.0726456493180046,0.19649197156983947,0.4393386695713806,0.857393026,1.926407337,-25.576171875,47.021484375,18.984375,47.021484375,-25.492844335723863,48.21375334423014,0.37297870816910983,0.6819718694508654
20261007_174626_general32_high_watering_walk_A501_on,general32_high_watering_walk_A501,on,PLAY,1,3,left_hip_roll_joint,761,761,0,0,0.0,-0.2442513406276703,0.6860241293907166,0.14039574699363433,-0.157616526,0.297123551,0.09857849486418487,0.09701924064309692,0.3559744359772186,0.6610100637525025,0.580321968,2.775073528,-37.353515625,62.138671875,35.595703125,62.138671875,-37.23625138807396,62.945014819627474,0.2654587467992897,0.6009529090722623
20261007_174626_general32_high_watering_walk_A501_on,general32_high_watering_walk_A501,on,PLAY,2,6,left_hip_yaw_joint,761,761,0,0,0.0,-0.07563013583421707,0.6159038543701172,0.1346915367523029,-0.099327691,0.47908169,0.1563603389920125,0.05766363462804412,0.16010871939802934,0.2770957796161957,0.776515663,2.900363207,-11.353871346,8.165838242,6.320135117,11.353871346,-11.685127179079403,7.934234811777629,0.19712054838505444,0.3585353565726366
20261007_174626_general32_high_watering_walk_A501_on,general32_high_watering_walk_A501,on,PLAY,3,9,left_knee_joint,761,761,0,0,0.0,-0.22799833118915558,0.8143912553787231,0.13364725006643277,0.022276809,0.6629439,0.08760585417486097,0.06560851644235993,0.21513972462555314,0.6150348111104736,1.556615591,4.886922359,-35.771484375,32.16796875,16.787109375,35.771484375,-35.663683028972166,30.11835837310228,0.37399352294682253,0.791858745967934
20261007_174626_general32_high_watering_walk_A501_on,general32_high_watering_walk_A501,on,PLAY,4,13,left_ankle_pitch_joint,761,761,30,0,0.03942181340341656,-0.9423465132713318,0.9527319669723511,0.3806518158619929,-0.261982888,0.276252747,0.09775825579496114,0.2912787054349365,0.905742447972351,1.1338554169723511,1.084464073,3.091614485,-18.886632919,32.079723358,25.527841568,32.079723358,-20.28839408807027,32.35917769775433,0.24164469472651007,1.277056530285904
20261007_174626_general32_high_watering_walk_A501_on,general32_high_watering_walk_A501,on,PLAY,5,17,left_ankle_roll_joint,761,761,0,0,0.0,-0.49846920371055603,0.22938589751720428,0.09251811433336825,-0.169073775,0.091746278,0.05644574155104956,0.04889326334196473,0.13675119365128327,0.3597180766309204,0.575252533,3.754724503,-8.327788353,6.198763847,3.992284775,8.327788353,-7.24130905139717,7.017733131047935,0.2569774447723675,0.5783191470922485
20261007_174626_general32_high_watering_walk_A501_on,general32_high_watering_walk_A501,on,PLAY,6,1,right_hip_pitch_joint,761,761,0,0,0.0,-0.8777585029602051,0.15112295746803284,0.15546787720592092,-0.49577406,0.01308997,0.11231299520814463,0.09688193302835083,0.2429654595591278,0.532616019002655,0.956658661,2.540544987,-45.52734375,24.169921875,21.357421875,45.52734375,-44.89482616816602,23.925862948349383,0.30750819876431734,0.7299320320589064
20261007_174626_general32_high_watering_walk_A501_on,general32_high_watering_walk_A501,on,PLAY,7,4,right_hip_roll_joint,761,761,0,0,0.0,-0.8991787433624268,0.22716189920902252,0.22150096156436289,-0.484942466,-0.066199794,0.10567521359448928,0.10329374669631958,0.31982201354222106,0.6624173373624267,0.738492429,2.70853281,-57.216796875,32.080078125,31.201171875,57.216796875,-56.73253936320041,32.47795295724511,0.2972922789785155,0.6051423688386066
20261007_174626_general32_high_watering_walk_A501_on,general32_high_watering_walk_A501,on,PLAY,8,7,right_hip_yaw_joint,761,761,0,0,0.0,-0.7785715460777283,0.1553400307893753,0.1702142032323395,-0.780975163,0.043362956,0.1260189063501009,0.06096807131065368,0.28674696358742524,0.5029017251627922,1.26162374,4.059137344,-11.465731621,15.604580879,11.353871346,15.604580879,-12.433570418574298,15.627935024892444,0.19281040628142132,0.3545398311945194
20261007_174626_general32_high_watering_walk_A501_on,general32_high_watering_walk_A501,on,PLAY,9,10,right_knee_joint,761,761,0,0,0.0,-0.1945257931947708,0.972446858882904,0.1817889402506755,0.114844024,0.853191614,0.17129279226509267,0.0993611961155777,0.3887059984976654,0.6780166180840835,1.541343927,4.45168066,-69.169921875,18.80859375,37.08984375,69.169921875,-70.596747125257,18.59031164262826,0.32524334164435587,0.8396407123149032
20261007_174626_general32_high_watering_walk_A501_on,general32_high_watering_walk_A501,on,PLAY,10,14,right_ankle_pitch_joint,761,761,0,0,0.0,-1.1160322427749634,0.9451214671134949,0.3652157529822347,-0.342701256,0.022333624,0.1058587101518585,0.21563987431423187,0.678640455115448,1.0501018765209962,0.910901845,3.507741213,-30.950546265,30.146539688,19.569675446,30.950546265,-26.645103661145672,30.27609355862818,0.2108666059444957,1.3110001354856244
20261007_174626_general32_high_watering_walk_A501_on,general32_high_watering_walk_A501,on,PLAY,11,18,right_ankle_roll_joint,761,761,0,0,0.0,-0.13888919353485107,0.33656957745552063,0.07567158800317057,-0.125080734,0.163565755,0.061185098705229445,0.03548268987943268,0.09127493016206265,0.33636393445552065,0.609356344,4.80016613,-7.181462288,8.095535278,2.841846466,8.095535278,-10.660662492524555,7.831743798217659,0.2889862611692924,0.5990529553931765
20261007_174626_general32_high_watering_walk_A501_on,general32_high_watering_walk_A501,on,PLAY,12,2,waist_yaw_joint,761,761,0,0,0.0,-0.535667896270752,0.3443426191806793,0.14204273460086153,-0.265561283,0.166300565,0.12044984871312422,0.04565154039833069,0.17370495289785767,0.38423707718067934,0.872508824,3.322047472,-12.416548729,15.2689991,6.543856621,15.2689991,-12.282676589867188,15.643734130493218,0.20668538664313707,0.3649076857292508
20261007_174626_general32_high_watering_walk_A501_on,general32_high_watering_walk_A501,on,PLAY,13,5,waist_roll_joint,761,761,0,0,0.0,-1.1428847312927246,0.5928117632865906,0.27862242968568723,-0.4838292,0.272687227,0.22000235906093243,0.2371304183899994,0.7405486699071044,0.9020682272865905,0.638828993,2.125709057,-21.661352158,25.10178566,20.63634491,25.10178566,-21.97230053346729,25.718195494571198,0.33801775475046547,0.6846094478912335
20261007_174626_general32_high_watering_walk_A501_on,general32_high_watering_walk_A501,on,PLAY,14,8,waist_pitch_joint,761,761,0,0,0.0,-0.6425209045410156,0.37472009658813477,0.19646322953985393,-0.188291326,0.01613104,0.05456143560796028,0.1403005648401718,0.391242801977417,0.5817426215410156,0.408984274,0.792114139,-16.084999084,12.752466202,10.941809654,16.084999084,-16.346425570600978,12.72525929087916,0.11677781208185922,0.398502311859005
20261007_174626_general32_high_watering_walk_A501_on,general32_high_watering_walk_A501,on,PLAY,15,11,left_shoulder_pitch_joint,761,761,0,0,0.0,0.12793943285942078,1.2582556009292603,0.23145837357363983,0.12022575,0.928322077,0.19238285574343678,0.12902975124673466,0.2854434845354614,0.49722328757580564,1.067650676,2.647650957,-5.4375,7.1875,3.6875,7.1875,-5.445726138536958,7.457791680308247,0.1847115046395893,0.29643317350322496
20261007_174626_general32_high_watering_walk_A501_on,general32_high_watering_walk_A501,on,PLAY,16,15,left_shoulder_roll_joint,761,761,0,0,0.0,-0.16253562271595,0.9346420764923096,0.1852718972243082,-0.010306434,0.521613419,0.10449284140871552,0.06910696626705931,0.23249614255841067,0.5975344328269958,0.750116646,2.179786682,-3.8125,7.375,3.25,7.375,-3.88069839894981,7.482624236775158,0.1620281975176765,0.2545173096409856
20261007_174626_general32_high_watering_walk_A501_on,general32_high_watering_walk_A501,on,PLAY,17,19,left_shoulder_yaw_joint,761,761,0,0,0.0,-0.195047989487648,0.7460254430770874,0.2348516057806579,-0.200675845,0.629231751,0.23830902961409414,0.030205309817275983,0.08896776613269376,0.18893946693751526,0.928058386,2.225806236,-1.4375,2.3125,1.125,2.3125,-1.5928383256900385,2.0662569182679187,0.12662015806373736,0.22130069575080213
20261007_174626_general32_high_watering_walk_A501_on,general32_high_watering_walk_A501,on,PLAY,18,21,left_elbow_joint,761,761,0,0,0.0,0.009429802186787128,1.1889185905456543,0.30379061749850655,0.174861833,1.136032701,0.26634520243766063,0.04827141790051259,0.1717453899100952,0.3831734168132129,1.417398334,3.100175381,-4.25,1.875,1.9375,4.25,-4.334339657648803,2.0974506816803102,0.11809661983525466,0.2292337451552955
20261007_174626_general32_high_watering_walk_A501_on,general32_high_watering_walk_A501,on,PLAY,19,23,left_wrist_roll_joint,761,761,0,0,0.0,-0.8787949681282043,0.1929841786623001,0.20150612680379346,-0.855374098,0.14864035,0.1898136701230404,0.03626168126941681,0.11673365541537475,0.18766571913584137,2.11382556,3.578777313,-0.5625,0.4375,0.375,0.5625,-0.4285982899127454,0.5723952479111123,0.14292186322595263,0.30922329704078133
20261007_174626_general32_high_watering_walk_A501_on,general32_high_watering_walk_A501,on,PLAY,20,25,left_wrist_pitch_joint,761,761,0,519,0.6819973718791065,-0.22350260615348816,-0.019008958712220192,0.02346009181506923,-0.225255504,-0.059741363,0.02021510391293955,0.011693403153488158,0.02573917855243682,0.08780411649482726,0.282252491,1.405126452,-0.550000012,0.25,0.293749988,0.550000012,-0.5053639459533082,0.2635585630770844,0.024436609900255646,0.046950971574513195
20261007_174626_general32_high_watering_walk_A501_on,general32_high_watering_walk_A501,on,PLAY,21,27,left_wrist_yaw_joint,761,761,435,0,0.5716162943495401,0.00348262838087976,0.22350260615348816,0.05550559604012343,0.014656708,0.213211358,0.04920226079340016,0.010435060153488163,0.034665119014451976,0.061243489547004704,0.478602022,0.852893353,-0.243750006,0.224999994,0.162499994,0.243750006,-0.2476973644499126,0.2543797159751084,0.02638743600748511,0.04837625339561227
20261007_174626_general32_high_watering_walk_A501_on,general32_high_watering_walk_A501,on,PLAY,22,12,right_shoulder_pitch_joint,761,761,0,571,0.7503285151116952,-1.115731954574585,0.5863022804260254,0.5612115627938551,-1.459654689,0.477751136,0.4897320339079631,0.19957387457458498,0.6608706715745849,0.698836713574585,2.689068317,6.855360508,-9.875,8.125,9.1875,9.875,-10.515248604310646,8.085105766707917,0.1786717187689737,0.46280623637529916
20261007_174626_general32_high_watering_walk_A501_on,general32_high_watering_walk_A501,on,PLAY,23,16,right_shoulder_roll_joint,761,761,0,578,0.759526938239159,-1.515731930732727,-0.24739614129066467,0.4412818121175243,-1.840764999,-0.334839255,0.40018804521125567,0.19155275826727292,0.620618164732727,0.631799459732727,1.922078013,5.037592888,-9.4375,7.625,8.9375,9.4375,-9.534397445105231,7.883978990350748,0.1225413106913158,0.32977503439505496
20261007_174626_general32_high_watering_walk_A501_on,general32_high_watering_walk_A501,on,PLAY,24,20,right_shoulder_yaw_joint,761,761,0,0,0.0,-0.9761648774147034,0.9754499793052673,0.40726071332563163,-0.515537381,0.633797765,0.20385594483370997,0.15421639759679032,0.6390354635231629,0.8079409411628112,2.138369322,8.347924232,-10.625,6.0625,8.5625,10.625,-10.853871282567853,5.941614739856274,0.16644344652074272,0.32444292463140667
20261007_174626_general32_high_watering_walk_A501_on,general32_high_watering_walk_A501,on,PLAY,25,22,right_elbow_joint,761,761,0,9,0.011826544021024968,-0.7157319188117981,1.3679627180099487,0.5920779496493146,-0.469482034,1.329853535,0.5343842991815555,0.0737659335083847,0.2776300612404785,1.2337740068117982,2.531068325,8.528933525,-10.6875,3.9375,3.4375,10.6875,-9.84440440389706,3.881133741402815,0.16124598915631705,0.41549031596300345
20261007_174626_general32_high_watering_walk_A501_on,general32_high_watering_walk_A501,on,PLAY,26,24,right_wrist_roll_joint,761,761,17,0,0.022339027595269383,0.08078519254922867,1.3157318830490112,0.27329419468169525,0.111896709,1.296849012,0.2528287923580755,0.030465662306213392,0.12896609336453246,0.2818608288731079,1.765612006,5.079010487,-1.6875,1.4375,1.0625,1.6875,-1.5788787660192876,1.6445868127938925,0.13064554559492397,0.3120073348007537
20261007_174626_general32_high_watering_walk_A501_on,general32_high_watering_walk_A501,on,PLAY,27,26,right_wrist_pitch_joint,761,761,0,219,0.28777923784494086,-0.22350260615348816,0.13349348306655884,0.11514253490171857,-0.265929967,0.182723477,0.12938222360413565,0.01611559115348815,0.10200909508332634,0.178726647426569,0.717903018,1.791689634,-2.862499952,0.893750012,1.318750024,2.862499952,-2.920085895291211,0.8701672174372752,0.026884926968649192,0.056191475573740754
20261007_174626_general32_high_watering_walk_A501_on,general32_high_watering_walk_A501,on,PLAY,28,28,right_wrist_yaw_joint,761,761,569,81,0.8541392904073587,-0.22350260615348816,0.22350260615348816,0.1647060015939506,-0.215008989,0.222595006,0.16108636126612338,0.004958272153488152,0.023059845326797473,0.06530731960892486,0.300660253,0.957204044,-0.237499997,0.349999994,0.150000006,0.349999994,-0.3048797111303297,0.3284102736574321,0.02374796033732557,0.04521968922834999
20261007_174626_general32_high_watering_walk_A501_on,general32_high_watering_walk_A501,on,FINAL_HOLD,0,0,left_hip_pitch_joint,1415,1414,0,0,0.0,-0.15212146937847137,-0.0935659259557724,0.016468478649085086,-0.161979854,-0.135135189,0.00502230911768692,0.004299223392829898,0.04646615367156524,0.054045632044227604,0.020725787,0.335975885,-0.87890625,5.009765625,4.21875,5.009765625,-0.5937781930326357,5.3740464786851305,0.35831000880971,0.48214717320531153
20261007_174626_general32_high_watering_walk_A501_on,general32_high_watering_walk_A501,on,FINAL_HOLD,1,3,left_hip_roll_joint,1415,1414,0,0,0.0,-0.14747130870819092,-0.07462232559919357,0.010835399322751465,0.158571005,0.162823543,0.0003030515109940659,0.24753127285470963,0.27632485915718763,0.3066218197081909,0.068722337,0.083993971,-30.234375,-22.939453125,27.24609375,30.234375,-30.172403064131412,-22.751794392893036,0.22915006614053013,0.4198873423569338
20261007_174626_general32_high_watering_walk_A501_on,general32_high_watering_walk_A501,on,FINAL_HOLD,2,6,left_hip_yaw_joint,1415,1414,0,0,0.0,-0.08678685873746872,-0.027167797088623047,0.01357089499727257,-0.111286655,-0.098845579,0.001297970577465761,0.06330745693581391,0.06942902482702999,0.07593640691137696,0.023998279,0.097707272,0.838955998,3.523615122,2.964311123,3.523615122,0.626446667343076,3.2610813808047974,0.1589591573286695,0.2260571311191302
20261007_174626_general32_high_watering_walk_A501_on,general32_high_watering_walk_A501,on,FINAL_HOLD,3,9,left_knee_joint,1415,1414,0,0,0.0,0.15291975438594818,0.22814828157424927,0.027137489189674638,0.170902506,0.1875121,0.0008617508697561023,0.01680782481671142,0.04566371573773804,0.055722341091178906,0.027270772,0.346884191,-2.373046875,5.09765625,4.130859375,5.09765625,-2.143217046621236,5.506716751485131,0.3255523737621302,0.47867048740074425
20261007_174626_general32_high_watering_walk_A501_on,general32_high_watering_walk_A501,on,FINAL_HOLD,4,13,left_ankle_pitch_joint,1415,1414,0,0,0.0,-0.028072617948055267,0.24786223471164703,0.10318240932132577,-0.138249159,-0.13659814,0.0004407476393522717,0.1346100776172508,0.3586170447812096,0.38599513471164704,0.008257118599999997,0.058966286,3.07282424,10.908220291,10.035452843,10.908220291,3.123494316804853,11.011952328413813,0.10040520746067871,0.2226917802320756
20261007_174626_general32_high_watering_walk_A501_on,general32_high_watering_walk_A501,on,FINAL_HOLD,5,17,left_ankle_roll_joint,1415,1414,0,0,0.0,-0.22065772116184235,-0.18002472817897797,0.003835677927960737,-0.14376989,-0.14213796,0.00028466212939273256,0.06373772033605957,0.07092654445695495,0.07803191216184235,0.013376826999999997,0.02981255,-2.451828003,-1.302458405,2.2422265051999997,2.451828003,-2.2177017820832465,-1.1051221695073896,0.2047289137971613,0.2654767179840566
20261007_174626_general32_high_watering_walk_A501_on,general32_high_watering_walk_A501,on,FINAL_HOLD,6,1,right_hip_pitch_joint,1415,1414,0,0,0.0,-0.11544851213693619,-0.030816368758678436,0.008896338855586643,-0.124584809,-0.10066323,0.00403430540832154,0.0054597708442230275,0.015640180670546337,0.07291481624132157,0.023998279,0.219256997,-0.703125,7.20703125,1.872070312499996,7.20703125,-1.073816777246323,6.971115671843908,0.311030005272408,0.4204501486284643
20261007_174626_general32_high_watering_walk_A501_on,general32_high_watering_walk_A501,on,FINAL_HOLD,7,4,right_hip_roll_joint,1415,1414,0,0,0.0,0.025429366156458855,0.11194111406803131,0.01071107169104395,-0.128326014,-0.122778118,0.00047114770113161175,0.181537881298851,0.19996418977064817,0.2382218240680313,0.061086528,0.102538094,15.029296875,23.5546875,19.713867187499996,23.5546875,15.48647769172582,24.132082917306857,0.45978438060807747,0.6840441008388289
20261007_174626_general32_high_watering_walk_A501_on,general32_high_watering_walk_A501,on,FINAL_HOLD,8,7,right_hip_yaw_joint,1415,1414,0,0,0.0,-0.5626345872879028,-0.4548291862010956,0.02461630705472344,-0.530519962,-0.509749115,0.002195525434467467,0.025021315030975377,0.0339963671703186,0.055080622798904466,0.022284115,0.445682287,-1.174538374,2.293146372,1.118607998,2.293146372,-1.4794408041691571,2.2087127778073063,0.2293475618607248,0.30161294983789444
20261007_174626_general32_high_watering_walk_A501_on,general32_high_watering_walk_A501,on,FINAL_HOLD,9,10,right_knee_joint,1415,1414,0,0,0.0,0.16553926467895508,0.2320270538330078,0.013975151802866223,0.132996127,0.140538201,0.0013439131864279373,0.03415784236976624,0.06544251891952439,0.0918979048330078,0.017453294,0.100356445,3.076171875,9.228515625,6.767578125,9.228515625,2.8079843905019746,8.996828426896645,0.25131241636697377,0.36144989388062143
20261007_174626_general32_high_watering_walk_A501_on,general32_high_watering_walk_A501,on,FINAL_HOLD,10,14,right_ankle_pitch_joint,1415,1414,0,0,0.0,0.05016548931598663,0.21421845257282257,0.041895844785700846,-0.051015604,-0.04038544,0.0014761265967413938,0.12441893325733948,0.22807903002418137,0.26514958257282256,0.009930417799999999,0.106808893,2.696905851,7.462833881,6.4121735572,7.462833881,2.7964948893395696,7.5600611975582845,0.11479930814784778,0.19830307086092525
20261007_174626_general32_high_watering_walk_A501_on,general32_high_watering_walk_A501,on,FINAL_HOLD,11,18,right_ankle_roll_joint,1415,1414,0,0,0.0,0.10304789990186691,0.1357172578573227,0.005002692613881854,0.068714313,0.07751213,0.0019463927984504277,0.04051112420401383,0.0429701709513031,0.058350562857322694,0.0167974941,0.12320286,0.445982099,1.316210747,0.976828575,1.316210747,0.762276200645916,1.6575936166124532,0.2957246478745915,0.3471693120707159
20261007_174626_general32_high_watering_walk_A501_on,general32_high_watering_walk_A501,on,FINAL_HOLD,12,2,waist_yaw_joint,1415,1414,0,0,0.0,0.05883129686117172,0.11315958946943283,0.005272768083960396,0.090877406,0.096100241,0.0018174600185951594,0.010951041994739535,0.014994491682144546,0.03467091913882828,0.031369179299999925,0.140561342,-1.621981502,0.559303999,0.727095187,1.621981502,-1.4544360404370462,0.8331709741193112,0.19595852713310516,0.2643649656702006
20261007_174626_general32_high_watering_walk_A501_on,general32_high_watering_walk_A501,on,FINAL_HOLD,13,5,waist_roll_joint,1415,1414,0,0,0.0,-0.051381438970565796,0.05840673670172691,0.03831234836783022,0.055237677,0.074498467,0.003652793134334541,0.09759129567473984,0.10465714625916119,0.10854659597056579,0.022235443999999997,0.115057401,-3.295554638,-0.394414693,3.149066925,3.295554638,-3.0903212531310222,-0.1727366077409474,0.19186116498210204,0.2673590649209782
20261007_174626_general32_high_watering_walk_A501_on,general32_high_watering_walk_A501,on,FINAL_HOLD,14,8,waist_pitch_joint,1415,1414,0,0,0.0,-0.15362070500850677,0.10131816565990448,0.09430128803517736,0.008363906,0.018721959,0.0013671168992890617,0.07753134896573258,0.1382989588153591,0.16893925000850676,0.015602713599999993,0.116204374,-4.669242859,2.55658412,3.862206936,4.669242859,-4.755043687242144,2.4954189614710196,0.044075259557379676,0.13542043276908394
20261007_174626_general32_high_watering_walk_A501_on,general32_high_watering_walk_A501,on,FINAL_HOLD,15,11,left_shoulder_pitch_joint,1415,1414,0,0,0.0,0.19383259117603302,0.35072559118270874,0.03756300467438427,0.140263379,0.227748215,0.022175895301715917,0.05830186571898652,0.09356209650176849,0.12968511890898132,0.021935925999999932,0.354349583,0.4375,1.75,1.1875,1.75,0.6294650537212156,1.9588157450391521,0.18507273796689971,0.22120299049984318
20261007_174626_general32_high_watering_walk_A501_on,general32_high_watering_walk_A501,on,FINAL_HOLD,16,15,left_shoulder_roll_joint,1415,1414,0,0,0.0,0.3177340030670166,0.39822739362716675,0.014807854378524133,0.241542056,0.261483818,0.0009652471992767929,0.14395859820596313,0.14869599206832124,0.15383309162716674,0.01687379,0.256174803,0.875,2.0,1.9375,2.0,1.058562941063354,2.2033506553605284,0.18806599938407587,0.22688907067243894
20261007_174626_general32_high_watering_walk_A501_on,general32_high_watering_walk_A501,on,FINAL_HOLD,17,19,left_shoulder_yaw_joint,1415,1414,0,0,0.0,-0.1837262660264969,0.02224973402917385,0.013851332833049927,-0.17066735,-0.032896698,0.009169779338230617,0.03756130481152725,0.04193395663871841,0.10315205892959214,0.01840777,1.354505062,-0.0625,1.0625,0.75,1.0625,-0.17059326342838016,0.9119244212749589,0.12440560318211769,0.1633223551891377
20261007_174626_general32_high_watering_walk_A501_on,general32_high_watering_walk_A501,on,FINAL_HOLD,18,21,left_elbow_joint,1415,1414,0,0,0.0,1.0542525053024292,1.286267876625061,0.027732446804973825,1.090121031,1.250745654,0.030941786934309757,0.03304004652539061,0.053247571285284456,0.07595348364929189,0.021475732,0.556835055,-0.5625,0.6875,0.5625,0.6875,-0.4803181788933557,0.827565829106639,0.18919429796099285,0.22457062989006504
20261007_174626_general32_high_watering_walk_A501_on,general32_high_watering_walk_A501,on,FINAL_HOLD,19,23,left_wrist_roll_joint,1415,1414,0,0,0.0,-0.006703746039420366,0.16130264103412628,0.010454425727026508,0.034550522,0.12663731,0.004911991007267889,0.017064020377014162,0.019358758040459445,0.06953859563219547,0.015339809,1.3422333,-0.5,0.25,0.125,0.5,-0.38303272414783845,0.48008592954753027,0.1693487259942874,0.21242520972321016
20261007_174626_general32_high_watering_walk_A501_on,general32_high_watering_walk_A501,on,FINAL_HOLD,20,25,left_wrist_pitch_joint,1415,1414,0,772,0.545968882602546,-0.22350260615348816,-0.042273908853530884,0.030876777733092,-0.211988956,-0.072480597,0.023978362123356373,0.011549592153488164,0.016062937426395415,0.047044485578506476,0.06749516,0.822213709,-0.362500012,0.275000006,0.231250003,0.362500012,-0.3531777971235174,0.2952025053036595,0.019689983225424458,0.0436664619745472
20261007_174626_general32_high_watering_walk_A501_on,general32_high_watering_walk_A501,on,FINAL_HOLD,21,27,left_wrist_yaw_joint,1415,1414,0,0,0.0,-0.05744396895170212,0.11225853115320206,0.023337561892747074,-0.052778527,0.09015733,0.022292759203309937,0.007932852992736817,0.010839152025421142,0.02801836984965897,0.049087387,0.36815539,-0.256249994,0.193749994,0.1875,0.256249994,-0.22667742723827894,0.24367994398209264,0.02629126880708929,0.045338015143353755
20261007_174626_general32_high_watering_walk_A501_on,general32_high_watering_walk_A501,on,FINAL_HOLD,22,12,right_shoulder_pitch_joint,1415,1414,0,0,0.0,-0.08459223061800003,0.11415602266788483,0.022542206007317673,-0.045647915,0.007933557,0.008286560103339464,0.019458078299125672,0.02496779711147176,0.12747049666788482,0.020401945299999932,0.37122336,-1.0625,1.75,0.4375,1.75,-1.238690288927433,1.5729930166019117,0.15517443869113706,0.20093354399754207
20261007_174626_general32_high_watering_walk_A501_on,general32_high_watering_walk_A501,on,FINAL_HOLD,23,16,right_shoulder_roll_joint,1415,1414,0,0,0.0,-0.4577474296092987,-0.3983132541179657,0.018251714153751916,-0.335546315,-0.315065295,0.003235867628193165,0.12900155803060914,0.1362341673376526,0.14199903560929872,0.015339809,0.09050487,-2.1875,-1.0625,2.0625,2.1875,-2.0201867660317516,-0.9778858398325774,0.11356735750999136,0.15239821144552154
20261007_174626_general32_high_watering_walk_A501_on,general32_high_watering_walk_A501,on,FINAL_HOLD,24,20,right_shoulder_yaw_joint,1415,1414,0,0,0.0,0.10490947961807251,0.172722727060318,0.010535059643106689,0.151816159,0.165586039,0.000850371608764684,0.029294796449749,0.03224072585181045,0.046906679381927496,0.019941751,0.417242795,-0.5,0.375,0.3125,0.5,-0.6573160920766865,0.22188236042298146,0.1685842342715742,0.19782293396402637
20261007_174626_general32_high_watering_walk_A501_on,general32_high_watering_walk_A501,on,FINAL_HOLD,25,22,right_elbow_joint,1415,1414,0,0,0.0,1.1871826648712158,1.3740885257720947,0.011036919901651161,1.278249502,1.325695038,0.008621422322853746,0.005792975237487896,0.02192556854784541,0.11648535712878427,0.023009712,0.714835048,-0.875,0.8125,0.26874999999999716,0.875,-1.0114741785758834,0.692370721212672,0.1194728744944614,0.16654540720488034
20261007_174626_general32_high_watering_walk_A501_on,general32_high_watering_walk_A501,on,FINAL_HOLD,26,24,right_wrist_roll_joint,1415,1414,0,0,0.0,-0.10228947550058365,0.07503200322389603,0.04471668443852126,-0.079095885,0.107055083,0.037888333170924604,0.019728504227508548,0.022433382303722,0.06445545657497025,0.020401945299999932,1.01242733,-0.5,0.5625,0.4375,0.5625,-0.36164847741592554,0.7821267875838905,0.14030290894099223,0.16448580642235822
20261007_174626_general32_high_watering_walk_A501_on,general32_high_watering_walk_A501,on,FINAL_HOLD,27,26,right_wrist_pitch_joint,1415,1414,0,1398,0.9886845827439887,-0.22350260615348816,-0.10222423076629639,0.0077788544441913954,-0.216842577,-0.131670684,0.006323629125365971,0.006839797153488147,0.006959647153488152,0.045839086446418764,0.01840777,0.595184565,-0.237499997,0.200000003,0.106250003,0.237499997,-0.2800263512218966,0.1792131839428815,0.02726036069726087,0.04077070646461073
20261007_174626_general32_high_watering_walk_A501_on,general32_high_watering_walk_A501,on,FINAL_HOLD,28,28,right_wrist_yaw_joint,1415,1414,0,0,0.0,-0.09134603291749954,0.1506148874759674,0.042927054655781074,-0.083745763,0.147669628,0.04385496022403775,0.006956614264469141,0.016785173292024995,0.025096767078811644,0.079767004,0.423378706,-0.287499994,0.387499988,0.231250003,0.387499988,-0.3136074570757471,0.3752035477774215,0.027366234973555073,0.045820549497410525
20261007_174737_general32_high_watering_walk_A501_off,general32_high_watering_walk_A501,off,CONTROL_PREPLAY,0,0,left_hip_pitch_joint,148,148,0,0,0.0,-0.591711163520813,0.1762630045413971,0.11646759392519049,-0.272417933,0.001951564,0.07588064011907923,0.02725489094516373,0.21713502041730998,0.336593121520813,0.9447685689000003,2.574360609,-30.673828125,21.62109375,19.709472656250004,30.673828125,-30.747633261557706,22.139769279374278,0.30530867857849975,0.49176778060979526
20261007_174737_general32_high_watering_walk_A501_off,general32_high_watering_walk_A501,off,CONTROL_PREPLAY,1,3,left_hip_roll_joint,148,148,0,0,0.0,-0.22132731974124908,0.3512124717235565,0.10641996274804738,-0.079596557,0.208365723,0.0686110044633972,0.042911656245031356,0.18041323112974897,0.34420236993766784,1.1602622687500008,2.396555424,-24.609375,14.23828125,14.752441406250005,24.609375,-23.697696135878743,16.03220358202858,0.25621402403806126,0.6135805356041301
20261007_174737_general32_high_watering_walk_A501_off,general32_high_watering_walk_A501,off,CONTROL_PREPLAY,2,6,left_hip_yaw_joint,148,148,0,0,0.0,-0.44730010628700256,0.7229706645011902,0.14094184268620408,-0.168791458,0.351389945,0.08817171540165471,0.006061054844299314,0.2141351610632286,0.4437496365011902,1.6501387121000013,6.659522533,-6.991299629,8.221768379,5.872691631,8.221768379,-7.087863776431332,7.927646614211678,0.21856369682834811,0.3258446585328178
20261007_174737_general32_high_watering_walk_A501_off,general32_high_watering_walk_A501,off,CONTROL_PREPLAY,3,9,left_knee_joint,148,148,0,0,0.0,-0.11262410879135132,1.2633558511734009,0.18473330556234555,0.275784165,1.005422115,0.1593437176616638,0.03275416820713045,0.2889749999936005,0.5780034364437409,1.9419514896,7.688175678,-39.990234375,14.326171875,19.57763671875003,39.990234375,-39.476987361401015,13.949071802222097,0.313496723212608,1.0038514311889895
20261007_174737_general32_high_watering_walk_A501_off,general32_high_watering_walk_A501,off,CONTROL_PREPLAY,4,13,left_ankle_pitch_joint,148,148,6,0,0.04054054054054054,-0.9113203287124634,0.9527319669723511,0.3809227565487069,-0.72091347,-0.165758505,0.10514430624376034,0.43556419756659315,1.151148555622351,1.604635894353943,1.4796808302000009,5.37416029,-18.034315109,36.517288208,29.62428207410001,36.517288208,-18.311638281183754,42.1917493920506,0.2059439620190977,3.0300632745000944
20261007_174737_general32_high_watering_walk_A501_off,general32_high_watering_walk_A501,off,CONTROL_PREPLAY,5,17,left_ankle_roll_joint,148,148,0,0,0.0,-0.1808653324842453,0.3161649703979492,0.06771445157920612,-0.078412674,0.108325265,0.027456842973575656,0.04822338496444893,0.10494791697049677,0.21618610632551574,1.2797526063500002,4.014724255,-6.131718159,5.37381649,2.33589631325,6.131718159,-9.708441316094715,5.4187957315801984,0.25990540934193773,1.022117045169871
20261007_174737_general32_high_watering_walk_A501_off,general32_high_watering_walk_A501,off,CONTROL_PREPLAY,6,1,right_hip_pitch_joint,148,148,0,0,0.0,-0.6061484813690186,-0.04329369217157364,0.07819243326029464,-0.409487635,-0.245198309,0.03080212392245241,0.03192077587679293,0.1745164139570595,0.2607668568284264,0.8068330407000004,1.630792022,-23.37890625,22.67578125,16.954101562500004,23.37890625,-23.717778854644465,22.562628059649306,0.2743343767798774,0.6044597196191523
20261007_174737_general32_high_watering_walk_A501_off,general32_high_watering_walk_A501,off,CONTROL_PREPLAY,7,4,right_hip_roll_joint,148,148,0,0,0.0,-0.4252813458442688,0.2139720916748047,0.09307986013664316,-0.273542851,0.059211656,0.06898416236857546,0.03473946421489334,0.15468462657602236,0.2395897950469513,1.0635055424000002,2.785981894,-16.69921875,17.40234375,12.88916015625,17.40234375,-16.63277095780473,18.27487264470205,0.3957741124858323,0.8600199801989641
20261007_174737_general32_high_watering_walk_A501_off,general32_high_watering_walk_A501,off,CONTROL_PREPLAY,8,7,right_hip_yaw_joint,148,148,0,0,0.0,-0.2790362536907196,0.405608206987381,0.1096556291221763,-0.164599791,0.148449168,0.06527445950905926,0.035417548945583355,0.18355796708557431,0.327506668987381,1.4029564205000002,2.583243132,-6.096413612,9.452237129,6.1327682017,9.452237129,-6.413279524746642,9.468049104525194,0.24566792557771755,0.4070343982662902
20261007_174737_general32_high_watering_walk_A501_off,general32_high_watering_walk_A501,off,CONTROL_PREPLAY,9,10,right_knee_joint,148,148,0,0,0.0,0.12887580692768097,1.157838225364685,0.14795681260302643,0.579154432,0.990644813,0.07633893277815378,0.09950712346640012,0.3306996055484884,0.490630850072319,2.0570888636500007,4.319690228,-47.98828125,11.689453125,32.64257812500002,47.98828125,-48.51063602095812,10.873715925287215,0.41844668999920076,0.8274627272100765
20261007_174737_general32_high_watering_walk_A501_off,general32_high_watering_walk_A501,off,CONTROL_PREPLAY,10,14,right_ankle_pitch_joint,148,148,7,0,0.0472972972972973,-0.9452574253082275,0.9527319669723511,0.3798383199332114,-0.604596496,-0.17446427,0.08484148820219913,0.14455986010853195,1.2804570988519226,1.436407327972351,1.5173925695000003,3.131143808,-18.245843887,40.885528564,30.415676974800004,40.885528564,-18.521988876125427,41.07414287600618,0.18302785030613378,3.281178558012834
20261007_174737_general32_high_watering_walk_A501_off,general32_high_watering_walk_A501,off,CONTROL_PREPLAY,11,18,right_ankle_roll_joint,148,148,0,0,0.0,-0.16043135523796082,0.10870201140642166,0.03796290453836077,-0.00879391,0.07456138,0.013107893384752304,0.009913771272218107,0.07600629986334134,0.17263636923796083,0.4224416734000002,1.335672975,-5.081227303,1.915917397,1.9037685456000002,5.081227303,-4.707343483539129,2.1809242911710647,0.2574159769501619,0.544063818800241
20261007_174737_general32_high_watering_walk_A501_off,general32_high_watering_walk_A501,off,CONTROL_PREPLAY,12,2,waist_yaw_joint,148,148,0,0,0.0,-1.4356120824813843,0.2107640653848648,0.21710169916967492,-0.716935158,0.047152866,0.14113776585695526,0.016656665266202925,0.3472886483399261,1.247442766861267,3.8062983870000004,12.105417252,-25.727983475,17.394353867,7.684836673800011,25.727983475,-22.756765833041168,19.03122925518491,0.19851419853233385,0.44841379914678803
20261007_174737_general32_high_watering_walk_A501_off,general32_high_watering_walk_A501,off,CONTROL_PREPLAY,13,5,waist_roll_joint,148,148,0,0,0.0,-1.222433090209961,0.5342331528663635,0.22777888445486383,-0.490066409,0.204356074,0.14563618067352097,0.3072312693781242,0.8060703146593905,1.2670656742099609,2.1940885304999997,4.387450695,-30.930187225,26.858585358,21.142794609300008,30.930187225,-28.15215864679613,27.51706470889102,0.3884975637091248,1.6387006296677686
20261007_174737_general32_high_watering_walk_A501_off,general32_high_watering_walk_A501,off,CONTROL_PREPLAY,14,8,waist_pitch_joint,148,148,0,0,0.0,-0.7829656600952148,0.6505873799324036,0.20926845489519558,-0.148993462,0.073097974,0.029219816777260127,0.05665262970206547,0.5561676043310664,0.7586050183228149,0.9885631356500006,4.092732906,-18.606401443,21.384632111,14.227277326250002,21.384632111,-18.67396852850403,21.164253390864726,0.08159454975106045,1.166603516544619
20261007_174737_general32_high_watering_walk_A501_off,general32_high_watering_walk_A501,off,CONTROL_PREPLAY,15,11,left_shoulder_pitch_joint,148,148,1,0,0.006756756756756757,-0.5101190805435181,1.515731930732727,0.25118302540028226,0.128806457,0.775954604,0.0893005160881798,0.044742271157249436,0.8587962458896913,1.277828574543518,3.3979210853500077,7.404525757,-17.8125,15.9375,8.931250000000002,17.8125,-17.66432124159279,16.61652158077943,0.1638147033875465,0.42622263500984237
20261007_174737_general32_high_watering_walk_A501_off,general32_high_watering_walk_A501,off,CONTROL_PREPLAY,16,15,left_shoulder_roll_joint,148,148,0,0,0.0,-0.5239891409873962,0.742229700088501,0.1569358848552644,-0.112783544,0.299509764,0.0715382146362877,0.027600631419509886,0.32265892601312945,0.708386250088501,1.7869343221000002,3.747515202,-7.0,7.4375,3.9156250000000004,7.4375,-7.081669160098936,7.248995436157558,0.13216591542639505,0.2353939675327908
20261007_174737_general32_high_watering_walk_A501_off,general32_high_watering_walk_A501,off,CONTROL_PREPLAY,17,19,left_shoulder_yaw_joint,148,148,0,0,0.0,-0.02856823056936264,0.38444146513938904,0.07222777706286307,-0.03384345,0.350203037,0.07308968884921647,0.013721004268966663,0.09425466859106597,0.18606842283885194,1.3122439386000009,3.302660704,-1.625,1.0625,0.9156250000000004,1.625,-1.7279462194101827,0.8786467747908725,0.1424268275086545,0.2980657125628011
20261007_174737_general32_high_watering_walk_A501_off,general32_high_watering_walk_A501,off,CONTROL_PREPLAY,18,21,left_elbow_joint,148,148,0,0,0.0,-0.12065713852643967,1.5047856569290161,0.2412946698499421,0.577867329,1.21910727,0.13749831261922418,0.0926430223435516,0.4501126498123537,1.0824271965264396,3.207937443350001,9.320467949,-8.375,4.75,4.1875,8.375,-7.777354687058741,4.574091367033564,0.1147418974124329,0.34638173736679023
20261007_174737_general32_high_watering_walk_A501_off,general32_high_watering_walk_A501,off,CONTROL_PREPLAY,19,23,left_wrist_roll_joint,148,148,0,0,0.0,-0.29010671377182007,0.4006090760231018,0.10726510400691451,-0.15370968,0.344798148,0.0981592203074481,0.017522148567237855,0.13252941991150227,0.18373413946482087,2.3647848964500007,3.210621834,-0.5,0.3125,0.375,0.5,-0.3922760182471721,0.9204580108921951,0.1649041372496117,0.23125498076027137
20261007_174737_general32_high_watering_walk_A501_off,general32_high_watering_walk_A501,off,CONTROL_PREPLAY,20,25,left_wrist_pitch_joint,148,148,16,0,0.10810810810810811,-0.08285786956548691,0.22350260615348816,0.06751975380686495,-0.049363025,0.212743968,0.06933568944319884,0.005617574040031423,0.046363076070041705,0.08750435680918885,0.79951080965,3.031146049,-0.868749976,2.543750048,0.4621874958000001,2.543750048,-0.8311291333367106,2.6201691781956766,0.025370074012009407,0.06081724446722296
20261007_174737_general32_high_watering_walk_A501_off,general32_high_watering_walk_A501,off,CONTROL_PREPLAY,21,27,left_wrist_yaw_joint,148,148,73,0,0.49324324324324326,0.0,0.22350260615348816,0.04842297599845597,-0.004697816,0.213091508,0.04777804848056695,0.01044705515348815,0.040645111305355974,0.10150356600660705,0.5961049585500005,1.589204192,-0.162499994,0.193749994,0.15625,0.193749994,-0.1342516318696485,0.2218484540244292,0.025732533442008546,0.048367199999330805
20261007_174737_general32_high_watering_walk_A501_off,general32_high_watering_walk_A501,off,CONTROL_PREPLAY,22,12,right_shoulder_pitch_joint,148,148,0,144,0.972972972972973,-1.115731954574585,0.20000000298023224,0.18906862232909366,-1.352599621,0.191543877,0.2379253059709094,0.22536396957458493,0.4176682350049972,1.116630771574585,4.342546463400002,12.218157768,-10.5,8.6875,5.196875000000004,10.5,-10.006468134837695,9.98833012327508,0.2115769116985815,0.5867010009888024
20261007_174737_general32_high_watering_walk_A501_off,general32_high_watering_walk_A501,off,CONTROL_PREPLAY,23,16,right_shoulder_roll_joint,148,148,0,139,0.9391891891891891,-1.515731930732727,-0.07231677323579788,0.2385097449424398,-1.528611898,-0.154129118,0.27468750289095367,0.22051286673272696,0.5021153229838655,1.269767686732727,3.0286918402500014,17.245012283,-17.25,12.5,6.809375000000001,17.25,-17.090725489958576,14.046841867780149,0.11172931183399548,0.3656692604620399
20261007_174737_general32_high_watering_walk_A501_off,general32_high_watering_walk_A501,off,CONTROL_PREPLAY,24,20,right_shoulder_yaw_joint,148,148,2,0,0.013513513513513514,-0.5160949230194092,1.3157318830490112,0.24430610908807218,-0.114029907,0.800905764,0.12420827094163758,0.11924343569493484,0.5554171005859754,0.99158315355896,7.009602141150008,9.792933464,-7.75,8.5,4.753125000000006,8.5,-8.315278792995798,8.50927017929202,0.19466920650437047,0.8827623916131883
20261007_174737_general32_high_watering_walk_A501_off,general32_high_watering_walk_A501,off,CONTROL_PREPLAY,25,22,right_elbow_joint,148,148,0,6,0.04054054054054054,-0.7157319188117981,0.987848162651062,0.2429236924940189,-0.204882309,0.813812792,0.1468826473153065,0.016741346630739215,0.5037805854910798,1.2242106198117981,4.677721095200001,11.236410141,-10.5625,5.25,4.162500000000001,10.5625,-9.676457841571295,4.625363100933461,0.14497002608724285,0.5691959238205826
20261007_174737_general32_high_watering_walk_A501_off,general32_high_watering_walk_A501,off,CONTROL_PREPLAY,26,24,right_wrist_roll_joint,148,148,2,0,0.013513513513513514,-0.09774329513311386,1.3157318830490112,0.24699217644780094,-0.04878778,1.103699207,0.2187059077309459,0.025420609796497344,0.24705565272075589,0.6993779542562866,4.258867716950001,13.304216385,-0.6875,0.3125,0.5,0.6875,-2.1033179468445002,0.7383133422182793,0.1871380480731258,0.5852906989478235
20261007_174737_general32_high_watering_walk_A501_off,general32_high_watering_walk_A501,off,CONTROL_PREPLAY,27,26,right_wrist_pitch_joint,148,148,124,0,0.8378378378378378,-0.0482097826898098,0.22350260615348816,0.07219375542771972,-0.031135017,0.221648246,0.07316154838380179,0.002573415153488162,0.0583485158139023,0.0729823861198654,1.0090526313000012,1.362174988,-0.768750012,0.681249976,0.35812500570000005,0.768750012,-0.8381735653505558,0.6760175003786658,0.02557239762413477,0.06829351579815818
20261007_174737_general32_high_watering_walk_A501_off,general32_high_watering_walk_A501,off,CONTROL_PREPLAY,28,28,right_wrist_yaw_joint,148,148,133,0,0.8986486486486487,-0.1383901983499527,0.22350260615348816,0.07650298280310679,-0.087712541,0.218628228,0.07424659225466712,0.004934311153488163,0.07535459535087624,0.10121870833444215,1.1480312228500005,1.552388668,-0.25,0.268750012,0.125,0.268750012,-0.26598440013329266,0.24520734526077942,0.023661785121418907,0.043585204037550576
20261007_174737_general32_high_watering_walk_A501_off,general32_high_watering_walk_A501,off,PLAY,0,0,left_hip_pitch_joint,765,765,0,0,0.0,-0.278058797121048,0.14454235136508942,0.07556942153166758,-0.237085253,0.105282217,0.07934692286913289,0.07348000672951699,0.24209030137541576,0.31091155112104796,0.6878779171999999,1.518436432,-33.22265625,30.76171875,24.08203125,33.22265625,-33.26766089279451,31.451984300194134,0.3130566826309411,0.6338509634334081
20261007_174737_general32_high_watering_walk_A501_off,general32_high_watering_walk_A501,off,PLAY,1,3,left_hip_roll_joint,765,765,0,0,0.0,-0.24302755296230316,0.37636086344718933,0.12501765183243108,-0.067350276,0.319306612,0.08834411820495239,0.1491161066417122,0.27069703776782533,0.41968729744718936,0.4655665872,0.839939713,-30.498046875,39.90234375,26.103515625,39.90234375,-30.631170251419768,40.4342026109309,0.2223063990216012,0.4931801995361387
20261007_174737_general32_high_watering_walk_A501_off,general32_high_watering_walk_A501,off,PLAY,2,6,left_hip_yaw_joint,765,765,0,0,0.0,-0.16055677831172943,0.41085606813430786,0.12198786385524883,-0.10937161,0.229912058,0.09386499162380355,0.05337007383883666,0.15412167973898275,0.28933800713430785,0.5492177007999994,1.083350897,-6.767578125,11.969105721,6.040482998,11.969105721,-6.9840930978654585,11.835843143528304,0.1773992377774154,0.2927454252508281
20261007_174737_general32_high_watering_walk_A501_off,general32_high_watering_walk_A501,off,PLAY,3,9,left_knee_joint,765,765,0,0,0.0,0.06079844385385513,0.948613166809082,0.14524048833534509,0.14394705,0.754113495,0.10847734932897148,0.05633866743777466,0.23001625204561313,0.494249463071228,1.157371496799999,5.196718216,-24.08203125,26.71875,20.126953125,26.71875,-23.775471071004503,27.317619595979433,0.3327471894060281,0.716789515936852
20261007_174737_general32_high_watering_walk_A501_off,general32_high_watering_walk_A501,off,PLAY,4,13,left_ankle_pitch_joint,765,765,2,0,0.00261437908496732,-0.3085660934448242,0.9527319669723511,0.29619745551228066,-0.327711731,0.338513255,0.1459331742253483,0.2858628033622894,0.7800446160455505,1.2359434664186097,0.9334532023999998,3.047337532,-7.507504463,34.349197388,21.267620468399993,34.349197388,-7.740713509561896,34.88692385595018,0.20911780741769714,1.117535028660152
20261007_174737_general32_high_watering_walk_A501_off,general32_high_watering_walk_A501,off,PLAY,5,17,left_ankle_roll_joint,765,765,0,0,0.0,-0.19641588628292084,0.19529379904270172,0.06859643903340373,-0.187943369,0.022400992,0.04181420568247912,0.027632444862384795,0.12612417146828,0.17906236504270173,0.3481461405999998,1.02617538,-2.817106247,5.120316029,3.4108571533999985,5.120316029,-2.7013236583029427,5.564129262725932,0.2553159490413325,0.5099539912790837
20261007_174737_general32_high_watering_walk_A501_off,general32_high_watering_walk_A501,off,PLAY,6,1,right_hip_pitch_joint,765,765,0,0,0.0,-0.5647268891334534,0.1764455884695053,0.1289079449476035,-0.383341789,0.1137532,0.09748797535477156,0.07920828420398712,0.3119682892598813,0.4893782143757324,0.7075128911999999,2.076941967,-45.087890625,33.046875,29.88281249999998,45.087890625,-45.59228365971139,32.78794916897404,0.3179051538861888,0.6754890415046677
20261007_174737_general32_high_watering_walk_A501_off,general32_high_watering_walk_A501,off,PLAY,7,4,right_hip_roll_joint,765,765,0,0,0.0,-0.5199039578437805,0.13963812589645386,0.14041735695683863,-0.361278027,0.040880587,0.08295722920279772,0.08528490392533111,0.37834572769461966,0.47758903757910154,0.5862124801999998,1.109375,-44.82421875,15.1171875,36.19335937499999,44.82421875,-44.68548182169562,15.6187920647565,0.3809209579501758,0.6021260032484338
20261007_174737_general32_high_watering_walk_A501_off,general32_high_watering_walk_A501,off,PLAY,8,7,right_hip_yaw_joint,765,765,0,0,0.0,-0.4790904223918915,0.17951036989688873,0.11284010734420734,-0.350117713,-0.040081944,0.08006261588280342,0.05834448289562988,0.222156601801091,0.41693529489688874,0.5190484639999998,1.153631449,-11.745383263,16.779119492,9.441051101599998,16.779119492,-11.988825869127261,16.528525589326517,0.2250157284742027,0.3373119069485761
20261007_174737_general32_high_watering_walk_A501_off,general32_high_watering_walk_A501,off,PLAY,9,10,right_knee_joint,765,765,0,0,0.0,-0.060678303241729736,1.0884616374969482,0.18341522573939364,0.13847585,0.944957733,0.17467157263893873,0.08979707954362487,0.41250142119800554,0.47710194127899597,1.1102475403999998,4.067708015,-47.63671875,25.048828125,39.761718749999986,47.63671875,-48.237384197081866,24.774663881137027,0.3650910094012447,0.7765796556587655
20261007_174737_general32_high_watering_walk_A501_off,general32_high_watering_walk_A501,off,PLAY,10,14,right_ankle_pitch_joint,765,765,0,0,0.0,-0.8691710829734802,0.905937135219574,0.29041568178789,-0.480800092,-0.039280217,0.12067558591931218,0.14520650753320885,0.8097550096745206,1.283142119219574,0.4951453269999999,2.190984249,-16.409366608,35.244049072,22.778539657399993,35.244049072,-16.685409448830917,36.17451137980275,0.1926984927929194,0.8480464603715175
20261007_174737_general32_high_watering_walk_A501_off,general32_high_watering_walk_A501,off,PLAY,11,18,right_ankle_roll_joint,765,765,0,0,0.0,-0.26602864265441895,0.13419628143310547,0.08024129240907152,-0.154085308,0.141482934,0.06844110669416781,0.02393076528404236,0.06180219759167611,0.18392769965441896,0.370160687,3.088701725,-5.516652584,1.240613699,2.0529954431999933,5.516652584,-5.819156696794539,1.519456876212257,0.2662906484793342,0.4698803453137699
20261007_174737_general32_high_watering_walk_A501_off,general32_high_watering_walk_A501,off,PLAY,12,2,waist_yaw_joint,765,765,0,0,0.0,-0.17688123881816864,0.2713019847869873,0.08106451364324373,-0.137494594,0.164613187,0.07991662098517158,0.030640385621166236,0.114567085594664,0.23691064127877043,0.6390398259999999,1.355902672,-9.228515625,5.98455286,4.4073153493999975,9.228515625,-9.115502092908766,6.312460731672969,0.2037452910772959,0.3274569454950721
20261007_174737_general32_high_watering_walk_A501_off,general32_high_watering_walk_A501,off,PLAY,13,5,waist_roll_joint,765,765,0,0,0.0,-0.4347536265850067,0.7738390564918518,0.20048779259839003,-0.478030086,0.273243219,0.22245926207530747,0.2637394371415558,0.6725391148312317,0.9674453284918518,0.4593239726,1.584818721,-5.728212833,25.911331177,18.553997421399995,25.911331177,-5.409652035732779,26.00121285864939,0.36429228771780675,0.6190216609715662
20261007_174737_general32_high_watering_walk_A501_off,general32_high_watering_walk_A501,off,PLAY,14,8,waist_pitch_joint,765,765,0,0,0.0,-0.398082971572876,0.44939184188842773,0.146774791086282,-0.173410058,0.004794536,0.05395279374180145,0.09865071251851654,0.3877620755761931,0.5291750282096405,0.34517505799999976,0.808322728,-6.439654827,14.533901215,10.521526909,14.533901215,-6.9856654670890705,14.705187191887418,0.08738578322384027,0.38434264089105297
20261007_174737_general32_high_watering_walk_A501_off,general32_high_watering_walk_A501,off,PLAY,15,11,left_shoulder_pitch_joint,765,765,0,0,0.0,0.22709286212921143,0.8344987034797668,0.11746103981628221,0.219598949,0.656867385,0.10305453983061823,0.06776806686001588,0.1499466298620117,0.2488056424797669,0.6065360065999991,1.497165322,-1.75,3.1875,1.875,3.1875,-1.6619912064490754,3.363408590077925,0.17530769415107428,0.24561347674057957
20261007_174737_general32_high_watering_walk_A501_off,general32_high_watering_walk_A501,off,PLAY,16,15,left_shoulder_roll_joint,765,765,0,0,0.0,-0.03766898438334465,0.7335096597671509,0.15159349658746332,0.055391088,0.424121737,0.08024487509316873,0.05108833295561982,0.2034045274617248,0.30944785476715087,0.46264863599999984,0.820679784,-3.0,4.1875,2.8125,4.1875,-2.9038959127875748,4.42095793909457,0.15470715742297603,0.2339888710440607
20261007_174737_general32_high_watering_walk_A501_off,general32_high_watering_walk_A501,off,PLAY,17,19,left_shoulder_yaw_joint,765,765,0,0,0.0,0.041686657816171646,0.6314032673835754,0.1513659653221859,0.094184026,0.593542695,0.15764167130794438,0.024562745917419415,0.06386255003969114,0.08568929093219757,0.6988816737999994,1.547786713,-0.9375,1.3125,0.8125,1.3125,-1.0909880505968643,1.1692928959670552,0.14235595365809517,0.22018511575103014
20261007_174737_general32_high_watering_walk_A501_off,general32_high_watering_walk_A501,off,PLAY,18,21,left_elbow_joint,765,765,0,0,0.0,0.36248165369033813,0.9576528072357178,0.1734659004594486,0.460829407,0.94557935,0.1535111781656195,0.042036532897949175,0.12013208847083129,0.16678580616969296,0.7924545169999998,1.630621672,-2.0625,0.125,1.5,2.0625,-1.941372568355717,0.30153951578555416,0.11832480308046667,0.1867944063538252
20261007_174737_general32_high_watering_walk_A501_off,general32_high_watering_walk_A501,off,PLAY,19,23,left_wrist_roll_joint,765,765,0,0,0.0,-0.06741533428430557,0.3856496512889862,0.07928590044374476,-0.037906103,0.343851388,0.07507959910935279,0.01671865535301209,0.04536761591006163,0.07080081122161863,0.631693292,1.093728304,-0.5,0.375,0.375,0.5,-0.4161661613288167,0.5458195502856928,0.1425543168851462,0.20624746393857685
20261007_174737_general32_high_watering_walk_A501_off,general32_high_watering_walk_A501,off,PLAY,20,25,left_wrist_pitch_joint,765,765,433,0,0.5660130718954248,0.03660547360777855,0.22350260615348816,0.05650128079499017,0.052838448,0.214469701,0.05156900679877344,0.00996768515348817,0.01956434255954895,0.031166359916999814,0.13499032,0.454058319,-0.400000006,0.287499994,0.256249994,0.400000006,-0.3757703538033622,0.31003479639017206,0.02598541049166958,0.0449170790697361
20261007_174737_general32_high_watering_walk_A501_off,general32_high_watering_walk_A501,off,PLAY,21,27,left_wrist_yaw_joint,765,765,230,0,0.3006535947712418,0.09556152671575546,0.22350260615348816,0.03545382052714937,0.106995165,0.213127464,0.03045951846989743,0.010435060153488163,0.01982996140374604,0.03295333717430879,0.251572847,0.521553516,-0.212500006,0.181250006,0.162499994,0.212500006,-0.20490888426740234,0.20585685169840376,0.027397777706693494,0.04730506645987079
20261007_174737_general32_high_watering_walk_A501_off,general32_high_watering_walk_A501,off,PLAY,22,12,right_shoulder_pitch_joint,765,765,0,576,0.7529411764705882,-1.115731954574585,0.44745832681655884,0.5320726787334088,-1.375777125,0.254964381,0.48774069607485077,0.14926409757458492,0.260040378225415,0.7853849830806885,1.673879933599999,6.102175713,-5.3125,6.4375,3.674999999999997,6.4375,-5.689777637334579,5.656191761511726,0.16767574525598672,0.3323698612744399
20261007_174737_general32_high_watering_walk_A501_off,general32_high_watering_walk_A501,off,PLAY,23,16,right_shoulder_roll_joint,765,765,0,563,0.7359477124183007,-1.515731930732727,-0.02978719025850296,0.46264628252548484,-1.653787136,-0.297244728,0.41691877437514574,0.13275229973272706,0.2508502182711515,0.7073022720841369,1.1986526731999982,3.491340399,-4.0625,8.75,3.75,8.75,-4.049977128148687,9.072179156591758,0.11750423390819398,0.2543561939556713
20261007_174737_general32_high_watering_walk_A501_off,general32_high_watering_walk_A501,off,PLAY,24,20,right_shoulder_yaw_joint,765,765,0,0,0.0,-0.3062075674533844,0.9967473745346069,0.27666061324891755,-0.442577451,0.65932411,0.23721258450265345,0.08615130151313782,0.26379951256986695,0.41767381123137665,1.4293633221999986,3.833418131,-4.25,5.625,3.25,5.625,-4.192899428329715,5.956795751304343,0.1565952986720689,0.2571968534468495
20261007_174737_general32_high_watering_walk_A501_off,general32_high_watering_walk_A501,off,PLAY,25,22,right_elbow_joint,765,765,0,0,0.0,-0.4006553888320923,1.2220896482467651,0.4110618320191182,-0.237443462,1.201442599,0.3925247491078711,0.04784929797169496,0.23083026105978996,0.5104579178963546,1.7726682188,3.120116949,-5.5625,2.0,2.9375,5.5625,-5.626614856626126,1.8577512820921223,0.15375901623293392,0.31480614345296365
20261007_174737_general32_high_watering_walk_A501_off,general32_high_watering_walk_A501,off,PLAY,26,24,right_wrist_roll_joint,765,765,0,0,0.0,-0.5103653073310852,0.36438649892807007,0.16330273120639371,-0.482544839,0.268230915,0.15621347909493108,0.025349945014144892,0.08280945090300565,0.11565025148346711,1.2182875635999995,2.790311098,-0.9375,1.25,0.6875,1.25,-0.84840219207935,1.5984608363092747,0.14000329469595063,0.2506995227199344
20261007_174737_general32_high_watering_walk_A501_off,general32_high_watering_walk_A501,off,PLAY,27,26,right_wrist_pitch_joint,765,765,565,0,0.738562091503268,-0.0641101598739624,0.22350260615348816,0.07759497894458316,-0.044245761,0.263700902,0.07901670254761489,0.008300356445198054,0.03556136927338352,0.07008276841483307,0.263844699,0.773126364,-1.131250024,0.668749988,0.46875,1.131250024,-1.1627636029633024,0.6649598754493787,0.025170355329991283,0.04787861709113271
20261007_174737_general32_high_watering_walk_A501_off,general32_high_watering_walk_A501,off,PLAY,28,28,right_wrist_yaw_joint,765,765,586,67,0.85359477124183,-0.22350260615348816,0.22350260615348816,0.1678607441937177,-0.214913115,0.21892783,0.1643313330792999,0.004706606153488169,0.01760074194713437,0.06777315031373118,0.1521708967999997,1.043107033,-0.237499997,0.362500012,0.168750003,0.362500012,-0.2787964340325676,0.33541393535904573,0.026878995947621165,0.04664087864884582
20261007_174737_general32_high_watering_walk_A501_off,general32_high_watering_walk_A501,off,FINAL_HOLD,0,0,left_hip_pitch_joint,612,611,0,0,0.0,-0.09799780696630478,-0.05375347658991814,0.016980895846938324,-0.052453622,-0.037582528,0.006507402992006213,0.0038377977021741873,0.05791638465964164,0.06032153596630478,0.030543264,0.09272062,-6.240234375,-0.263671875,5.888671875,6.240234375,-5.936478305383565,-0.11434857849468885,0.2904297476210759,0.398015204055556
20261007_174737_general32_high_watering_walk_A501_off,general32_high_watering_walk_A501,off,FINAL_HOLD,1,3,left_hip_roll_joint,612,611,0,0,0.0,-0.06428825855255127,-0.050345633178949356,0.0043021287477983,0.068696775,0.100501306,0.01246296839794445,0.1533688604628067,0.15539394167269885,0.16022540650307082,0.052359883,0.121082224,-16.259765625,-13.18359375,15.732421875,16.259765625,-16.004086814169707,-12.976789495255296,0.20948823360347202,0.35832823868088637
20261007_174737_general32_high_watering_walk_A501_off,general32_high_watering_walk_A501,off,FINAL_HOLD,2,6,left_hip_yaw_joint,612,611,0,0,0.0,-0.11189483106136322,-0.04463426023721695,0.025892202493771728,-0.109679624,-0.10725569,0.0004353477859296879,0.0003509370467700973,0.061282425705096906,0.06286248576278305,0.022284115,0.046282392,0.0,2.684659004,2.628728628,2.684659004,-0.22617896736908905,2.526674263837531,0.18530529953019845,0.24369307913622204
20261007_174737_general32_high_watering_walk_A501_off,general32_high_watering_walk_A501,off,FINAL_HOLD,3,9,left_knee_joint,612,611,0,0,0.0,0.1215410828590393,0.18447402119636536,0.023744315239503638,0.170808762,0.175581142,0.0006428869982941575,0.007204078123546606,0.048665552847348595,0.05091244014096069,0.027270772,0.047996558,-5.44921875,0.791015625,5.185546875,5.44921875,-5.223168139417102,1.2687265979474414,0.31100275203581995,0.4437575389206525
20261007_174737_general32_high_watering_walk_A501_off,general32_high_watering_walk_A501,off,FINAL_HOLD,4,13,left_ankle_pitch_joint,612,611,0,0,0.0,-0.0683382898569107,0.172640860080719,0.08583051657193022,-0.180649698,-0.168130025,0.00498488675984656,0.3273824606721726,0.33736728197471005,0.353207365080719,0.010213325099999997,0.046244543,2.75194478,9.816386223,9.463232994,9.816386223,2.904595726178313,10.04971300286756,0.14455139904282,0.22607601168883923
20261007_174737_general32_high_watering_walk_A501_off,general32_high_watering_walk_A501,off,FINAL_HOLD,5,17,left_ankle_roll_joint,612,611,0,0,0.0,-0.12307277321815491,-0.10721844434738159,0.005806805886977681,-0.094886333,-0.076674432,0.007237475509679333,0.027100261409044264,0.030838053941060067,0.031218595729198453,0.016438862949999994,0.074459277,-1.160371184,-0.866723955,1.120409727,1.160371184,-0.9145167946610511,-0.6874937466998866,0.22957013137614618,0.27940173772135773
20261007_174737_general32_high_watering_walk_A501_off,general32_high_watering_walk_A501,off,FINAL_HOLD,6,1,right_hip_pitch_joint,612,611,0,0,0.0,-0.04267276078462601,-0.01497326698154211,0.002631377601172757,-0.082911663,-0.062663116,0.00876170300989934,0.056576658883484364,0.05756106047448478,0.05933921596245098,0.023998279,0.115628064,2.8125,6.064453125,5.888671875,6.064453125,2.4679919251046423,5.894976641069148,0.2499652900651277,0.3655807997183767
20261007_174737_general32_high_watering_walk_A501_off,general32_high_watering_walk_A501,off,FINAL_HOLD,7,4,right_hip_roll_joint,612,611,0,0,0.0,-0.011467103846371174,0.0012800822732970119,0.0028205728115406033,-0.139890522,-0.111358479,0.011178086010371888,0.1019707671130414,0.13378141258074425,0.13448552982919906,0.047396600399999926,0.128718033,9.228515625,12.919921875,12.783691406249995,12.919921875,9.50848455934872,13.4430274181079,0.42798858347782076,0.5713169288400562
20261007_174737_general32_high_watering_walk_A501_off,general32_high_watering_walk_A501,off,FINAL_HOLD,8,7,right_hip_yaw_joint,612,611,0,0,0.0,-0.39524349570274353,-0.3445203900337219,0.011667033674785294,-0.347425938,-0.344586879,0.0007486854809505312,0.025844693390136703,0.049503647801853935,0.05053609570274353,0.029140765,0.083993971,-1.845703125,0.279651999,1.733842373,1.845703125,-2.1157429051849372,0.07164676524359684,0.21857376245989135,0.3070765221962268
20261007_174737_general32_high_watering_walk_A501_off,general32_high_watering_walk_A501,off,FINAL_HOLD,9,10,right_knee_joint,612,611,0,0,0.0,0.18842214345932007,0.21577338874340057,0.008191264290575751,0.172138214,0.173970461,0.00033523262018166924,0.040045522147815704,0.04134280543863944,0.04243238318776704,0.020725787,0.039269909,1.845703125,4.482421875,4.306640625,4.482421875,1.5023146817220494,4.260037105083537,0.2840194226820678,0.3938345074919385
20261007_174737_general32_high_watering_walk_A501_off,general32_high_watering_walk_A501,off,FINAL_HOLD,10,14,right_ankle_pitch_joint,612,611,0,0,0.0,-0.009818579070270061,0.14965380728244781,0.05258596248071592,-0.080132194,-0.065137088,0.005892797732658218,0.21030882011273955,0.2164565290314415,0.22967612028244783,0.010616073649999946,0.060006987,1.577017546,6.344902992,5.997181416,6.344902992,1.6875535526889285,6.541961628017322,0.1567950864357046,0.22834085448728686
20261007_174737_general32_high_watering_walk_A501_off,general32_high_watering_walk_A501,off,FINAL_HOLD,11,18,right_ankle_roll_joint,612,611,0,0,0.0,0.07560109347105026,0.0940910279750824,0.006378317783716226,0.060263485,0.071405083,0.002908093326162273,0.013537719466672891,0.023101585158580202,0.027040332221675872,0.017334430099999944,0.082315154,0.004655198,0.451557785,0.397886038,0.451557785,0.33216164084582744,0.7971622898658471,0.28514479476972077,0.3404839307326396
20261007_174737_general32_high_watering_walk_A501_off,general32_high_watering_walk_A501,off,FINAL_HOLD,12,2,waist_yaw_joint,612,611,0,0,0.0,0.05658378079533577,0.0773388221859932,0.003699294876190583,0.067294277,0.071110964,0.0012056296112997655,0.0022625068632907835,0.005769002813598442,0.01296491915745926,0.022284115,0.042854067,-0.727095187,0.111860797,0.447443187,0.727095187,-0.49022808764087156,0.2765555782637726,0.19478019136191,0.24958200991601007
20261007_174737_general32_high_watering_walk_A501_off,general32_high_watering_walk_A501,off,FINAL_HOLD,13,5,waist_roll_joint,612,611,0,0,0.0,-0.04393106698989868,0.021542688831686974,0.008839027438685528,0.045435075,0.05716382,0.0035713514707300547,0.05079156341625822,0.0678079382483771,0.09006417198989869,0.019298102599999995,0.069687217,-2.739787579,-1.095276237,2.0802168846,2.739787579,-2.5210481404990914,-0.9313158330625646,0.1851614677965564,0.23297600626654652
20261007_174737_general32_high_watering_walk_A501_off,general32_high_watering_walk_A501,off,FINAL_HOLD,14,8,waist_pitch_joint,612,611,0,0,0.0,-0.06864192336797714,0.044629618525505066,0.04056383760120526,-0.006474345,0.004719615,0.004819676204050239,0.06671895409325504,0.06961314777827339,0.07309316236797714,0.01036464149999999,0.095010042,-2.040901423,1.37916255,2.039260864,2.040901423,-2.0914518070526977,1.4178614668324803,0.03245501816674612,0.09056331736065894
20261007_174737_general32_high_watering_walk_A501_off,general32_high_watering_walk_A501,off,FINAL_HOLD,15,11,left_shoulder_pitch_joint,612,611,0,0,0.0,0.33800390362739563,0.3866768777370453,0.01790284677086885,0.296477735,0.297688156,0.0004545737437981547,0.08544066571150205,0.08693127509628219,0.08910855673704526,0.014496119449999895,0.027611656,0.4375,1.125,1.0625,1.125,0.5981314681527382,1.2649544267128032,0.17439587588602978,0.22696947217063643
20261007_174737_general32_high_watering_walk_A501_off,general32_high_watering_walk_A501,off,FINAL_HOLD,16,15,left_shoulder_roll_joint,612,611,0,0,0.0,0.2647962272167206,0.3084138035774231,0.01474609651321314,0.184281439,0.185096353,0.0003060603885427524,0.11513966344275665,0.1182711154390335,0.12335339157742309,0.013805828,0.024543693,0.9375,1.5625,1.5,1.5625,1.139915378689753,1.752295998564241,0.19666631139066315,0.22101411914138147
20261007_174737_general32_high_watering_walk_A501_off,general32_high_watering_walk_A501,off,FINAL_HOLD,17,19,left_shoulder_yaw_joint,612,611,0,0,0.0,0.0877392441034317,0.11299290508031845,0.004440582751257768,0.102608934,0.105221495,0.0009591451624109853,0.003126427347175595,0.006380459860625258,0.015049457896568294,0.01840777,0.036815539,-0.0625,0.25,0.1875,0.25,-0.21028916005083623,0.12084692449524925,0.13901502963642115,0.15730981562748542
20261007_174737_general32_high_watering_walk_A501_off,general32_high_watering_walk_A501,off,FINAL_HOLD,18,21,left_elbow_joint,612,611,0,0,0.0,0.9035055041313171,0.9410190582275391,0.006160245019329663,0.942786992,0.945291698,0.0002948154552820468,0.006232767919021609,0.01872268299232788,0.04003649986868285,0.016030100449999894,0.046019424,-0.6875,-0.1875,0.375,0.6875,-0.546886792753636,-0.05313611605259058,0.10959740601116905,0.16257242213419199
20261007_174737_general32_high_watering_walk_A501_off,general32_high_watering_walk_A501,off,FINAL_HOLD,19,23,left_wrist_roll_joint,612,611,0,0,0.0,0.2318366914987564,0.2624727785587311,0.005946258424665441,0.242321029,0.243555412,0.00033641451309198843,0.001667842572250361,0.015494182606872546,0.01900126055873108,0.013805828,0.027611656,-0.3125,0.0625,0.1875,0.3125,-0.1619333013664958,0.2871718375170073,0.11684512561504795,0.16406078247401215
20261007_174737_general32_high_watering_walk_A501_off,general32_high_watering_walk_A501,off,FINAL_HOLD,20,25,left_wrist_pitch_joint,612,611,0,0,0.0,0.14298015832901,0.18231923878192902,0.013973836623224593,0.142528385,0.170104086,0.010687002679776469,0.0038110837821464516,0.012223116835785289,0.015280529648498548,0.01840777,0.190213621,-0.125,0.193749994,0.181250006,0.193749994,-0.06470877719897367,0.23869361958941937,0.02477221591282039,0.042227429659676956
20261007_174737_general32_high_watering_walk_A501_off,general32_high_watering_walk_A501,off,FINAL_HOLD,21,27,left_wrist_yaw_joint,612,611,0,0,0.0,0.16266824305057526,0.2193487584590912,0.02090008038008446,0.165178582,0.212036893,0.019131487917644078,0.0027745217746734524,0.008165979673215104,0.015486418988929745,0.024543693,0.214757323,-0.081249997,0.181250006,0.106250003,0.181250006,-0.04970283841387703,0.2110112342073469,0.027701173642737775,0.04476145081150041
20261007_174737_general32_high_watering_walk_A501_off,general32_high_watering_walk_A501,off,FINAL_HOLD,22,12,right_shoulder_pitch_joint,612,611,0,0,0.0,0.03415544703602791,0.07786184549331665,0.007995008676719678,0.051795822,0.055427041,0.00043241395696391846,0.005614597623252872,0.01268194583719177,0.02399275449331665,0.014496119449999895,0.053689331,-0.0625,0.4375,0.25,0.4375,-0.22233018632055898,0.3057284679705947,0.11724953659462103,0.16490795178805046
20261007_174737_general32_high_watering_walk_A501_off,general32_high_watering_walk_A501,off,FINAL_HOLD,23,16,right_shoulder_roll_joint,612,611,0,0,0.0,-0.4212626814842224,-0.40204524993896484,0.002868804822747543,-0.302397966,-0.302098364,7.8912441728203e-05,0.10868655179904937,0.11052466498064652,0.11892464748422243,0.012271847,0.021475732,-1.8125,-1.5,1.6875,1.8125,-1.696141949535308,-1.4179698371261662,0.12969106378387318,0.1498026288122623
20261007_174737_general32_high_watering_walk_A501_off,general32_high_watering_walk_A501,off,FINAL_HOLD,24,20,right_shoulder_yaw_joint,612,611,0,0,0.0,-0.0008763280347920954,0.019337916746735573,0.005098388590690092,-0.000323574,0.005177185,0.002306986578030932,0.00025517093815770743,0.012928288400246523,0.01698317080418873,0.012271847,0.062893212,0.0,0.375,0.27812499999999574,0.375,-0.016568623086396284,0.2391326571008333,0.09987628372224022,0.1638952402121116
20261007_174737_general32_high_watering_walk_A501_off,general32_high_watering_walk_A501,off,FINAL_HOLD,25,22,right_elbow_joint,612,611,0,0,0.0,1.157981514930725,1.1850186586380005,0.008996640664187159,1.198027015,1.200244069,0.0005663464765897893,0.016901731355987604,0.03615054467521661,0.040129423069274806,0.021475732,0.042951465,-0.4375,-0.0625,0.4375,0.4375,-0.5746525945899639,-0.206221866356673,0.17511990081509782,0.2079147092284758
20261007_174737_general32_high_watering_walk_A501_off,general32_high_watering_walk_A501,off,FINAL_HOLD,26,24,right_wrist_roll_joint,612,611,0,0,0.0,-0.2518306076526642,-0.2081199288368225,0.00862704501497571,-0.236520663,-0.227927983,0.0021771528464492483,0.013581007448944082,0.01436294969500503,0.019903928163177487,0.021475732,0.147262156,-0.375,0.125,0.375,0.375,-0.23161504021854043,0.2864266967647035,0.11982314117113979,0.17643328466522282
20261007_174737_general32_high_watering_walk_A501_off,general32_high_watering_walk_A501,off,FINAL_HOLD,27,26,right_wrist_pitch_joint,612,611,0,0,0.0,0.10471225529909134,0.16787999868392944,0.024285730204139662,0.091619402,0.157125175,0.025887339389589686,0.013940807119897841,0.015161764884920697,0.016584083054336535,0.030679617,0.208621398,-0.037500001,0.293749988,0.28125,0.293749988,-0.054290220112332366,0.2794484516521344,0.025873803402308368,0.04256525206893051
20261007_174737_general32_high_watering_walk_A501_off,general32_high_watering_walk_A501,off,FINAL_HOLD,28,28,right_wrist_yaw_joint,612,611,0,0,0.0,-0.11774348467588425,-0.10758859664201736,0.0027722677992797775,-0.118464068,-0.117804937,0.00012288684631502596,0.009877898190896989,0.010138411997386933,0.010255076357345586,0.01840777,0.036815539,0.03125,0.231250003,0.200000003,0.231250003,-0.00554833217931322,0.20814914845537763,0.02769130295563521,0.04682130864878369
