run_id,profile,mode,phase,event,hardware_index,isaaclab_index,joint,control_tick,state_csv_index,raw_source_csv_index,wall_ms,steady_ns,nominal_frame_reconstructed,raw_action_current,new_q_target_rad,held_q_target_rad,actual_q_rad,actual_dq_rad_s,tau_est_Nm,held_kp,held_kd,nominal_pd_demand_Nm,writer_age_ms,human_event
20261007_141649_general32_onehand_A508_on,general32_onehand_A508,on,CONTROL_PREPLAY,largest_held_target_error,0,0,left_hip_pitch_joint,6,5,6,1791353823133.292,1642785614145000,0,1.07171762,0.0638100728392601,0.08890663087368011,-0.39494893,1.664607763,37.353515625,99.09842681884766,6.308801651000977,37.447644686649426,0.119941,unknown; numeric event only
20261007_141649_general32_onehand_A508_on,general32_onehand_A508,on,CONTROL_PREPLAY,largest_held_target_error,1,3,left_hip_roll_joint,6,5,6,1791353823133.292,1642785614145000,0,2.109485388,0.7397152185440063,0.7654179930686951,0.055845421,0.383972466,67.412109375,99.09842681884766,6.308801651000977,67.89511947837137,0.119941,unknown; numeric event only
20261007_141649_general32_onehand_A508_on,general32_onehand_A508,on,CONTROL_PREPLAY,largest_held_target_error,2,6,left_hip_yaw_joint,6,5,6,1791353823133.292,1642785614145000,0,-1.883344769,-1.0312187671661377,-1.1975252628326416,-0.030359428,0.839939713,-48.771308899,40.179237365722656,2.557889699935913,-49.04430626335238,0.119941,unknown; numeric event only
20261007_141649_general32_onehand_A508_on,general32_onehand_A508,on,CONTROL_PREPLAY,largest_held_target_error,3,9,left_knee_joint,6,5,6,1791353823133.292,1642785614145000,0,-1.450519323,0.16035877168178558,0.05883315950632095,0.762004972,-3.240858555,-50.09765625,99.09842681884766,6.308801651000977,-49.237286599036665,0.119941,unknown; numeric event only
20261007_141649_general32_onehand_A508_on,general32_onehand_A508,on,CONTROL_PREPLAY,largest_held_target_error,4,13,left_ankle_pitch_joint,7,6,7,1791353823153.335,1642785634189000,0,2.60768342,0.7806707620620728,0.8468360304832458,-0.367132545,2.420963287,25.453269958,28.501245498657227,1.8144457340240479,30.206909889177204,0.156823,unknown; numeric event only
20261007_141649_general32_onehand_A508_on,general32_onehand_A508,on,CONTROL_PREPLAY,largest_held_target_error,5,17,left_ankle_roll_joint,7,6,7,1791353823153.335,1642785634189000,0,0.448119909,0.19653522968292236,0.23667922616004944,-0.080835775,-0.271097004,8.922897339,28.501245498657227,1.8144457340240479,9.541463799983504,0.156823,unknown; numeric event only
20261007_141649_general32_onehand_A508_on,general32_onehand_A508,on,CONTROL_PREPLAY,largest_held_target_error,6,1,right_hip_pitch_joint,4,3,4,1791353823093.412,1642785574266000,0,-0.566574693,-0.5106759071350098,-0.515616238117218,-0.206541985,-0.896662951,-24.9609375,99.09842681884766,6.308801651000977,-24.97190354846642,0.232332,unknown; numeric event only
20261007_141649_general32_onehand_A508_on,general32_onehand_A508,on,CONTROL_PREPLAY,largest_held_target_error,7,4,right_hip_roll_joint,18,17,18,1791353823373.432,1642785854285000,0,-1.687065601,-0.5915889143943787,-0.6081815361976624,-0.128769159,-0.308705121,-45.966796875,99.09842681884766,6.308801651000977,-45.56145300073508,0.237937,unknown; numeric event only
20261007_141649_general32_onehand_A508_on,general32_onehand_A508,on,CONTROL_PREPLAY,largest_held_target_error,8,7,right_hip_yaw_joint,8,7,8,1791353823173.362,1642785654216000,0,0.504472256,0.27622199058532715,0.35368162393569946,0.003441717,0.61881274,12.696200371,40.179237365722656,2.557889699935913,12.48951762188296,0.171305,unknown; numeric event only
20261007_141649_general32_onehand_A508_on,general32_onehand_A508,on,CONTROL_PREPLAY,largest_held_target_error,9,10,right_knee_joint,12,11,12,1791353823253.23,1642785734083000,0,-1.91555357,-0.002710823668166995,0.056013818830251694,0.631301284,-3.497203588,-35.419921875,99.09842681884766,6.308801651000977,-34.94691899706373,0.055159,unknown; numeric event only
20261007_141649_general32_onehand_A508_on,general32_onehand_A508,on,CONTROL_PREPLAY,largest_held_target_error,10,14,right_ankle_pitch_joint,29,28,29,1791353823593.194,1642786074047000,0,2.813136101,0.8707776665687561,0.867876410484314,-0.236461565,0.192463651,30.46023941,28.501245498657227,1.8144457340240479,31.125792902256894,0.029931,unknown; numeric event only
20261007_141649_general32_onehand_A508_on,general32_onehand_A508,on,CONTROL_PREPLAY,largest_held_target_error,11,18,right_ankle_roll_joint,407,406,407,1791353831153.258,1642793634112000,0,0.353750944,0.15514713525772095,0.15783315896987915,0.058727659,-0.008252089,2.588965416,28.501245498657227,1.8144457340240479,2.8396031525915286,0.035841,unknown; numeric event only
20261007_141649_general32_onehand_A508_on,general32_onehand_A508,on,CONTROL_PREPLAY,largest_held_target_error,12,2,waist_yaw_joint,8,7,8,1791353823173.362,1642785654216000,0,0.830083907,0.4545094966888428,0.4110460877418518,-0.160850063,1.823869109,18.121448517,40.179237365722656,2.557889699935913,18.31309518125758,0.171305,unknown; numeric event only
20261007_141649_general32_onehand_A508_on,general32_onehand_A508,on,CONTROL_PREPLAY,largest_held_target_error,13,5,waist_roll_joint,2,1,2,1791353823053.225,1642785534079000,0,0.398133188,0.17461217939853668,0.1500604897737503,-0.114945948,1.117018938,6.032297134,28.501245498657227,1.8144457340240479,5.5262432948361155,1.921723,unknown; numeric event only
20261007_141649_general32_onehand_A508_on,general32_onehand_A508,on,CONTROL_PREPLAY,largest_held_target_error,14,8,waist_pitch_joint,13,12,13,1791353823273.24,1642785754093000,0,1.17599833,0.5157662034034729,0.5515978932380676,0.031147936,0.329147726,13.799147606,28.501245498657227,1.8144457340240479,14.236251313703406,0.062104,unknown; numeric event only
20261007_141649_general32_onehand_A508_on,general32_onehand_A508,on,CONTROL_PREPLAY,largest_held_target_error,15,11,left_shoulder_pitch_joint,5,4,5,1791353823113.336,1642785594189000,0,1.323863626,0.7806165814399719,0.7727518677711487,0.247546151,1.219514728,6.375,14.250622749328613,0.9072228670120239,6.378136887596823,0.15998,unknown; numeric event only
20261007_141649_general32_onehand_A508_on,general32_onehand_A508,on,CONTROL_PREPLAY,largest_held_target_error,16,15,left_shoulder_roll_joint,7,6,7,1791353823153.335,1642785634189000,0,1.143845558,0.7016646862030029,0.6892531514167786,0.147405967,2.070874214,5.875,14.250622749328613,0.9072228670120239,5.84291537126305,0.156823,unknown; numeric event only
20261007_141649_general32_onehand_A508_on,general32_onehand_A508,on,CONTROL_PREPLAY,largest_held_target_error,17,19,left_shoulder_yaw_joint,13,12,13,1791353823273.24,1642785754093000,0,-1.241949201,-0.544690728187561,-0.5057119727134705,-0.244681925,-3.158466578,-1.0625,14.250622749328613,0.9072228670120239,-0.8544076319490999,0.062104,unknown; numeric event only
20261007_141649_general32_onehand_A508_on,general32_onehand_A508,on,CONTROL_PREPLAY,largest_held_target_error,18,21,left_elbow_joint,11,10,11,1791353823233.281,1642785714134000,0,-0.005851805,0.5974335074424744,0.4729509949684143,0.810816705,-1.125941992,-4.0625,14.250622749328613,0.9072228670120239,-3.7933164515227107,0.094832,unknown; numeric event only
20261007_141649_general32_onehand_A508_on,general32_onehand_A508,on,CONTROL_PREPLAY,largest_held_target_error,19,23,left_wrist_roll_joint,11,10,11,1791353823233.281,1642785714134000,0,1.209660053,0.5305294394493103,0.5779532194137573,0.358759761,3.879437685,0.0,14.250622749328613,0.9072228670120239,-0.3958712940050839,0.094832,unknown; numeric event only
20261007_141649_general32_onehand_A508_on,general32_onehand_A508,on,CONTROL_PREPLAY,largest_held_target_error,20,25,left_wrist_pitch_joint,22,21,22,1791353823453.426,1642785934279000,0,-2.465741158,-0.1836998611688614,-0.16389422118663788,-0.090924315,-1.129009962,-0.106250003,16.77832794189453,1.0681414604187012,-0.018370666250746348,0.040702,unknown; numeric event only
20261007_141649_general32_onehand_A508_on,general32_onehand_A508,on,CONTROL_PREPLAY,first_raw_minus3,20,25,left_wrist_pitch_joint,26,25,26,1791353823533.422,1642786014275000,0,-3.0,-0.22350260615348816,-0.22290851175785065,-0.167143986,-0.742446721,-0.174999997,16.77832794189453,1.0681414604187012,-0.14259737583742693,0.249928,unknown; numeric event only
20261007_141649_general32_onehand_A508_on,general32_onehand_A508,on,CONTROL_PREPLAY,largest_held_target_error,21,27,left_wrist_yaw_joint,47,46,47,1791353823953.377,1642786434231000,0,3.0,0.22350260615348816,0.21679449081420898,0.171997607,0.595184565,0.118749999,16.77832794189453,1.0681414604187012,0.11587549693197619,0.040697,unknown; numeric event only
20261007_141649_general32_onehand_A508_on,general32_onehand_A508,on,CONTROL_PREPLAY,first_raw_plus3,21,27,left_wrist_yaw_joint,47,46,47,1791353823953.377,1642786434231000,0,3.0,0.22350260615348816,0.21679449081420898,0.171997607,0.595184565,0.118749999,16.77832794189453,1.0681414604187012,0.11587549693197619,0.040697,unknown; numeric event only
20261007_141649_general32_onehand_A508_on,general32_onehand_A508,on,CONTROL_PREPLAY,largest_held_target_error,22,12,right_shoulder_pitch_joint,5,4,5,1791353823113.336,1642785594189000,0,-3.0,-1.115731954574585,-1.115731954574585,0.076075859,-3.897845268,-13.75,14.250622749328613,0.9072228670120239,-13.447789181749362,0.15998,unknown; numeric event only
20261007_141649_general32_onehand_A508_on,general32_onehand_A508,on,CONTROL_PREPLAY,first_raw_minus3,22,12,right_shoulder_pitch_joint,4,3,4,1791353823093.412,1642785574266000,0,-3.0,-1.115731954574585,-0.643836498260498,0.149407342,-3.307262659,-8.5625,14.250622749328613,0.9072228670120239,-8.303794404321255,0.232332,unknown; numeric event only
20261007_141649_general32_onehand_A508_on,general32_onehand_A508,on,CONTROL_PREPLAY,largest_held_target_error,23,16,right_shoulder_roll_joint,6,5,6,1791353823133.292,1642785614145000,0,-2.673424482,-1.3725032806396484,-1.515731930732727,-0.210059494,-1.986505151,-17.0,14.250622749328613,0.9072228670120239,-16.80444243165035,0.119941,unknown; numeric event only
20261007_141649_general32_onehand_A508_on,general32_onehand_A508,on,CONTROL_PREPLAY,first_raw_minus3,23,16,right_shoulder_roll_joint,5,4,5,1791353823113.336,1642785594189000,0,-3.0,-1.515731930732727,-1.234601616859436,-0.174706042,-1.066116691,-14.25,14.250622749328613,0.9072228670120239,-14.136966550026216,0.15998,unknown; numeric event only
20261007_141649_general32_onehand_A508_on,general32_onehand_A508,on,CONTROL_PREPLAY,largest_held_target_error,24,20,right_shoulder_yaw_joint,10,9,10,1791353823213.275,1642785694129000,0,2.079709291,0.9121133089065552,1.011759638786316,0.32437703,5.542273045,5.5,14.250622749328613,0.9072228670120239,4.767553400614765,0.071314,unknown; numeric event only
20261007_141649_general32_onehand_A508_on,general32_onehand_A508,on,CONTROL_PREPLAY,largest_held_target_error,25,22,right_elbow_joint,5,4,5,1791353823113.336,1642785594189000,0,-3.0,-0.7157319188117981,-0.7157319188117981,0.542465985,-8.3433218,-11.0,14.250622749328613,0.9072228670120239,-10.360851347418066,0.15998,unknown; numeric event only
20261007_141649_general32_onehand_A508_on,general32_onehand_A508,on,CONTROL_PREPLAY,first_raw_minus3,25,22,right_elbow_joint,4,3,4,1791353823093.412,1642785574266000,0,-3.0,-0.7157319188117981,-0.04183396324515343,0.663998008,-2.4344275,-7.9375,14.250622749328613,0.9072228670120239,-7.849976850546728,0.232332,unknown; numeric event only
20261007_141649_general32_onehand_A508_on,general32_onehand_A508,on,CONTROL_PREPLAY,largest_held_target_error,26,24,right_wrist_roll_joint,9,8,9,1791353823193.32,1642785674174000,0,-2.009741545,-0.8814270496368408,-0.7607572078704834,-0.421676964,-6.224894524,0.0,14.250622749328613,0.9072228670120239,0.8152620197621223,0.13437,unknown; numeric event only
20261007_141649_general32_onehand_A508_on,general32_onehand_A508,on,CONTROL_PREPLAY,largest_held_target_error,27,26,right_wrist_pitch_joint,21,20,21,1791353823433.304,1642785914157000,0,-3.0,-0.22350260615348816,-0.22060240805149078,-0.147525817,-1.147417665,0.03125,16.77832794189453,1.0681414604187012,-0.0004986291343114235,0.007071,unknown; numeric event only
20261007_141649_general32_onehand_A508_on,general32_onehand_A508,on,CONTROL_PREPLAY,first_raw_minus3,27,26,right_wrist_pitch_joint,21,20,21,1791353823433.304,1642785914157000,0,-3.0,-0.22350260615348816,-0.22060240805149078,-0.147525817,-1.147417665,0.03125,16.77832794189453,1.0681414604187012,-0.0004986291343114235,0.007071,unknown; numeric event only
20261007_141649_general32_onehand_A508_on,general32_onehand_A508,on,CONTROL_PREPLAY,largest_held_target_error,28,28,right_wrist_yaw_joint,13,12,13,1791353823273.24,1642785754093000,0,-3.0,-0.22350260615348816,-0.22350260615348816,-0.106779449,-1.668971181,-0.131249994,16.77832794189453,1.0681414604187012,-0.17572209446445242,0.062104,unknown; numeric event only
20261007_141649_general32_onehand_A508_on,general32_onehand_A508,on,CONTROL_PREPLAY,first_raw_minus3,28,28,right_wrist_yaw_joint,12,11,12,1791353823253.23,1642785734083000,0,-3.0,-0.22350260615348816,-0.17061053216457367,-0.070011847,-1.540116787,-0.050000001,16.77832794189453,1.0681414604187012,-0.04281513613307952,0.055159,unknown; numeric event only
20261007_141649_general32_onehand_A508_on,general32_onehand_A508,on,PLAY,largest_held_target_error,0,0,left_hip_pitch_joint,621,620,621,1791353835433.188,1642797914041000,2,1.022346616,0.046497564762830734,0.05393256992101669,-0.202067882,0.682860076,20.830078125,99.09842681884766,6.308801651000977,21.06121327541535,1.767756,unknown; numeric event only
20261007_141649_general32_onehand_A508_on,general32_onehand_A508,on,PLAY,largest_held_target_error,1,3,left_hip_roll_joint,870,869,870,1791353840413.236,1642802894089000,251,0.668465197,0.23440498113632202,0.30258792638778687,0.067725249,-0.149443835,23.73046875,99.09842681884766,6.308801651000977,24.217333360572145,0.059361,unknown; numeric event only
20261007_141649_general32_onehand_A508_on,general32_onehand_A508,on,PLAY,largest_held_target_error,2,6,left_hip_yaw_joint,834,833,834,1791353839693.194,1642802174048000,215,0.573771715,0.3141666650772095,0.3141847550868988,0.047005553,0.207413673,10.3471241,40.179237365722656,2.557889699935913,10.204515282041314,1.798924,unknown; numeric event only
20261007_141649_general32_onehand_A508_on,general32_onehand_A508,on,PLAY,largest_held_target_error,3,9,left_knee_joint,621,620,621,1791353835433.188,1642797914041000,2,-1.198359489,0.2487815022468567,0.2613436281681061,0.107941113,0.007635816,14.765625,99.09842681884766,6.308801651000977,15.153775074626187,1.767756,unknown; numeric event only
20261007_141649_general32_onehand_A508_on,general32_onehand_A508,on,PLAY,largest_held_target_error,4,13,left_ankle_pitch_joint,869,868,869,1791353840393.205,1642802874058000,250,2.183970213,0.5948398113250732,0.6755332946777344,-0.000987388,0.003345353,19.064680099,28.501245498657227,1.8144457340240479,19.275612100437638,0.014696,unknown; numeric event only
20261007_141649_general32_onehand_A508_on,general32_onehand_A508,on,PLAY,largest_held_target_error,5,17,left_ankle_roll_joint,958,957,958,1791353842173.187,1642804654040000,339,-0.252699316,-0.11082818359136581,-0.10899131000041962,-0.026108036,-0.107558958,-2.404251814,28.501245498657227,1.8144457340240479,-2.1671166475192614,1.890043,unknown; numeric event only
20261007_141649_general32_onehand_A508_on,general32_onehand_A508,on,PLAY,largest_held_target_error,6,1,right_hip_pitch_joint,869,868,869,1791353840393.205,1642802874058000,250,0.38285619,-0.17774708569049835,-0.24287688732147217,-0.01816915,-0.983929455,-15.908203125,99.09842681884766,6.308801651000977,-16.06076749240826,0.014696,unknown; numeric event only
20261007_141649_general32_onehand_A508_on,general32_onehand_A508,on,PLAY,largest_held_target_error,7,4,right_hip_roll_joint,641,640,641,1791353835833.188,1642798314041000,22,0.171500444,0.06013859808444977,0.0653473362326622,-0.125547811,0.035997417,17.9296875,99.09842681884766,6.308801651000977,18.690308214307752,1.903821,unknown; numeric event only
20261007_141649_general32_onehand_A508_on,general32_onehand_A508,on,PLAY,largest_held_target_error,8,7,right_hip_yaw_joint,879,878,879,1791353840593.188,1642803074042000,260,-1.096232295,-0.6002381443977356,-0.6191691160202026,-0.482657313,-0.128562212,-4.810014248,40.179237365722656,2.557889699935913,-5.156092178895721,0.012761,unknown; numeric event only
20261007_141649_general32_onehand_A508_on,general32_onehand_A508,on,PLAY,largest_held_target_error,9,10,right_knee_joint,869,868,869,1791353840393.205,1642802874058000,250,-1.573173046,0.11734883487224579,0.12139953672885895,0.351153761,-2.116211891,-9.755859375,99.09842681884766,6.308801651000977,-9.417521108446085,0.014696,unknown; numeric event only
20261007_141649_general32_onehand_A508_on,general32_onehand_A508,on,PLAY,largest_held_target_error,10,14,right_ankle_pitch_joint,849,848,849,1791353839993.191,1642802474044000,230,2.490845203,0.7294281721115112,0.7379738688468933,-0.196449742,0.023921343,25.971286774,28.501245498657227,1.8144457340240479,26.58883275373057,1.9053,unknown; numeric event only
20261007_141649_general32_onehand_A508_on,general32_onehand_A508,on,PLAY,largest_held_target_error,11,18,right_ankle_roll_joint,619,618,619,1791353835393.192,1642797874045000,0,0.299339652,0.13128358125686646,0.15393081307411194,0.058734741,0.00461592,2.442703724,28.501245498657227,1.8144457340240479,2.704831284339535,1.812721,unknown; numeric event only
20261007_141649_general32_onehand_A508_on,general32_onehand_A508,on,PLAY,largest_held_target_error,12,2,waist_yaw_joint,621,620,621,1791353835433.188,1642797914041000,2,0.349419624,0.19132347404956818,0.17913462221622467,0.364286333,-1.369616032,-4.250710487,40.179237365722656,2.557889699935913,-3.935927795131045,1.767756,unknown; numeric event only
20261007_141649_general32_onehand_A508_on,general32_onehand_A508,on,PLAY,largest_held_target_error,13,5,waist_roll_joint,935,934,935,1791353841713.445,1642804194298000,316,0.321597904,0.14104554057121277,0.1416584551334381,-0.070707895,0.019756425,5.653385639,28.501245498657227,1.8144457340240479,6.016858519746102,0.037097,unknown; numeric event only
20261007_141649_general32_onehand_A508_on,general32_onehand_A508,on,PLAY,largest_held_target_error,14,8,waist_pitch_joint,621,620,621,1791353835433.188,1642797914041000,2,-0.966696024,-0.42397093772888184,-0.4851517975330353,0.07279598,-0.039223988,-15.661110878,28.501245498657227,1.8144457340240479,-15.831036785201215,1.767756,unknown; numeric event only
20261007_141649_general32_onehand_A508_on,general32_onehand_A508,on,PLAY,largest_held_target_error,15,11,left_shoulder_pitch_joint,644,643,644,1791353835893.186,1642798374039000,25,-1.382372975,-0.4062774181365967,-0.40983790159225464,-0.232865483,-0.042951465,-2.625,14.250622749328613,0.9072228670120239,-2.4830006231748234,1.878447,unknown; numeric event only
20261007_141649_general32_onehand_A508_on,general32_onehand_A508,on,PLAY,largest_held_target_error,16,15,left_shoulder_roll_joint,629,628,629,1791353835593.187,1642798074040000,10,1.0772928,0.6724761724472046,0.6823779344558716,0.402490199,0.362019479,3.5625,14.250622749328613,0.9072228670120239,3.660142180492933,1.992764,unknown; numeric event only
20261007_141649_general32_onehand_A508_on,general32_onehand_A508,on,PLAY,largest_held_target_error,17,19,left_shoulder_yaw_joint,622,621,622,1791353835453.191,1642797934045000,3,-1.463100314,-0.6416826248168945,-0.6672605872154236,-0.772371352,1.33916533,0.5625,14.250622749328613,0.9072228670120239,0.28297244575270986,1.758469,unknown; numeric event only
20261007_141649_general32_onehand_A508_on,general32_onehand_A508,on,PLAY,largest_held_target_error,18,21,left_elbow_joint,623,622,623,1791353835473.192,1642797954045000,4,0.982901096,1.0310781002044678,1.0497188568115234,1.180254459,-1.357573032,-0.9375,14.250622749328613,0.9072228670120239,-0.628592323875167,1.725895,unknown; numeric event only
20261007_141649_general32_onehand_A508_on,general32_onehand_A508,on,PLAY,largest_held_target_error,19,23,left_wrist_roll_joint,879,878,879,1791353840593.188,1642803074042000,260,0.381489038,0.16731244325637817,0.16033808887004852,0.227412656,-0.954136074,-0.3125,14.250622749328613,0.9072228670120239,-0.09024028766957903,0.012761,unknown; numeric event only
20261007_141649_general32_onehand_A508_on,general32_onehand_A508,on,PLAY,largest_held_target_error,20,25,left_wrist_pitch_joint,631,630,631,1791353835633.196,1642798114049000,12,-3.0,-0.22350260615348816,-0.21484532952308655,-0.178960443,-0.589048624,-0.018750001,16.77832794189453,1.0681414604187012,0.027098863254968908,1.900604,unknown; numeric event only
20261007_141649_general32_onehand_A508_on,general32_onehand_A508,on,PLAY,first_raw_minus3,20,25,left_wrist_pitch_joint,631,630,631,1791353835633.196,1642798114049000,12,-3.0,-0.22350260615348816,-0.21484532952308655,-0.178960443,-0.589048624,-0.018750001,16.77832794189453,1.0681414604187012,0.027098863254968908,1.900604,unknown; numeric event only
20261007_141649_general32_onehand_A508_on,general32_onehand_A508,on,PLAY,largest_held_target_error,21,27,left_wrist_yaw_joint,628,627,628,1791353835573.195,1642798054048000,9,1.098006964,0.08180247247219086,0.06168074533343315,0.110925987,-0.650407851,-0.150000006,16.77832794189453,1.0681414604187012,-0.13152522242457854,1.849369,unknown; numeric event only
20261007_141649_general32_onehand_A508_on,general32_onehand_A508,on,PLAY,first_raw_plus3,21,27,left_wrist_yaw_joint,640,639,640,1791353835813.188,1642798294041000,21,3.0,0.22350260615348816,0.2149374634027481,0.17396301,0.55836904,0.050000001,16.77832794189453,1.0681414604187012,0.09106569459299585,1.993886,unknown; numeric event only
20261007_141649_general32_onehand_A508_on,general32_onehand_A508,on,PLAY,largest_held_target_error,22,12,right_shoulder_pitch_joint,632,631,632,1791353835653.27,1642798134123000,13,-3.0,-1.115731954574585,-1.115731954574585,-0.741320193,0.006135923,-5.125,14.250622749328613,0.9072228670120239,-5.341167416766806,0.080502,unknown; numeric event only
20261007_141649_general32_onehand_A508_on,general32_onehand_A508,on,PLAY,first_raw_minus3,22,12,right_shoulder_pitch_joint,621,620,621,1791353835433.188,1642797914041000,2,-3.0,-1.115731954574585,-1.1135413646697998,-0.871025503,-1.616815805,-2.0,14.250622749328613,0.9072228670120239,-1.9891897853422262,1.767756,unknown; numeric event only
20261007_141649_general32_onehand_A508_on,general32_onehand_A508,on,PLAY,largest_held_target_error,23,16,right_shoulder_roll_joint,630,629,630,1791353835613.191,1642798094044000,11,-2.346752405,-1.2292323112487793,-1.2258628606796265,-0.886640906,-1.308485627,-3.875,14.250622749328613,0.9072228670120239,-3.647036022458239,1.832411,unknown; numeric event only
20261007_141649_general32_onehand_A508_on,general32_onehand_A508,on,PLAY,first_raw_minus3,23,16,right_shoulder_roll_joint,683,682,683,1791353836673.251,1642799154104000,64,-3.0,-1.515731930732727,-1.5130528211593628,-1.221084714,-0.007669904,-4.25,14.250622749328613,0.9072228670120239,-4.1537690376670415,0.057998,unknown; numeric event only
20261007_141649_general32_onehand_A508_on,general32_onehand_A508,on,PLAY,largest_held_target_error,24,20,right_shoulder_yaw_joint,631,630,631,1791353835633.196,1642798114049000,12,0.574129939,0.2518003582954407,0.23661234974861145,0.529894531,-1.047708869,-3.1875,14.250622749328613,0.9072228670120239,-3.2289482801856493,1.900604,unknown; numeric event only
20261007_141649_general32_onehand_A508_on,general32_onehand_A508,on,PLAY,largest_held_target_error,25,22,right_elbow_joint,1170,1169,1170,1791353846413.194,1642808894047000,551,-0.886351943,0.2112661451101303,0.19903060793876648,0.599498868,-0.006135923,-5.5,14.250622749328613,0.9072228670120239,-5.701355447556836,1.965566,unknown; numeric event only
20261007_141649_general32_onehand_A508_on,general32_onehand_A508,on,PLAY,largest_held_target_error,26,24,right_wrist_roll_joint,621,620,621,1791353835433.188,1642797914041000,2,-2.027266026,-0.8891128897666931,-0.8537780046463013,-0.697685659,-2.71361208,-0.25,14.250622749328613,0.9072228670120239,0.23743779931281583,1.767756,unknown; numeric event only
20261007_141649_general32_onehand_A508_on,general32_onehand_A508,on,PLAY,largest_held_target_error,27,26,right_wrist_pitch_joint,1109,1108,1109,1791353845193.189,1642807674042000,490,-3.0,-0.22350260615348816,-0.22350260615348816,-0.168570116,0.012271847,-0.887499988,16.77832794189453,1.0681414604187012,-0.9347834030367316,1.818246,unknown; numeric event only
20261007_141649_general32_onehand_A508_on,general32_onehand_A508,on,PLAY,first_raw_minus3,27,26,right_wrist_pitch_joint,629,628,629,1791353835593.187,1642798074040000,10,-3.0,-0.22350260615348816,-0.2111494392156601,-0.177414477,-0.386563182,-0.15625,16.77832794189453,1.0681414604187012,-0.15311209739618603,1.992764,unknown; numeric event only
20261007_141649_general32_onehand_A508_on,general32_onehand_A508,on,PLAY,largest_held_target_error,28,28,right_wrist_yaw_joint,619,618,619,1791353835393.192,1642797874045000,0,-3.0,-0.22350260615348816,-0.22350260615348816,-0.215044931,0.012271847,-0.118749999,16.77832794189453,1.0681414604187012,-0.15501371592785246,1.812721,unknown; numeric event only
20261007_141649_general32_onehand_A508_on,general32_onehand_A508,on,PLAY,first_raw_minus3,28,28,right_wrist_yaw_joint,619,618,619,1791353835393.192,1642797874045000,0,-3.0,-0.22350260615348816,-0.22350260615348816,-0.215044931,0.012271847,-0.118749999,16.77832794189453,1.0681414604187012,-0.15501371592785246,1.812721,unknown; numeric event only
20261007_141649_general32_onehand_A508_on,general32_onehand_A508,on,FINAL_HOLD,largest_held_target_error,0,0,left_hip_pitch_joint,4493,4492,4493,1791353912873.382,1642875354235000,573,1.189118981,0.10497820377349854,0.11425776779651642,-0.199664637,-0.390517443,32.87109375,99.09842681884766,6.308801651000977,33.57291354766733,0.035009,unknown; numeric event only
20261007_141649_general32_onehand_A508_on,general32_onehand_A508,on,FINAL_HOLD,largest_held_target_error,1,3,left_hip_roll_joint,2551,2550,2551,1791353874033.213,1642836514066000,573,1.388309836,0.4868267774581909,0.48906147480010986,0.09028329,0.102538094,38.671875,99.09842681884766,6.308801651000977,38.8713982666489,0.041275,unknown; numeric event only
20261007_141649_general32_onehand_A508_on,general32_onehand_A508,on,FINAL_HOLD,largest_held_target_error,2,6,left_hip_yaw_joint,3073,3072,3073,1791353884473.2,1642846954053000,573,-0.129525378,-0.0709211602807045,-0.11819866299629211,0.20383805,-1.942146301,-7.942116737,40.179237365722656,2.557889699935913,-7.971393512858589,0.016642,unknown; numeric event only
20261007_141649_general32_onehand_A508_on,general32_onehand_A508,on,FINAL_HOLD,largest_held_target_error,3,9,left_knee_joint,4493,4492,4493,1791353912873.382,1642875354235000,573,-0.232255965,0.587556779384613,0.5806224346160889,0.223194197,0.839939713,29.8828125,99.09842681884766,6.308801651000977,30.121563000271987,0.035009,unknown; numeric event only
20261007_141649_general32_onehand_A508_on,general32_onehand_A508,on,FINAL_HOLD,largest_held_target_error,4,13,left_ankle_pitch_joint,3075,3074,3075,1791353884513.208,1642846994061000,573,2.980129242,0.9440170526504517,0.9527319669723511,-0.1263441,0.046899632,30.239385605,28.501245498657227,1.8144457340240479,30.66991505929477,0.024349,unknown; numeric event only
20261007_141649_general32_onehand_A508_on,general32_onehand_A508,on,FINAL_HOLD,first_raw_plus3,4,13,left_ankle_pitch_joint,2508,2507,2508,1791353873173.189,1642835654042000,573,3.0,0.9527319669723511,0.8683952689170837,0.105934381,0.024098618,21.112667084,28.501245498657227,1.8144457340240479,21.687359315023002,1.974438,unknown; numeric event only
20261007_141649_general32_onehand_A508_on,general32_onehand_A508,on,FINAL_HOLD,largest_held_target_error,5,17,left_ankle_roll_joint,3363,3362,3363,1791353890273.188,1642852754041000,573,0.579829931,0.2543002665042877,0.25217097997665405,-0.03346929,0.301520586,7.422373772,28.501245498657227,1.8144457340240479,7.594010717919215,0.01605,unknown; numeric event only
20261007_141649_general32_onehand_A508_on,general32_onehand_A508,on,FINAL_HOLD,largest_held_target_error,6,1,right_hip_pitch_joint,3080,3079,3080,1791353884613.195,1642847094048000,573,1.071861148,0.06386040151119232,0.11662323027849197,-0.437141925,1.452986717,46.318359375,99.09842681884766,6.308801651000977,45.710650716101355,1.896336,unknown; numeric event only
20261007_141649_general32_onehand_A508_on,general32_onehand_A508,on,FINAL_HOLD,largest_held_target_error,7,4,right_hip_roll_joint,3081,3080,3081,1791353884633.191,1642847114045000,573,-1.990261078,-0.6979078650474548,-0.7246907949447632,-0.369962066,-0.263981044,-33.486328125,99.09842681884766,6.308801651000977,-33.4876549396553,1.577253,unknown; numeric event only
20261007_141649_general32_onehand_A508_on,general32_onehand_A508,on,FINAL_HOLD,largest_held_target_error,8,7,right_hip_yaw_joint,3080,3079,3080,1791353884613.195,1642847094048000,573,0.056215644,0.030780676752328873,0.07569767534732819,-0.28003794,-0.015427466,14.597833633,40.179237365722656,2.557889699935913,14.332647484859221,1.896336,unknown; numeric event only
20261007_141649_general32_onehand_A508_on,general32_onehand_A508,on,FINAL_HOLD,largest_held_target_error,9,10,right_knee_joint,3072,3071,3072,1791353884453.193,1642846934046000,573,1.020244479,1.026760458946228,1.2300177812576294,0.747883797,4.194244385,23.642578125,99.09842681884766,6.308801651000977,21.318063455044566,1.880154,unknown; numeric event only
20261007_141649_general32_onehand_A508_on,general32_onehand_A508,on,FINAL_HOLD,largest_held_target_error,10,14,right_ankle_pitch_joint,3824,3823,3824,1791353899493.239,1642861974092000,573,3.0,0.9527319669723511,0.9527319669723511,-0.339613676,0.004352307,36.344390869,28.501245498657227,1.8144457340240479,36.82556341460568,1.946985,unknown; numeric event only
20261007_141649_general32_onehand_A508_on,general32_onehand_A508,on,FINAL_HOLD,first_raw_plus3,10,14,right_ankle_pitch_joint,2495,2494,2495,1791353872913.191,1642835394044000,573,3.0,0.9527319669723511,0.9464110732078552,0.130022258,0.592560947,21.299947739,28.501245498657227,1.8144457340240479,22.192928362163588,1.80983,unknown; numeric event only
20261007_141649_general32_onehand_A508_on,general32_onehand_A508,on,FINAL_HOLD,largest_held_target_error,11,18,right_ankle_roll_joint,3349,3348,3349,1791353889993.289,1642852474142000,573,-0.836391568,-0.36682236194610596,-0.35684913396835327,-0.007232031,-1.712544441,-8.103750229,28.501245498657227,1.8144457340240479,-6.8572039269313105,1.94277,unknown; numeric event only
20261007_141649_general32_onehand_A508_on,general32_onehand_A508,on,FINAL_HOLD,largest_held_target_error,12,2,waist_yaw_joint,3081,3080,3081,1791353884633.191,1642847114045000,573,0.952318609,0.5214386582374573,0.577517032623291,0.205177233,-0.906792045,16.667259216,40.179237365722656,2.557889699935913,17.279803221659144,1.577253,unknown; numeric event only
20261007_141649_general32_onehand_A508_on,general32_onehand_A508,on,FINAL_HOLD,largest_held_target_error,13,5,waist_roll_joint,3822,3821,3822,1791353899453.374,1642861934227000,573,-2.557735682,-1.121764898300171,-1.1245983839035034,0.053982258,0.007486609,-33.475112915,28.501245498657227,1.8144457340240479,-33.60460026061913,0.104783,unknown; numeric event only
20261007_141649_general32_onehand_A508_on,general32_onehand_A508,on,FINAL_HOLD,largest_held_target_error,14,8,waist_pitch_joint,4666,4665,4666,1791353916333.21,1642878814064000,573,-1.918228626,-0.8412915468215942,-0.8640719056129456,0.101707757,-0.030469703,-26.971525192,28.501245498657227,1.8144457340240479,-27.47063763911658,1.791778,unknown; numeric event only
20261007_141649_general32_onehand_A508_on,general32_onehand_A508,on,FINAL_HOLD,largest_held_target_error,15,11,left_shoulder_pitch_joint,3079,3078,3079,1791353884593.19,1642847074043000,573,0.864521921,0.579159677028656,0.6623915433883667,0.308977306,-1.477223516,6.0,14.250622749328613,0.9072228670120239,6.376543924666384,1.79029,unknown; numeric event only
20261007_141649_general32_onehand_A508_on,general32_onehand_A508,on,FINAL_HOLD,largest_held_target_error,16,15,left_shoulder_roll_joint,3836,3835,3836,1791353899733.343,1642862214196000,573,1.722294211,0.955359160900116,0.9522055983543396,0.595723867,0.411106855,4.5625,14.250622749328613,0.9072228670120239,4.707121130916807,0.176796,unknown; numeric event only
20261007_141649_general32_onehand_A508_on,general32_onehand_A508,on,FINAL_HOLD,largest_held_target_error,17,19,left_shoulder_yaw_joint,3075,3074,3075,1791353884513.208,1642846994061000,573,-0.796947956,-0.34952330589294434,-0.3347685933113098,-0.508119166,1.070718646,1.75,14.250622749328613,0.9072228670120239,1.498973174979239,0.024349,unknown; numeric event only
20261007_141649_general32_onehand_A508_on,general32_onehand_A508,on,FINAL_HOLD,largest_held_target_error,18,21,left_elbow_joint,2525,2524,2525,1791353873513.224,1642835994077000,573,0.092418313,0.6405325531959534,0.6102078557014465,0.896456003,-3.1354568,-1.75,14.250622749328613,0.9072228670120239,-1.234656252357587,0.051825,unknown; numeric event only
20261007_141649_general32_onehand_A508_on,general32_onehand_A508,on,FINAL_HOLD,largest_held_target_error,19,23,left_wrist_roll_joint,1195,1194,1195,1791353846913.454,1642809394307000,573,0.292339325,0.12821339070796967,0.04081115499138832,-0.234483346,5.008447647,-0.1875,14.250622749328613,0.9072228670120239,-0.6206601549980184,0.031486,unknown; numeric event only
20261007_141649_general32_onehand_A508_on,general32_onehand_A508,on,FINAL_HOLD,largest_held_target_error,20,25,left_wrist_pitch_joint,4604,4603,4604,1791353915093.197,1642877574050000,573,-2.652432442,-0.19760853052139282,-0.19313408434391022,-0.118847564,-0.159534007,-1.09375,16.77832794189453,1.0681414604187012,-1.075998712768918,2.004974,unknown; numeric event only
20261007_141649_general32_onehand_A508_on,general32_onehand_A508,on,FINAL_HOLD,first_raw_minus3,20,25,left_wrist_pitch_joint,1203,1202,1203,1791353847073.207,1642809554060000,573,-3.0,-0.22350260615348816,-0.19789357483386993,-0.173363805,-0.331339866,-0.081249997,16.77832794189453,1.0681414604187012,-0.05765067424768461,1.764312,unknown; numeric event only
20261007_141649_general32_onehand_A508_on,general32_onehand_A508,on,FINAL_HOLD,largest_held_target_error,21,27,left_wrist_yaw_joint,1366,1365,1366,1791353850333.191,1642812814045000,573,2.615097761,0.19482706487178802,0.15691804885864258,0.034886081,1.988039136,-0.09375,16.77832794189453,1.0681414604187012,-0.07601464996953489,1.809116,unknown; numeric event only
20261007_141649_general32_onehand_A508_on,general32_onehand_A508,on,FINAL_HOLD,first_raw_plus3,21,27,left_wrist_yaw_joint,1220,1219,1220,1791353847413.187,1642809894040000,573,3.0,0.22350260615348816,0.22296255826950073,0.188368052,0.509281635,0.0,16.77832794189453,1.0681414604187012,0.036453141804285605,1.878891,unknown; numeric event only
20261007_141649_general32_onehand_A508_on,general32_onehand_A508,on,FINAL_HOLD,first_raw_minus3,21,27,left_wrist_yaw_joint,1343,1342,1343,1791353849873.187,1642812354041000,573,-3.0,-0.22350260615348816,-0.2109629362821579,-0.145105004,-0.901980758,-0.1875,16.77832794189453,1.0681414604187012,-0.14154294128544054,1.96952,unknown; numeric event only
20261007_141649_general32_onehand_A508_on,general32_onehand_A508,on,FINAL_HOLD,largest_held_target_error,22,12,right_shoulder_pitch_joint,3786,3785,3786,1791353898733.306,1642861214159000,573,-3.0,-1.115731954574585,-1.115731954574585,-0.247773856,0.026077675,-12.125,14.250622749328613,0.9072228670120239,-12.392601688089496,2.111,unknown; numeric event only
20261007_141649_general32_onehand_A508_on,general32_onehand_A508,on,FINAL_HOLD,first_raw_minus3,22,12,right_shoulder_pitch_joint,1197,1196,1197,1791353846953.249,1642809434103000,573,-3.0,-1.115731954574585,-1.0879442691802979,-0.997578919,0.397301048,-1.4375,14.250622749328613,0.9072228670120239,-1.6482031108638415,0.029737,unknown; numeric event only
20261007_141649_general32_onehand_A508_on,general32_onehand_A508,on,FINAL_HOLD,largest_held_target_error,23,16,right_shoulder_roll_joint,1195,1194,1195,1791353846913.454,1642809394307000,573,-0.999386907,-0.6383084058761597,-0.597100019454956,-1.185659289,3.078699589,5.8125,14.250622749328613,0.9072228670120239,5.594269448105514,0.031486,unknown; numeric event only
20261007_141649_general32_onehand_A508_on,general32_onehand_A508,on,FINAL_HOLD,first_raw_minus3,23,16,right_shoulder_roll_joint,1596,1595,1596,1791353854933.198,1642817414051000,573,-3.0,-1.515731930732727,-1.5056368112564087,-1.623754621,-0.006135923,1.5,14.250622749328613,0.9072228670120239,1.6888189962887166,1.972679,unknown; numeric event only
20261007_141649_general32_onehand_A508_on,general32_onehand_A508,on,FINAL_HOLD,largest_held_target_error,24,20,right_shoulder_yaw_joint,2806,2805,2806,1791353879133.187,1642841614040000,573,0.085062623,0.0373065359890461,0.03454764932394028,0.494469136,0.0,-6.375,14.250622749328613,0.9072228670120239,-6.554167600930893,1.837458,unknown; numeric event only
20261007_141649_general32_onehand_A508_on,general32_onehand_A508,on,FINAL_HOLD,largest_held_target_error,25,22,right_elbow_joint,3812,3811,3812,1791353899253.189,1642861734043000,573,-1.432419419,-0.028226660564541817,-0.03904673084616661,0.647591591,-0.001533981,-9.5625,14.250622749328613,0.9072228670120239,-9.783632027221042,1.885911,unknown; numeric event only
20261007_141649_general32_onehand_A508_on,general32_onehand_A508,on,FINAL_HOLD,largest_held_target_error,26,24,right_wrist_roll_joint,3766,3765,3766,1791353898333.304,1642860814157000,573,-1.963721871,-0.8612438440322876,-0.8515497446060181,-1.118859291,0.46326223,3.25,14.250622749328613,0.9072228670120239,3.389045414475807,1.9914,unknown; numeric event only
20261007_141649_general32_onehand_A508_on,general32_onehand_A508,on,FINAL_HOLD,first_raw_minus3,26,24,right_wrist_roll_joint,2531,2530,2531,1791353873633.226,1642836114080000,573,-3.0,-1.3157318830490112,-1.3034731149673462,-1.212264299,-1.794757605,0.0,14.250622749328613,0.9072228670120239,0.32846271223614454,0.054557,unknown; numeric event only
20261007_141649_general32_onehand_A508_on,general32_onehand_A508,on,FINAL_HOLD,largest_held_target_error,27,26,right_wrist_pitch_joint,3084,3083,3084,1791353884693.195,1642847174048000,573,-3.0,-0.22350260615348816,-0.22350260615348816,-0.127727866,0.0,-1.575000048,16.77832794189453,1.0681414604187012,-1.6069399988449586,1.892554,unknown; numeric event only
20261007_141649_general32_onehand_A508_on,general32_onehand_A508,on,FINAL_HOLD,first_raw_minus3,27,26,right_wrist_pitch_joint,1204,1203,1204,1791353847093.21,1642809574064000,573,-3.0,-0.22350260615348816,-0.19305142760276794,-0.110518523,-1.380582809,0.162499994,16.77832794189453,1.0681414604187012,0.08989359841187561,1.808638,unknown; numeric event only
20261007_141649_general32_onehand_A508_on,general32_onehand_A508,on,FINAL_HOLD,largest_held_target_error,28,28,right_wrist_yaw_joint,3022,3021,3022,1791353883453.194,1642845934047000,573,-3.0,-0.22350260615348816,-0.22285771369934082,-0.17984727,-0.478602022,-0.168750003,16.77832794189453,1.0681414604187012,-0.21042866657550818,1.981581,unknown; numeric event only
20261007_141649_general32_onehand_A508_on,general32_onehand_A508,on,FINAL_HOLD,first_raw_minus3,28,28,right_wrist_yaw_joint,1193,1192,1193,1791353846873.205,1642809354058000,573,-3.0,-0.22350260615348816,-0.22350260615348816,-0.215080887,0.0,-0.106250003,16.77832794189453,1.0681414604187012,-0.14130236579175875,1.930595,unknown; numeric event only
20261007_150609_general32_onehand_A508_off,general32_onehand_A508,off,CONTROL_PREPLAY,largest_held_target_error,0,0,left_hip_pitch_joint,6,5,6,1791356785579.123,1645748059977000,0,1.168990493,0.09791991859674454,0.17223136126995087,-0.303796381,0.79848814,41.8359375,99.09842681884766,6.308801651000977,42.1360970851433,1.972138,unknown; numeric event only
20261007_150609_general32_onehand_A508_off,general32_onehand_A508,off,CONTROL_PREPLAY,largest_held_target_error,1,3,left_hip_roll_joint,6,5,6,1791356785579.123,1645748059977000,0,0.998807371,0.3502432703971863,0.4709826409816742,0.016098276,-0.01199914,44.47265625,99.09842681884766,6.308801651000977,45.15402514841702,1.972138,unknown; numeric event only
20261007_150609_general32_onehand_A508_off,general32_onehand_A508,off,CONTROL_PREPLAY,largest_held_target_error,2,6,left_hip_yaw_joint,5,4,5,1791356785559.119,1645748039972000,0,-1.148987055,-0.6291238069534302,-0.7679968476295471,-0.143012047,-1.198199749,-21.924716949,40.179237365722656,2.557889699935913,-22.046549858030524,1.707187,unknown; numeric event only
20261007_150609_general32_onehand_A508_off,general32_onehand_A508,off,CONTROL_PREPLAY,largest_held_target_error,3,9,left_knee_joint,11,10,11,1791356785679.174,1645748160027000,0,-0.56769973,0.469929575920105,0.46383950114250183,0.744918108,-2.965969086,-9.931640625,99.09842681884766,6.308801651000977,-9.142737085436778,2.011582,unknown; numeric event only
20261007_150609_general32_onehand_A508_off,general32_onehand_A508,off,CONTROL_PREPLAY,largest_held_target_error,4,13,left_ankle_pitch_joint,5,4,5,1791356785559.119,1645748039972000,0,3.0,0.9527319669723511,0.9527319669723511,-0.562627137,0.124682732,41.900173187,28.501245498657227,1.8144457340240479,42.96339178975736,1.707187,unknown; numeric event only
20261007_150609_general32_onehand_A508_off,general32_onehand_A508,off,CONTROL_PREPLAY,first_raw_plus3,4,13,left_ankle_pitch_joint,4,3,4,1791356785539.162,1645748020016000,0,3.0,0.9527319669723511,0.37579822540283203,-0.565999329,-0.270477563,27.332120895,28.501245498657227,1.8144457340240479,27.333170168404674,1.8061,unknown; numeric event only
20261007_150609_general32_onehand_A508_off,general32_onehand_A508,off,CONTROL_PREPLAY,largest_held_target_error,5,17,left_ankle_roll_joint,5,4,5,1791356785559.119,1645748039972000,0,0.485786676,0.21305501461029053,0.2273116409778595,-0.02202851,0.208867773,6.451631546,28.501245498657227,1.8144457340240479,6.727525615997278,1.707187,unknown; numeric event only
20261007_150609_general32_onehand_A508_off,general32_onehand_A508,off,CONTROL_PREPLAY,largest_held_target_error,6,1,right_hip_pitch_joint,10,9,10,1791356785659.113,1645748139966000,0,0.973595679,0.029402488842606544,0.04693184420466423,-0.282508135,2.431461811,18.896484375,99.09842681884766,6.308801651000977,17.30737338283349,1.801541,unknown; numeric event only
20261007_150609_general32_onehand_A508_off,general32_onehand_A508,off,CONTROL_PREPLAY,largest_held_target_error,7,4,right_hip_roll_joint,19,18,19,1791356785839.121,1645748319974000,0,-1.481600046,-0.5195400714874268,-0.5587028861045837,-0.109492138,-0.160352126,-43.59375,99.09842681884766,6.308801651000977,-43.50444869003158,1.939803,unknown; numeric event only
20261007_150609_general32_onehand_A508_off,general32_onehand_A508,off,CONTROL_PREPLAY,largest_held_target_error,8,7,right_hip_yaw_joint,3,2,3,1791356785519.18,1645748000033000,0,0.20129016,0.11021571606397629,0.19621512293815613,-0.060799208,1.038782597,7.998046875,40.179237365722656,2.557889699935913,7.669548503817593,1.914917,unknown; numeric event only
20261007_150609_general32_onehand_A508_off,general32_onehand_A508,off,CONTROL_PREPLAY,largest_held_target_error,9,10,right_knee_joint,16,15,16,1791356785779.189,1645748260042000,0,-2.061575413,-0.053915057331323624,-0.033747464418411255,0.551270068,-1.979857922,-45.791015625,99.09842681884766,6.308801651000977,-45.483786197047806,0.032181,unknown; numeric event only
20261007_150609_general32_onehand_A508_off,general32_onehand_A508,off,CONTROL_PREPLAY,largest_held_target_error,10,14,right_ankle_pitch_joint,9,8,9,1791356785639.12,1645748119973000,0,3.0,0.9527319669723511,0.9527319669723511,-0.514423013,0.458552212,39.565864563,28.501245498657227,1.8144457340240479,40.98372616387881,1.836763,unknown; numeric event only
20261007_150609_general32_onehand_A508_off,general32_onehand_A508,off,CONTROL_PREPLAY,first_raw_plus3,10,14,right_ankle_pitch_joint,8,7,8,1791356785619.143,1645748099996000,0,3.0,0.9527319669723511,0.7058423161506653,-0.524628758,2.652280569,23.531860352,28.501245498657227,1.8144457340240479,30.257538999507645,1.982753,unknown; numeric event only
20261007_150609_general32_onehand_A508_off,general32_onehand_A508,off,CONTROL_PREPLAY,largest_held_target_error,11,18,right_ankle_roll_joint,9,8,9,1791356785639.12,1645748119973000,0,-0.246528506,-0.10812181234359741,-0.18954896926879883,0.001844467,-0.637540519,-4.98504591,28.501245498657227,1.8144457340240479,-4.298168638961613,1.836763,unknown; numeric event only
20261007_150609_general32_onehand_A508_off,general32_onehand_A508,off,CONTROL_PREPLAY,largest_held_target_error,12,2,waist_yaw_joint,9,8,9,1791356785639.12,1645748119973000,0,0.54900378,0.30060508847236633,0.501226007938385,-0.211216971,4.004283905,18.401100159,40.179237365722656,2.557889699935913,18.382899004089264,1.836763,unknown; numeric event only
20261007_150609_general32_onehand_A508_off,general32_onehand_A508,off,CONTROL_PREPLAY,largest_held_target_error,13,5,waist_roll_joint,7,6,7,1791356785599.186,1645748080039000,0,-1.150141001,-0.5044257640838623,-0.7352405786514282,0.00206222,-1.695888519,-19.105709076,28.501245498657227,1.8144457340240479,-17.936950382531485,0.0238,unknown; numeric event only
20261007_150609_general32_onehand_A508_off,general32_onehand_A508,off,CONTROL_PREPLAY,largest_held_target_error,14,8,waist_pitch_joint,3,2,3,1791356785519.18,1645748000033000,0,0.554283679,0.2430962473154068,0.410778284072876,-0.110395461,1.032550693,11.841641426,28.501245498657227,1.8144457340240479,12.98059365569921,1.914917,unknown; numeric event only
20261007_150609_general32_onehand_A508_off,general32_onehand_A508,off,CONTROL_PREPLAY,largest_held_target_error,15,11,left_shoulder_pitch_joint,5,4,5,1791356785559.119,1645748039972000,0,0.941797614,0.6130510568618774,0.7806956768035889,0.230636418,2.489650965,5.6875,14.250622749328613,0.9072228670120239,5.580018700658707,1.707187,unknown; numeric event only
20261007_150609_general32_onehand_A508_off,general32_onehand_A508,off,CONTROL_PREPLAY,largest_held_target_error,16,15,left_shoulder_roll_joint,7,6,7,1791356785599.186,1645748080039000,0,0.8065449,0.5537322759628296,0.5996599793434143,0.111573137,1.409728408,5.8125,14.250622749328613,0.9072228670120239,5.676603611132972,0.0238,unknown; numeric event only
20261007_150609_general32_onehand_A508_off,general32_onehand_A508,off,CONTROL_PREPLAY,largest_held_target_error,17,19,left_shoulder_yaw_joint,4,3,4,1791356785539.162,1645748020016000,0,-0.696104169,-0.30529549717903137,-0.32713478803634644,-0.100943126,-2.142971277,-1.3125,14.250622749328613,0.9072228670120239,-1.2792194988792498,1.8061,unknown; numeric event only
20261007_150609_general32_onehand_A508_off,general32_onehand_A508,off,CONTROL_PREPLAY,largest_held_target_error,18,21,left_elbow_joint,5,4,5,1791356785559.119,1645748039972000,0,1.444152474,1.2333725690841675,1.268428087234497,0.8488307,3.865631819,2.6875,14.250622749328613,0.9072228670120239,2.4725344904366855,1.707187,unknown; numeric event only
20261007_150609_general32_onehand_A508_off,general32_onehand_A508,off,CONTROL_PREPLAY,largest_held_target_error,19,23,left_wrist_roll_joint,9,8,9,1791356785639.12,1645748119973000,0,1.154232979,0.5062204003334045,0.4421342611312866,0.24657543,3.594117165,-0.125,14.250622749328613,0.9072228670120239,-0.4738301510568017,1.836763,unknown; numeric event only
20261007_150609_general32_onehand_A508_off,general32_onehand_A508,off,CONTROL_PREPLAY,largest_held_target_error,20,25,left_wrist_pitch_joint,11,10,11,1791356785679.174,1645748160027000,0,1.18983233,0.08864354342222214,0.07379957288503647,0.019102855,0.791534126,0.025,16.77832794189453,1.0681414604187012,0.07224905270354953,2.011582,unknown; numeric event only
20261007_150609_general32_onehand_A508_off,general32_onehand_A508,off,CONTROL_PREPLAY,largest_held_target_error,21,27,left_wrist_yaw_joint,10,9,10,1791356785659.113,1645748139966000,0,-0.302316487,-0.02252284064888954,-0.012317683547735214,0.022770029,-0.576776803,-0.018750001,16.77832794189453,1.0681414604187012,0.027366068835220414,1.801541,unknown; numeric event only
20261007_150609_general32_onehand_A508_off,general32_onehand_A508,off,CONTROL_PREPLAY,largest_held_target_error,22,12,right_shoulder_pitch_joint,5,4,5,1791356785559.119,1645748039972000,0,-3.0,-1.115731954574585,-1.115731954574585,0.076711029,-4.508369923,-13.3125,14.250622749328613,0.9072228670120239,-12.902958821910428,1.707187,unknown; numeric event only
20261007_150609_general32_onehand_A508_off,general32_onehand_A508,off,CONTROL_PREPLAY,first_raw_minus3,22,12,right_shoulder_pitch_joint,4,3,4,1791356785539.162,1645748020016000,0,-3.0,-1.115731954574585,-0.6179288029670715,0.146962553,-2.388408184,-8.75,14.250622749328613,0.9072228670120239,-8.733359637825698,1.8061,unknown; numeric event only
20261007_150609_general32_onehand_A508_off,general32_onehand_A508,off,CONTROL_PREPLAY,largest_held_target_error,23,16,right_shoulder_roll_joint,6,5,6,1791356785579.123,1645748059977000,0,-2.798152685,-1.42720627784729,-1.515731930732727,-0.218076944,-1.580000281,-17.3125,14.250622749328613,0.9072228670120239,-17.0589792899045,1.972138,unknown; numeric event only
20261007_150609_general32_onehand_A508_off,general32_onehand_A508,off,CONTROL_PREPLAY,first_raw_minus3,23,16,right_shoulder_roll_joint,5,4,5,1791356785559.119,1645748039972000,0,-3.0,-1.515731930732727,-1.1184720993041992,-0.183202848,-1.558524489,-12.0625,14.250622749328613,0.9072228670120239,-11.914240214164133,1.707187,unknown; numeric event only
20261007_150609_general32_onehand_A508_off,general32_onehand_A508,off,CONTROL_PREPLAY,largest_held_target_error,24,20,right_shoulder_yaw_joint,10,9,10,1791356785659.113,1645748139966000,0,2.526991606,1.108281135559082,1.1096957921981812,0.330033571,5.434894085,6.6875,14.250622749328613,0.9072228670120239,6.180011992498487,1.801541,unknown; numeric event only
20261007_150609_general32_onehand_A508_off,general32_onehand_A508,off,CONTROL_PREPLAY,largest_held_target_error,25,22,right_elbow_joint,5,4,5,1791356785559.119,1645748039972000,0,-3.0,-0.7157319188117981,-0.7157319188117981,0.542046487,-8.231341362,-11.1875,14.250622749328613,0.9072228670120239,-10.456464453687587,1.707187,unknown; numeric event only
20261007_150609_general32_onehand_A508_off,general32_onehand_A508,off,CONTROL_PREPLAY,first_raw_minus3,25,22,right_elbow_joint,4,3,4,1791356785539.162,1645748020016000,0,-3.0,-0.7157319188117981,-0.028117390349507332,0.66405791,-3.09710741,-7.25,14.250622749328613,0.9072228670120239,-7.054162417739672,1.8061,unknown; numeric event only
20261007_150609_general32_onehand_A508_off,general32_onehand_A508,off,CONTROL_PREPLAY,largest_held_target_error,26,24,right_wrist_roll_joint,10,9,10,1791356785659.113,1645748139966000,0,-2.017954111,-0.8850288987159729,-0.8067123293876648,-0.416691512,-7.402991772,0.1875,14.250622749328613,0.9072228670120239,1.1581238868838666,1.801541,unknown; numeric event only
20261007_150609_general32_onehand_A508_off,general32_onehand_A508,off,CONTROL_PREPLAY,largest_held_target_error,27,26,right_wrist_pitch_joint,7,6,7,1791356785599.186,1645748080039000,0,-0.327687681,-0.02441301755607128,-0.019135378301143646,0.024052341,-0.049087387,-0.637499988,16.77832794189453,1.0681414604187012,-0.6721854442587583,0.0238,unknown; numeric event only
20261007_150609_general32_onehand_A508_off,general32_onehand_A508,off,CONTROL_PREPLAY,largest_held_target_error,28,28,right_wrist_yaw_joint,13,12,13,1791356785719.199,1645748200052000,0,-3.0,-0.22350260615348816,-0.21408358216285706,-0.122418858,-1.374446869,-0.037500001,16.77832794189453,1.0681414604187012,-0.06987711678614805,1.979317,unknown; numeric event only
20261007_150609_general32_onehand_A508_off,general32_onehand_A508,off,CONTROL_PREPLAY,first_raw_minus3,28,28,right_wrist_yaw_joint,13,12,13,1791356785719.199,1645748200052000,0,-3.0,-0.22350260615348816,-0.21408358216285706,-0.122418858,-1.374446869,-0.037500001,16.77832794189453,1.0681414604187012,-0.06987711678614805,1.979317,unknown; numeric event only
20261007_150609_general32_onehand_A508_off,general32_onehand_A508,off,PLAY,largest_held_target_error,0,0,left_hip_pitch_joint,832,831,832,1791356802099.171,1645764580024000,540,1.822217107,0.3269813358783722,0.3530934751033783,-0.02280518,0.820304751,31.552734375,99.09842681884766,6.308801651000977,32.07582539663264,1.934543,unknown; numeric event only
20261007_150609_general32_onehand_A508_off,general32_onehand_A508,off,PLAY,largest_held_target_error,1,3,left_hip_roll_joint,834,833,834,1791356802139.319,1645764620172000,542,1.01787138,0.3569282591342926,0.41266530752182007,0.093513176,0.571595371,27.94921875,99.09842681884766,6.308801651000977,28.021392329425012,0.100854,unknown; numeric event only
20261007_150609_general32_onehand_A508_off,general32_onehand_A508,off,PLAY,largest_held_target_error,2,6,left_hip_yaw_joint,832,831,832,1791356802099.171,1645764580024000,540,-0.617382288,-0.33804547786712646,-0.3197151720523834,0.001941825,-2.591814041,-6.208274364,40.179237365722656,2.557889699935913,-6.2943583952900894,1.934543,unknown; numeric event only
20261007_150609_general32_onehand_A508_off,general32_onehand_A508,off,PLAY,largest_held_target_error,3,9,left_knee_joint,853,852,853,1791356802519.279,1645765000132000,561,-0.556227446,0.4739524722099304,0.5087850689888,0.132058695,0.392699093,34.365234375,99.09842681884766,6.308801651000977,34.85553031719395,1.985032,unknown; numeric event only
20261007_150609_general32_onehand_A508_off,general32_onehand_A508,off,PLAY,largest_held_target_error,4,13,left_ankle_pitch_joint,854,853,854,1791356802539.268,1645765020122000,562,2.444301128,0.7090150117874146,0.9527319669723511,-0.072351865,-0.507713199,30.364967346,28.501245498657227,1.8144457340240479,30.137383999781523,1.944799,unknown; numeric event only
20261007_150609_general32_onehand_A508_off,general32_onehand_A508,off,PLAY,first_raw_plus3,4,13,left_ankle_pitch_joint,830,829,830,1791356802059.337,1645764540190000,538,3.0,0.9527319669723511,0.8813888430595398,-0.012475213,0.023871589,25.118816376,28.501245498657227,1.8144457340240479,25.432925201353022,0.142803,unknown; numeric event only
20261007_150609_general32_onehand_A508_off,general32_onehand_A508,off,PLAY,largest_held_target_error,5,17,left_ankle_roll_joint,853,852,853,1791356802519.279,1645765000132000,561,-0.13642475,-0.059832800179719925,-0.008381265215575695,-0.136417434,-0.260689288,3.632288456,28.501245498657227,1.8144457340240479,4.122196845749756,1.985032,unknown; numeric event only
20261007_150609_general32_onehand_A508_off,general32_onehand_A508,off,PLAY,largest_held_target_error,6,1,right_hip_pitch_joint,853,852,853,1791356802519.279,1645765000132000,561,-0.342325777,-0.4320404529571533,-0.5560003519058228,-0.110122778,-1.953678012,-32.431640625,99.09842681884766,6.308801651000977,-31.860399060241605,1.985032,unknown; numeric event only
20261007_150609_general32_onehand_A508_off,general32_onehand_A508,off,PLAY,largest_held_target_error,7,4,right_hip_roll_joint,858,857,858,1791356802619.208,1645765100062000,566,-1.338147879,-0.46923691034317017,-0.5030083656311035,-0.10519699,-0.079630651,-38.935546875,99.09842681884766,6.308801651000977,-38.92010751318495,1.978981,unknown; numeric event only
20261007_150609_general32_onehand_A508_off,general32_onehand_A508,off,PLAY,largest_held_target_error,8,7,right_hip_yaw_joint,842,841,842,1791356802299.194,1645764780047000,550,-0.354673952,-0.19420047104358673,-0.18414008617401123,-0.34871158,0.138847172,6.431995869,40.179237365722656,2.557889699935913,6.257201362941934,0.038408,unknown; numeric event only
20261007_150609_general32_onehand_A508_off,general32_onehand_A508,off,PLAY,largest_held_target_error,9,10,right_knee_joint,851,850,851,1791356802479.27,1645764960123000,559,-0.618638396,0.4520673453807831,0.9198195934295654,0.448945045,3.884448528,23.642578125,99.09842681884766,6.308801651000977,22.15671169173051,0.125548,unknown; numeric event only
20261007_150609_general32_onehand_A508_off,general32_onehand_A508,off,PLAY,largest_held_target_error,10,14,right_ankle_pitch_joint,842,841,842,1791356802299.194,1645764780047000,550,2.995253801,0.9506503939628601,0.9527319669723511,-0.232127443,0.010761183,33.379657745,28.501245498657227,1.8144457340240479,33.75044334242873,0.038408,unknown; numeric event only
20261007_150609_general32_onehand_A508_off,general32_onehand_A508,off,PLAY,first_raw_plus3,10,14,right_ankle_pitch_joint,837,836,837,1791356802199.123,1645764679976000,545,3.0,0.9527319669723511,0.9154630899429321,-0.230580971,0.047779869,32.104545593,28.501245498657227,1.8144457340240479,32.576989153733315,1.990918,unknown; numeric event only
20261007_150609_general32_onehand_A508_off,general32_onehand_A508,off,PLAY,largest_held_target_error,11,18,right_ankle_roll_joint,668,667,668,1791356798819.24,1645761300094000,376,0.374733925,0.16434979438781738,0.1699633151292801,0.079379767,0.000168122,2.31116581,28.501245498657227,1.8144457340240479,2.581438895126349,0.087573,unknown; numeric event only
20261007_150609_general32_onehand_A508_off,general32_onehand_A508,off,PLAY,largest_held_target_error,12,2,waist_yaw_joint,671,670,671,1791356798879.353,1645761360206000,379,0.506621778,0.2773989737033844,0.2967638373374939,0.073039398,-0.107992254,8.948863983,40.179237365722656,2.557889699935913,9.265309626833849,0.173517,unknown; numeric event only
20261007_150609_general32_onehand_A508_off,general32_onehand_A508,off,PLAY,largest_held_target_error,13,5,waist_roll_joint,598,597,598,1791356797419.116,1645759899969000,306,0.638432264,0.2800019085407257,0.2837889492511749,-0.11922051,-0.022913655,11.169018745,28.501245498657227,1.8144457340240479,11.527847119964482,1.842869,unknown; numeric event only
20261007_150609_general32_onehand_A508_off,general32_onehand_A508,off,PLAY,largest_held_target_error,14,8,waist_pitch_joint,823,822,823,1791356801919.139,1645764399993000,531,-1.322054148,-0.5798229575157166,-0.5795316696166992,0.016585918,-0.041039672,-16.6912117,28.501245498657227,1.8144457340240479,-16.915629452944707,1.945419,unknown; numeric event only
20261007_150609_general32_onehand_A508_off,general32_onehand_A508,off,PLAY,largest_held_target_error,15,11,left_shoulder_pitch_joint,860,859,860,1791356802659.196,1645765140049000,568,-0.118718207,0.14793288707733154,0.18530043959617615,0.025190841,0.200951487,1.9375,14.250622749328613,0.9072228670120239,2.0993537039740713,1.902134,unknown; numeric event only
20261007_150609_general32_onehand_A508_off,general32_onehand_A508,off,PLAY,largest_held_target_error,16,15,left_shoulder_roll_joint,859,858,859,1791356802639.124,1645765119977000,567,1.087510705,0.6769575476646423,0.6836652755737305,0.424589127,-0.334407836,3.75,14.250622749328613,0.9072228670120239,3.9953788924004496,1.881394,unknown; numeric event only
20261007_150609_general32_onehand_A508_off,general32_onehand_A508,off,PLAY,largest_held_target_error,17,19,left_shoulder_yaw_joint,631,630,631,1791356798079.234,1645760560088000,339,-1.150719285,-0.5046793818473816,-0.5052461624145508,-0.581294835,0.007669904,1.1875,14.250622749328613,0.9072228670120239,1.076782631305859,1.973351,unknown; numeric event only
20261007_150609_general32_onehand_A508_off,general32_onehand_A508,off,PLAY,largest_held_target_error,18,21,left_elbow_joint,660,659,660,1791356798659.121,1645761139974000,368,0.562267125,0.8465976119041443,0.8443666100502014,0.93358314,-0.013805828,-1.375,14.250622749328613,0.9072228670120239,-1.2588661484591221,1.945117,unknown; numeric event only
20261007_150609_general32_onehand_A508_off,general32_onehand_A508,off,PLAY,largest_held_target_error,19,23,left_wrist_roll_joint,580,579,580,1791356797059.121,1645759539974000,288,1.470649719,0.6449936032295227,0.644060492515564,0.606401801,0.41570881,0.0625,14.250622749328613,0.9072228670120239,0.15951926757128804,1.965095,unknown; numeric event only
20261007_150609_general32_onehand_A508_off,general32_onehand_A508,off,PLAY,largest_held_target_error,20,25,left_wrist_pitch_joint,853,852,853,1791356802519.279,1645765000132000,561,-0.991901815,-0.07389754801988602,-0.06989816576242447,-0.039607864,-0.263844699,-0.243750006,16.77832794189453,1.0681414604187012,-0.22639715431531093,1.985032,unknown; numeric event only
20261007_150609_general32_onehand_A508_off,general32_onehand_A508,off,PLAY,largest_held_target_error,21,27,left_wrist_yaw_joint,816,815,816,1791356801779.2,1645764260053000,524,-0.07640411,-0.005692172795534134,-0.007444304879754782,-0.026197517,0.171805859,0.118749999,16.77832794189453,1.0681414604187012,0.1311345817766361,1.925419,unknown; numeric event only
20261007_150609_general32_onehand_A508_off,general32_onehand_A508,off,PLAY,largest_held_target_error,22,12,right_shoulder_pitch_joint,825,824,825,1791356801959.244,1645764440097000,533,-3.0,-1.115731954574585,-1.115731954574585,-0.611195505,0.047553405,-7.0,14.250622749328613,0.9072228670120239,-7.233100142593353,1.893341,unknown; numeric event only
20261007_150609_general32_onehand_A508_off,general32_onehand_A508,off,PLAY,first_raw_minus3,22,12,right_shoulder_pitch_joint,292,291,292,1791356791299.143,1645753779996000,0,-3.0,-1.115731954574585,-1.115731954574585,-0.780161083,-0.013805828,-4.5625,14.250622749328613,0.9072228670120239,-4.769568933613177,1.829817,unknown; numeric event only
20261007_150609_general32_onehand_A508_off,general32_onehand_A508,off,PLAY,largest_held_target_error,23,16,right_shoulder_roll_joint,735,734,735,1791356800159.313,1645762640166000,443,-0.797187924,-0.5496285557746887,-0.5395351648330688,-0.956568897,-0.245436937,5.9375,14.250622749328613,0.9072228670120239,6.165656392511275,0.089426,unknown; numeric event only
20261007_150609_general32_onehand_A508_off,general32_onehand_A508,off,PLAY,largest_held_target_error,24,20,right_shoulder_yaw_joint,715,714,715,1791356799759.205,1645762240058000,423,1.922631025,0.8432223796844482,0.853430986404419,0.502366722,0.0,5.0625,14.250622749328613,0.9072228670120239,5.002884392797928,1.860235,unknown; numeric event only
20261007_150609_general32_onehand_A508_off,general32_onehand_A508,off,PLAY,largest_held_target_error,25,22,right_elbow_joint,825,824,825,1791356801959.244,1645764440097000,533,-1.926638246,-0.2449798285961151,-0.25606852769851685,0.170068145,-0.026077675,-5.9375,14.250622749328613,0.9072228670120239,-6.049054699202178,1.893341,unknown; numeric event only
20261007_150609_general32_onehand_A508_off,general32_onehand_A508,off,PLAY,largest_held_target_error,26,24,right_wrist_roll_joint,852,851,852,1791356802499.267,1645764980120000,560,-2.646625519,-1.160749912261963,-1.1622672080993652,-1.2278198,0.793068111,0.0625,14.250622749328613,0.9072228670120239,0.2146757320194106,1.908856,unknown; numeric event only
20261007_150609_general32_onehand_A508_off,general32_onehand_A508,off,PLAY,largest_held_target_error,27,26,right_wrist_pitch_joint,777,776,777,1791356800999.124,1645763479977000,485,1.878535867,0.13995255529880524,0.1389523595571518,0.204990178,0.0,-1.0625,16.77832794189453,1.0681414604187012,-1.108004174401398,1.96581,unknown; numeric event only
20261007_150609_general32_onehand_A508_off,general32_onehand_A508,off,PLAY,largest_held_target_error,28,28,right_wrist_yaw_joint,326,325,326,1791356791979.125,1645754459978000,34,-3.0,-0.22350260615348816,-0.22350260615348816,-0.214985013,0.012271847,-0.118749999,16.77832794189453,1.0681414604187012,-0.15601903978147477,1.824754,unknown; numeric event only
20261007_150609_general32_onehand_A508_off,general32_onehand_A508,off,PLAY,first_raw_minus3,28,28,right_wrist_yaw_joint,292,291,292,1791356791299.143,1645753779996000,0,-3.0,-0.22350260615348816,-0.22350260615348816,-0.215008989,0.0,-0.118749999,16.77832794189453,1.0681414604187012,-0.1425086940141249,1.829817,unknown; numeric event only
20261007_150609_general32_onehand_A508_off,general32_onehand_A508,off,FINAL_HOLD,largest_held_target_error,0,0,left_hip_pitch_joint,1190,1189,1190,1791356809259.256,1645771740110000,573,0.45771274,-0.15149778127670288,-0.14677423238754272,0.077091053,-0.347975045,-20.390625,99.09842681884766,6.308801651000977,-19.98939206285471,2.106063,unknown; numeric event only
20261007_150609_general32_onehand_A508_off,general32_onehand_A508,off,FINAL_HOLD,largest_held_target_error,1,3,left_hip_roll_joint,915,914,915,1791356803759.288,1645766240141000,573,-0.289464056,-0.1015038937330246,-0.10291387885808945,0.101225689,-0.008726647,-20.478515625,99.09842681884766,6.308801651000977,-20.174855341214762,2.103893,unknown; numeric event only
20261007_150609_general32_onehand_A508_off,general32_onehand_A508,off,FINAL_HOLD,largest_held_target_error,2,6,left_hip_yaw_joint,1031,1030,1031,1791356806079.117,1645768559970000,573,0.265796244,0.14553579688072205,0.1463763564825058,-0.041541662,0.068566509,7.550603867,40.179237365722656,2.557889699935913,7.375017102773195,1.924248,unknown; numeric event only
20261007_150609_general32_onehand_A508_off,general32_onehand_A508,off,FINAL_HOLD,largest_held_target_error,3,9,left_knee_joint,973,972,973,1791356804919.162,1645767400015000,573,-1.842529416,0.0228959321975708,0.018783651292324066,0.157113716,-0.022907447,-13.88671875,99.09842681884766,6.308801651000977,-13.563773254826264,1.98312,unknown; numeric event only
20261007_150609_general32_onehand_A508_off,general32_onehand_A508,off,FINAL_HOLD,largest_held_target_error,4,13,left_ankle_pitch_joint,2266,2265,2266,1791356830779.208,1645793260061000,573,2.144688368,0.5776116847991943,0.5881660580635071,-0.177363023,0.003169758,21.52422142,28.501245498657227,1.8144457340240479,21.812780921871497,0.074953,unknown; numeric event only
20261007_150609_general32_onehand_A508_off,general32_onehand_A508,off,FINAL_HOLD,largest_held_target_error,5,17,left_ankle_roll_joint,1628,1627,1628,1791356818019.133,1645780499986000,573,-0.071565531,-0.03138701990246773,-0.033407147973775864,-0.11414136,0.174580142,1.74249661,28.501245498657227,1.8144457340240479,1.9842594032028464,1.974266,unknown; numeric event only
20261007_150609_general32_onehand_A508_off,general32_onehand_A508,off,FINAL_HOLD,largest_held_target_error,6,1,right_hip_pitch_joint,1332,1331,1332,1791356812099.312,1645774580165000,573,1.261097074,0.13021814823150635,0.13574735820293427,-0.210359901,0.103628933,33.837890625,99.09842681884766,6.308801651000977,33.64491051399205,0.16769,unknown; numeric event only
20261007_150609_general32_onehand_A508_off,general32_onehand_A508,off,FINAL_HOLD,largest_held_target_error,7,4,right_hip_roll_joint,1805,1804,1805,1791356821559.131,1645784039984000,573,-0.782459259,-0.27437829971313477,-0.2764821946620941,-0.066455454,0.023998279,-21.181640625,99.09842681884766,6.308801651000977,-20.96471997168001,1.975498,unknown; numeric event only
20261007_150609_general32_onehand_A508_off,general32_onehand_A508,off,FINAL_HOLD,largest_held_target_error,8,7,right_hip_yaw_joint,1805,1804,1805,1791356821559.131,1645784039984000,573,-0.098383188,-0.05386936664581299,-0.052224185317754745,-0.266927272,-0.008570814,8.948863983,40.179237365722656,2.557889699935913,8.648529479809925,1.975498,unknown; numeric event only
20261007_150609_general32_onehand_A508_off,general32_onehand_A508,off,FINAL_HOLD,largest_held_target_error,9,10,right_knee_joint,1804,1803,1804,1791356821539.121,1645784019975000,573,-1.499165893,0.14330029487609863,0.143232524394989,0.358303815,-0.114537232,-20.21484375,99.09842681884766,6.308801651000977,-20.59063387451312,1.956894,unknown; numeric event only
20261007_150609_general32_onehand_A508_off,general32_onehand_A508,off,FINAL_HOLD,largest_held_target_error,10,14,right_ankle_pitch_joint,1333,1332,1333,1791356812119.183,1645774600036000,573,2.580907583,0.7689275145530701,0.7729121446609497,-0.161372498,-0.001120276,26.450172424,28.501245498657227,1.8144457340240479,26.6303086461141,0.033396,unknown; numeric event only
20261007_150609_general32_onehand_A508_off,general32_onehand_A508,off,FINAL_HOLD,largest_held_target_error,11,18,right_ankle_roll_joint,1805,1804,1805,1791356821559.131,1645784039984000,573,0.517792881,0.2270922064781189,0.22869804501533508,-0.028968291,0.051387057,6.912085056,28.501245498657227,1.8144457340240479,7.250572473154868,1.975498,unknown; numeric event only
20261007_150609_general32_onehand_A508_off,general32_onehand_A508,off,FINAL_HOLD,largest_held_target_error,12,2,waist_yaw_joint,1760,1759,1760,1791356820659.219,1645783140072000,573,0.552246988,0.30238088965415955,0.305508553981781,0.035970632,-0.066852346,10.682705879,40.179237365722656,2.557889699935913,11.000829073619567,0.06595,unknown; numeric event only
20261007_150609_general32_onehand_A508_off,general32_onehand_A508,off,FINAL_HOLD,largest_held_target_error,13,5,waist_roll_joint,1459,1458,1459,1791356814639.23,1645777120084000,573,-1.588556051,-0.696704626083374,-0.7106672525405884,-0.096432611,-0.02095744,-17.573791504,28.501245498657227,1.8144457340240479,-17.468426174723966,0.040191,unknown; numeric event only
20261007_150609_general32_onehand_A508_off,general32_onehand_A508,off,FINAL_HOLD,largest_held_target_error,14,8,waist_pitch_joint,1458,1457,1458,1791356814619.125,1645777099978000,573,-1.661209345,-0.7285687327384949,-0.7292840480804443,0.015915925,0.002663246,-21.091362,28.501245498657227,1.8144457340240479,-21.24395969370186,1.840787,unknown; numeric event only
20261007_150609_general32_onehand_A508_off,general32_onehand_A508,off,FINAL_HOLD,largest_held_target_error,15,11,left_shoulder_pitch_joint,968,967,968,1791356804819.315,1645767300169000,573,-0.59336096,-0.06023465469479561,-0.09835180640220642,0.073667035,-0.019941751,-2.5625,14.250622749328613,0.9072228670120239,-2.433284002083974,2.009735,unknown; numeric event only
20261007_150609_general32_onehand_A508_off,general32_onehand_A508,off,FINAL_HOLD,largest_held_target_error,16,15,left_shoulder_roll_joint,1875,1874,1875,1791356822959.207,1645785440060000,573,0.952002406,0.617526650428772,0.623842716217041,0.425619751,0.081300981,2.5625,14.250622749328613,0.9072228670120239,2.751042588487629,1.893691,unknown; numeric event only
20261007_150609_general32_onehand_A508_off,general32_onehand_A508,off,FINAL_HOLD,largest_held_target_error,17,19,left_shoulder_yaw_joint,1881,1880,1881,1791356823079.209,1645785560062000,573,-1.063869953,-0.46658921241760254,-0.46613430976867676,-0.542429984,0.058291271,1.125,14.250622749328613,0.9072228670120239,1.0343776968778646,1.85907,unknown; numeric event only
20261007_150609_general32_onehand_A508_off,general32_onehand_A508,off,FINAL_HOLD,largest_held_target_error,18,21,left_elbow_joint,1591,1590,1591,1791356817279.145,1645779759998000,573,0.669606686,0.8936743140220642,0.8941143751144409,1.000047684,-0.395767063,-1.25,14.250622749328613,0.9072228670120239,-1.1505666919524165,1.836502,unknown; numeric event only
20261007_150609_general32_onehand_A508_off,general32_onehand_A508,off,FINAL_HOLD,largest_held_target_error,19,23,left_wrist_roll_joint,890,889,890,1791356803259.275,1645765740128000,573,1.337129593,0.5864347219467163,0.5824623107910156,0.54117167,0.147262156,0.25,14.250622749328613,0.9072228670120239,0.4548177496221114,0.130384,unknown; numeric event only
20261007_150609_general32_onehand_A508_off,general32_onehand_A508,off,FINAL_HOLD,largest_held_target_error,20,25,left_wrist_pitch_joint,2175,2174,2175,1791356828959.319,1645791440172000,573,-0.837719083,-0.06241080164909363,-0.06132873520255089,-0.03860119,-0.036815539,-0.375,16.77832794189453,1.0681414604187012,-0.3420060031290689,2.020599,unknown; numeric event only
20261007_150609_general32_onehand_A508_off,general32_onehand_A508,off,FINAL_HOLD,largest_held_target_error,21,27,left_wrist_yaw_joint,2254,2253,2254,1791356830539.202,1645793020055000,573,-1.557635784,-0.11604522168636322,-0.11555705964565277,-0.135733336,0.049087387,0.25,16.77832794189453,1.0681414604187012,0.28609190808121227,0.027934,unknown; numeric event only
20261007_150609_general32_onehand_A508_off,general32_onehand_A508,off,FINAL_HOLD,largest_held_target_error,22,12,right_shoulder_pitch_joint,1459,1458,1459,1791356814639.23,1645777120084000,573,-3.0,-1.115731954574585,-1.115731954574585,-0.144589677,-0.004601942,-13.5625,14.250622749328613,0.9072228670120239,-13.83520724662412,0.040191,unknown; numeric event only
20261007_150609_general32_onehand_A508_off,general32_onehand_A508,off,FINAL_HOLD,first_raw_minus3,22,12,right_shoulder_pitch_joint,866,865,866,1791356802779.118,1645765259971000,573,-3.0,-1.115731954574585,-1.115731954574585,-0.824790359,0.153398082,-4.0625,14.250622749328613,0.9072228670120239,-4.2852651683673315,1.801701,unknown; numeric event only
20261007_150609_general32_onehand_A508_off,general32_onehand_A508,off,FINAL_HOLD,largest_held_target_error,23,16,right_shoulder_roll_joint,1458,1457,1458,1791356814619.125,1645777099978000,573,-2.773919821,-1.4165782928466797,-1.4363951683044434,-0.809905946,-0.727106929,-8.375,14.250622749328613,0.9072228670120239,-8.268213530829204,1.840787,unknown; numeric event only
20261007_150609_general32_onehand_A508_off,general32_onehand_A508,off,FINAL_HOLD,largest_held_target_error,24,20,right_shoulder_yaw_joint,1457,1456,1457,1791356814599.217,1645777080070000,573,-0.516498148,-0.22652436792850494,-0.22910398244857788,0.403628707,0.010737866,-8.8125,14.250622749328613,0.9072228670120239,-9.026576496077892,1.935884,unknown; numeric event only
20261007_150609_general32_onehand_A508_off,general32_onehand_A508,off,FINAL_HOLD,largest_held_target_error,25,22,right_elbow_joint,1414,1413,1414,1791356813739.204,1645776220057000,573,-3.0,-0.7157319188117981,-0.7157319188117981,0.055606805,0.012271847,-10.75,14.250622749328613,0.9072228670120239,-11.003190465209384,0.040009,unknown; numeric event only
20261007_150609_general32_onehand_A508_off,general32_onehand_A508,off,FINAL_HOLD,first_raw_minus3,25,22,right_elbow_joint,1325,1324,1325,1791356811959.133,1645774439986000,573,-3.0,-0.7157319188117981,-0.6822210550308228,0.050130013,-0.010737866,-10.1875,14.250622749328613,0.9072228670120239,-10.426717152997037,1.992435,unknown; numeric event only
20261007_150609_general32_onehand_A508_off,general32_onehand_A508,off,FINAL_HOLD,largest_held_target_error,26,24,right_wrist_roll_joint,1460,1459,1460,1791356814659.297,1645777140150000,573,-2.695690632,-1.182268738746643,-1.1780312061309814,-1.267535567,0.049087387,1.0625,14.250622749328613,0.9072228670120239,1.2309596811958836,0.145552,unknown; numeric event only
20261007_150609_general32_onehand_A508_off,general32_onehand_A508,off,FINAL_HOLD,largest_held_target_error,27,26,right_wrist_pitch_joint,1755,1754,1755,1791356820559.209,1645783040062000,573,0.696423471,0.051884155720472336,0.04970353841781616,0.109547801,-0.012271847,-0.96875,16.77832794189453,1.0681414604187012,-0.9909785944681136,0.064967,unknown; numeric event only
20261007_150609_general32_onehand_A508_off,general32_onehand_A508,off,FINAL_HOLD,largest_held_target_error,28,28,right_wrist_yaw_joint,1922,1921,1922,1791356823899.124,1645786379977000,573,-3.0,-0.22350260615348816,-0.22350260615348816,-0.214973032,0.01840777,-0.106250003,16.77832794189453,1.0681414604187012,-0.1627740946827832,1.677714,unknown; numeric event only
20261007_150609_general32_onehand_A508_off,general32_onehand_A508,off,FINAL_HOLD,first_raw_minus3,28,28,right_wrist_yaw_joint,866,865,866,1791356802779.118,1645765259971000,573,-3.0,-0.22350260615348816,-0.22350260615348816,-0.214996994,0.0,-0.131249994,16.77832794189453,1.0681414604187012,-0.14270995005778814,1.801701,unknown; numeric event only
20261007_150721_general32_onehand_A508_on,general32_onehand_A508,on,CONTROL_PREPLAY,largest_held_target_error,0,0,left_hip_pitch_joint,2,1,2,1791356854217.279,1645816698132000,0,-0.458205074,-0.4726748764514923,-0.478826642036438,-0.287987858,-1.965677142,-7.20703125,99.09842681884766,6.308801651000977,-6.5107560752483415,0.204347,unknown; numeric event only
20261007_150721_general32_onehand_A508_on,general32_onehand_A508,on,CONTROL_PREPLAY,largest_held_target_error,1,3,left_hip_roll_joint,6,5,6,1791356854297.215,1645816778069000,0,1.55533421,0.5453957915306091,0.6002399921417236,0.036628053,-0.077448986,56.162109375,99.09842681884766,6.308801651000977,56.34166679601007,0.141371,unknown; numeric event only
20261007_150721_general32_onehand_A508_on,general32_onehand_A508,on,CONTROL_PREPLAY,largest_held_target_error,2,6,left_hip_yaw_joint,6,5,6,1791356854297.215,1645816778069000,0,-1.176141381,-0.6439920663833618,-0.7214322686195374,-0.043550443,0.917077005,-29.139738083,40.179237365722656,2.557889699935913,-29.582556602614382,0.141371,unknown; numeric event only
20261007_150721_general32_onehand_A508_on,general32_onehand_A508,on,CONTROL_PREPLAY,largest_held_target_error,3,9,left_knee_joint,6,5,6,1791356854297.215,1645816778069000,0,-2.096930265,-0.06631264090538025,-0.20630772411823273,0.882746279,-1.614429593,-97.998046875,99.09842681884766,6.308801651000977,-97.73842234804205,0.141371,unknown; numeric event only
20261007_150721_general32_onehand_A508_on,general32_onehand_A508,on,CONTROL_PREPLAY,largest_held_target_error,4,13,left_ankle_pitch_joint,32,31,32,1791356854817.123,1645817297976000,0,1.801227808,0.42697766423225403,0.4410199522972107,0.002784787,-0.010032691,12.293710709,28.501245498657227,1.8144457340240479,12.508451805666164,0.038749,unknown; numeric event only
20261007_150721_general32_onehand_A508_on,general32_onehand_A508,on,CONTROL_PREPLAY,largest_held_target_error,5,17,left_ankle_roll_joint,5,4,5,1791356854277.207,1645816758060000,0,0.279510677,0.12258704006671906,0.1410524547100067,-0.01145709,-0.278687686,4.288725376,28.501245498657227,1.8144457340240479,4.852375657656075,0.163508,unknown; numeric event only
20261007_150721_general32_onehand_A508_on,general32_onehand_A508,on,CONTROL_PREPLAY,largest_held_target_error,6,1,right_hip_pitch_joint,9,8,9,1791356854357.233,1645816838087000,0,0.667242706,-0.07802369445562363,-0.026473820209503174,-0.237349436,2.174025774,7.822265625,99.09842681884766,6.308801651000977,7.181944386964108,0.13391,unknown; numeric event only
20261007_150721_general32_onehand_A508_on,general32_onehand_A508,on,CONTROL_PREPLAY,largest_held_target_error,7,4,right_hip_roll_joint,9,8,9,1791356854357.233,1645816838087000,0,-1.025696993,-0.3596723973751068,-0.3847476541996002,-0.153457731,-0.591230273,-19.51171875,99.09842681884766,6.308801651000977,-19.19051300570832,0.13391,unknown; numeric event only
20261007_150721_general32_onehand_A508_on,general32_onehand_A508,on,CONTROL_PREPLAY,largest_held_target_error,8,7,right_hip_yaw_joint,13,12,13,1791356854437.114,1645816917967000,0,0.413524479,0.22642385959625244,0.28537195920944214,-0.142757609,-0.678808451,18.96040535,40.179237365722656,2.557889699935913,18.938236689413877,1.884605,unknown; numeric event only
20261007_150721_general32_onehand_A508_on,general32_onehand_A508,on,CONTROL_PREPLAY,largest_held_target_error,9,10,right_knee_joint,13,12,13,1791356854437.114,1645816917967000,0,-1.910764813,-0.0010315913241356611,0.015964893624186516,0.654140532,-2.958333254,-44.6484375,99.09842681884766,6.308801651000977,-44.57866408011065,1.884605,unknown; numeric event only
20261007_150721_general32_onehand_A508_on,general32_onehand_A508,on,CONTROL_PREPLAY,largest_held_target_error,10,14,right_ankle_pitch_joint,31,30,31,1791356854797.241,1645817278095000,0,2.451718092,0.7122679352760315,0.7122427225112915,-0.153312653,0.317622393,23.349302292,28.501245498657227,1.8144457340240479,24.093097654120402,0.146861,unknown; numeric event only
20261007_150721_general32_onehand_A508_on,general32_onehand_A508,on,CONTROL_PREPLAY,largest_held_target_error,11,18,right_ankle_roll_joint,60,59,60,1791356855377.171,1645817858024000,0,0.271240771,0.11896004527807236,0.11928100138902664,0.041492049,0.009043648,1.93556416,28.501245498657227,1.8144457340240479,2.2006728205893915,0.118103,unknown; numeric event only
20261007_150721_general32_onehand_A508_on,general32_onehand_A508,on,CONTROL_PREPLAY,largest_held_target_error,12,2,waist_yaw_joint,8,7,8,1791356854337.23,1645816818083000,0,0.548113883,0.3001178205013275,0.2826148271560669,-0.108206518,1.390185952,11.913174629,40.179237365722656,2.557889699935913,12.146961267000234,0.16907,unknown; numeric event only
20261007_150721_general32_onehand_A508_on,general32_onehand_A508,on,CONTROL_PREPLAY,largest_held_target_error,13,5,waist_roll_joint,6,5,6,1791356854297.215,1645816778069000,0,-0.634101868,-0.27810269594192505,-0.3925025761127472,-0.066666998,-1.602566838,-7.829547882,28.501245498657227,1.8144457340240479,-6.378949241290805,0.141371,unknown; numeric event only
20261007_150721_general32_onehand_A508_on,general32_onehand_A508,on,CONTROL_PREPLAY,largest_held_target_error,14,8,waist_pitch_joint,6,5,6,1791356854297.215,1645816778069000,0,-0.851278841,-0.3733515739440918,-0.7531177401542664,-0.062840298,-2.193813562,-13.538414955,28.501245498657227,1.8144457340240479,-15.693211182208909,0.141371,unknown; numeric event only
20261007_150721_general32_onehand_A508_on,general32_onehand_A508,on,CONTROL_PREPLAY,largest_held_target_error,15,11,left_shoulder_pitch_joint,9,8,9,1791356854357.233,1645816838087000,0,-1.347674608,-0.3910595178604126,-0.41250547766685486,0.496973842,-1.544718742,-11.75,14.250622749328613,0.9072228670120239,-11.559242517043947,0.13391,unknown; numeric event only
20261007_150721_general32_onehand_A508_on,general32_onehand_A508,on,CONTROL_PREPLAY,largest_held_target_error,16,15,left_shoulder_roll_joint,8,7,8,1791356854337.23,1645816818083000,0,1.036269784,0.6544843912124634,0.7628498673439026,0.21679464,2.824058771,5.3125,14.250622749328613,0.9072228670120239,5.219576350339753,0.16907,unknown; numeric event only
20261007_150721_general32_onehand_A508_on,general32_onehand_A508,on,CONTROL_PREPLAY,largest_held_target_error,17,19,left_shoulder_yaw_joint,12,11,12,1791356854417.124,1645816897977000,0,-1.35550487,-0.5944936871528625,-0.5371019840240479,-0.252843171,-3.00200057,-1.625,14.250622749328613,0.9072228670120239,-1.3273815436905156,0.023586,unknown; numeric event only
20261007_150721_general32_onehand_A508_on,general32_onehand_A508,on,CONTROL_PREPLAY,largest_held_target_error,18,21,left_elbow_joint,9,8,9,1791356854357.233,1645816838087000,0,-0.360440969,0.4419187605381012,0.43750128149986267,0.846421838,-0.92038852,-5.25,14.250622749328613,0.9072228670120239,-4.992375073249621,0.13391,unknown; numeric event only
20261007_150721_general32_onehand_A508_on,general32_onehand_A508,on,CONTROL_PREPLAY,largest_held_target_error,19,23,left_wrist_roll_joint,10,9,10,1791356854377.277,1645816858130000,0,1.255217552,0.5505099296569824,0.48443156480789185,0.260668874,4.071185112,-0.125,14.250622749328613,0.9072228670120239,-0.5047145373673798,1.98258,unknown; numeric event only
20261007_150721_general32_onehand_A508_on,general32_onehand_A508,on,CONTROL_PREPLAY,largest_held_target_error,20,25,left_wrist_pitch_joint,22,21,22,1791356854617.121,1645817097975000,0,-3.0,-0.22350260615348816,-0.2200564295053482,-0.150533855,-0.865165174,-0.268750012,16.77832794189453,1.0681414604187012,-0.24235376195576863,1.868562,unknown; numeric event only
20261007_150721_general32_onehand_A508_on,general32_onehand_A508,on,CONTROL_PREPLAY,first_raw_minus3,20,25,left_wrist_pitch_joint,22,21,22,1791356854617.121,1645817097975000,0,-3.0,-0.22350260615348816,-0.2200564295053482,-0.150533855,-0.865165174,-0.268750012,16.77832794189453,1.0681414604187012,-0.24235376195576863,1.868562,unknown; numeric event only
20261007_150721_general32_onehand_A508_on,general32_onehand_A508,on,CONTROL_PREPLAY,largest_held_target_error,21,27,left_wrist_yaw_joint,15,14,15,1791356854477.119,1645816957973000,0,1.027435303,0.07654482126235962,0.06400354206562042,0.009060075,0.889708877,-0.056249999,16.77832794189453,1.0681414604187012,-0.028475430534601553,0.037403,unknown; numeric event only
20261007_150721_general32_onehand_A508_on,general32_onehand_A508,on,CONTROL_PREPLAY,first_raw_plus3,21,27,left_wrist_yaw_joint,38,37,38,1791356854937.242,1645817418096000,0,3.0,0.22350260615348816,0.213981032371521,0.178361222,0.435650557,0.143749997,16.77832794189453,1.0681414604187012,0.13230443745527454,0.087328,unknown; numeric event only
20261007_150721_general32_onehand_A508_on,general32_onehand_A508,on,CONTROL_PREPLAY,largest_held_target_error,22,12,right_shoulder_pitch_joint,5,4,5,1791356854277.207,1645816758060000,0,-3.0,-1.115731954574585,-1.115731954574585,0.188871384,-2.103087664,-16.625,14.250622749328613,0.9072228670120239,-16.68344079542934,0.163508,unknown; numeric event only
20261007_150721_general32_onehand_A508_on,general32_onehand_A508,on,CONTROL_PREPLAY,first_raw_minus3,22,12,right_shoulder_pitch_joint,4,3,4,1791356854257.126,1645816737979000,0,-3.0,-1.115731954574585,-0.6702057123184204,0.224800095,-1.268602133,-11.5625,14.250622749328613,0.9072228670120239,-11.603485254355274,0.062432,unknown; numeric event only
20261007_150721_general32_onehand_A508_on,general32_onehand_A508,on,CONTROL_PREPLAY,largest_held_target_error,23,16,right_shoulder_roll_joint,6,5,6,1791356854297.215,1645816778069000,0,-3.0,-1.515731930732727,-1.515731930732727,-0.204043418,-1.385184765,-17.5625,14.250622749328613,0.9072228670120239,-17.43570686573734,0.141371,unknown; numeric event only
20261007_150721_general32_onehand_A508_on,general32_onehand_A508,on,CONTROL_PREPLAY,first_raw_minus3,23,16,right_shoulder_roll_joint,5,4,5,1791356854277.207,1645816758060000,0,-3.0,-1.515731930732727,-1.0589799880981445,-0.169624731,-1.067650676,-11.8125,14.250622749328613,0.9072228670120239,-11.705269151789771,0.163508,unknown; numeric event only
20261007_150721_general32_onehand_A508_on,general32_onehand_A508,on,CONTROL_PREPLAY,largest_held_target_error,24,20,right_shoulder_yaw_joint,10,9,10,1791356854377.277,1645816858130000,0,2.339213371,1.025925874710083,1.0240743160247803,0.227820128,5.335185528,7.1875,14.250622749328613,0.9072228670120239,6.506915735360896,1.98258,unknown; numeric event only
20261007_150721_general32_onehand_A508_on,general32_onehand_A508,on,CONTROL_PREPLAY,largest_held_target_error,25,22,right_elbow_joint,5,4,5,1791356854277.207,1645816758060000,0,-3.0,-0.7157319188117981,-0.7157319188117981,0.544922709,-7.27106905,-11.875,14.250622749328613,0.9072228670120239,-11.368633408357812,0.163508,unknown; numeric event only
20261007_150721_general32_onehand_A508_on,general32_onehand_A508,on,CONTROL_PREPLAY,first_raw_minus3,25,22,right_elbow_joint,4,3,4,1791356854257.126,1645816737979000,0,-3.0,-0.7157319188117981,0.013870153576135635,0.653847337,-2.750427723,-6.8125,14.250622749328613,0.9072228670120239,-6.624822484781959,0.062432,unknown; numeric event only
20261007_150721_general32_onehand_A508_on,general32_onehand_A508,on,CONTROL_PREPLAY,largest_held_target_error,26,24,right_wrist_roll_joint,10,9,10,1791356854377.277,1645816858130000,0,-1.733789206,-0.7604005932807922,-0.7943978905677795,-0.490969747,-5.686467171,0.0,14.250622749328613,0.9072228670120239,0.834853044530826,1.98258,unknown; numeric event only
20261007_150721_general32_onehand_A508_on,general32_onehand_A508,on,CONTROL_PREPLAY,largest_held_target_error,27,26,right_wrist_pitch_joint,14,13,14,1791356854457.116,1645816937969000,0,-2.194397211,-0.16348449885845184,-0.1459767073392868,-0.066188879,-1.448077917,0.200000003,16.77832794189453,1.0681414604187012,0.20804571141631079,1.852297,unknown; numeric event only
20261007_150721_general32_onehand_A508_on,general32_onehand_A508,on,CONTROL_PREPLAY,first_raw_minus3,27,26,right_wrist_pitch_joint,19,18,19,1791356854557.122,1645817037975000,0,-3.0,-0.22350260615348816,-0.21655932068824768,-0.156609848,-0.687223434,-0.25,16.77832794189453,1.0681414604187012,-0.27180007028035424,0.067599,unknown; numeric event only
20261007_150721_general32_onehand_A508_on,general32_onehand_A508,on,CONTROL_PREPLAY,largest_held_target_error,28,28,right_wrist_yaw_joint,13,12,13,1791356854437.114,1645816917967000,0,-3.0,-0.22350260615348816,-0.22350260615348816,-0.110386699,-1.724194527,-0.037500001,16.77832794189453,1.0681414604187012,-0.056212125550406,1.884605,unknown; numeric event only
20261007_150721_general32_onehand_A508_on,general32_onehand_A508,on,CONTROL_PREPLAY,first_raw_minus3,28,28,right_wrist_yaw_joint,12,11,12,1791356854417.124,1645816897977000,0,-3.0,-0.22350260615348816,-0.17734751105308533,-0.075332843,-1.619883776,0.018750001,16.77832794189453,1.0681414604187012,0.01862946672702326,0.023586,unknown; numeric event only
20261007_150721_general32_onehand_A508_on,general32_onehand_A508,on,PLAY,largest_held_target_error,0,0,left_hip_pitch_joint,303,302,303,1791356860237.124,1645822717977000,195,1.085689783,0.06870957463979721,0.2309771031141281,-0.147193983,-0.453785658,39.462890625,99.09842681884766,6.308801651000977,40.33900341067602,0.059119,unknown; numeric event only
20261007_150721_general32_onehand_A508_on,general32_onehand_A508,on,PLAY,largest_held_target_error,1,3,left_hip_roll_joint,493,492,493,1791356864037.118,1645826517972000,385,1.080028892,0.37872451543807983,0.5550650954246521,0.025770877,1.715876818,41.66015625,99.09842681884766,6.308801651000977,41.62709786788185,1.932151,unknown; numeric event only
20261007_150721_general32_onehand_A508_on,general32_onehand_A508,on,PLAY,largest_held_target_error,2,6,left_hip_yaw_joint,302,301,302,1791356860217.194,1645822698047000,194,-0.377297968,-0.20658816397190094,-0.23750533163547516,0.112974033,-2.578100681,-7.550603867,40.179237365722656,2.557889699935913,-7.487496406148755,0.128769,unknown; numeric event only
20261007_150721_general32_onehand_A508_on,general32_onehand_A508,on,PLAY,largest_held_target_error,3,9,left_knee_joint,303,302,303,1791356860237.124,1645822717977000,195,-0.375778198,0.537229061126709,0.5896647572517395,0.134751692,0.758127451,39.90234375,99.09842681884766,6.308801651000977,40.29829339124922,0.059119,unknown; numeric event only
20261007_150721_general32_onehand_A508_on,general32_onehand_A508,on,PLAY,largest_held_target_error,4,13,left_ankle_pitch_joint,303,302,303,1791356860237.124,1645822717977000,195,2.718934536,0.829463005065918,0.9527319669723511,-0.031614628,-0.471547544,28.698917389,28.501245498657227,1.8144457340240479,28.910701388674607,0.059119,unknown; numeric event only
20261007_150721_general32_onehand_A508_on,general32_onehand_A508,on,PLAY,first_raw_plus3,4,13,left_ankle_pitch_joint,301,300,301,1791356860197.125,1645822677979000,193,3.0,0.9527319669723511,0.9062072038650513,-0.016280789,0.005261708,25.891319275,28.501245498657227,1.8144457340240479,26.2825096705761,0.081467,unknown; numeric event only
20261007_150721_general32_onehand_A508_on,general32_onehand_A508,on,PLAY,largest_held_target_error,5,17,left_ankle_roll_joint,303,302,303,1791356860237.124,1645822717977000,195,0.044604041,0.01956232078373432,0.0798492431640625,-0.050938334,-0.389751643,3.686775446,28.501245498657227,1.8144457340240479,4.434792050897735,0.059119,unknown; numeric event only
20261007_150721_general32_onehand_A508_on,general32_onehand_A508,on,PLAY,largest_held_target_error,6,1,right_hip_pitch_joint,493,492,493,1791356864037.118,1645826517972000,385,0.289404094,-0.21051713824272156,-0.18632882833480835,-0.620844603,-0.311977625,44.6484375,99.09842681884766,6.308801651000977,45.028034652968756,1.932151,unknown; numeric event only
20261007_150721_general32_onehand_A508_on,general32_onehand_A508,on,PLAY,largest_held_target_error,7,4,right_hip_roll_joint,307,306,307,1791356860317.117,1645822797970000,199,-1.730014324,-0.6066493391990662,-0.6060397028923035,-0.225810498,-0.100356445,-37.353515625,99.09842681884766,6.308801651000977,-37.046987129503975,0.064287,unknown; numeric event only
20261007_150721_general32_onehand_A508_on,general32_onehand_A508,on,PLAY,largest_held_target_error,8,7,right_hip_yaw_joint,494,493,494,1791356864057.127,1645826537980000,386,0.591508687,0.3238784968852997,0.5320367813110352,-0.267382592,3.517462015,23.88228035,40.179237365722656,2.557889699935913,23.122780896937005,1.967456,unknown; numeric event only
20261007_150721_general32_onehand_A508_on,general32_onehand_A508,on,PLAY,largest_held_target_error,9,10,right_knee_joint,499,498,499,1791356864157.217,1645826638070000,391,-1.819047809,0.031130028888583183,-0.11170613020658493,1.052293777,-0.477783918,-112.412109375,99.09842681884766,6.308801651000977,-112.3363156507571,0.063384,unknown; numeric event only
20261007_150721_general32_onehand_A508_on,general32_onehand_A508,on,PLAY,largest_held_target_error,10,14,right_ankle_pitch_joint,311,310,311,1791356860397.26,1645822878114000,203,2.583490133,0.7700601816177368,0.9527319669723511,-0.164300635,-0.633868456,33.760246277,28.501245498657227,1.8144457340240479,32.98694033473945,0.186633,unknown; numeric event only
20261007_150721_general32_onehand_A508_on,general32_onehand_A508,on,PLAY,first_raw_plus3,10,14,right_ankle_pitch_joint,305,304,305,1791356860277.372,1645822758226000,197,3.0,0.9527319669723511,0.30387261509895325,-0.139158085,3.276296616,1.916163683,28.501245498657227,1.8144457340240479,6.682264328663627,0.323577,unknown; numeric event only
20261007_150721_general32_onehand_A508_on,general32_onehand_A508,on,PLAY,largest_held_target_error,11,18,right_ankle_roll_joint,491,490,491,1791356863997.127,1645826477980000,383,0.827808022,0.36305782198905945,0.39906084537506104,0.050823722,0.368462294,9.163034439,28.501245498657227,1.8144457340240479,9.256636907561784,2.061211,unknown; numeric event only
20261007_150721_general32_onehand_A508_on,general32_onehand_A508,on,PLAY,largest_held_target_error,12,2,waist_yaw_joint,498,497,498,1791356864137.12,1645826617973000,390,0.794650793,0.4351082444190979,0.44521331787109375,0.06504444,0.498821318,13.758877754,40.179237365722656,2.557889699935913,13.998965671622447,1.838582,unknown; numeric event only
20261007_150721_general32_onehand_A508_on,general32_onehand_A508,on,PLAY,largest_held_target_error,13,5,waist_roll_joint,482,481,482,1791356863817.206,1645826298059000,374,-2.514972448,-1.103009819984436,-1.127215027809143,0.045605399,-0.006865168,-33.489097595,28.501245498657227,1.8144457340240479,-33.41438643553638,0.122587,unknown; numeric event only
20261007_150721_general32_onehand_A508_on,general32_onehand_A508,on,PLAY,largest_held_target_error,14,8,waist_pitch_joint,311,310,311,1791356860397.26,1645822878114000,203,-1.650898576,-0.7240466475486755,-0.8098915219306946,0.064270295,-0.037247125,-24.607336044,28.501245498657227,1.8144457340240479,-24.84711766283307,0.186633,unknown; numeric event only
20261007_150721_general32_onehand_A508_on,general32_onehand_A508,on,PLAY,largest_held_target_error,15,11,left_shoulder_pitch_joint,601,600,601,1791356866197.122,1645828677975000,493,-1.114166617,-0.28864818811416626,-0.29160887002944946,-0.102704808,-0.239301011,-2.5625,14.250622749328613,0.9072228670120239,-2.4749011745191605,0.068681,unknown; numeric event only
20261007_150721_general32_onehand_A508_on,general32_onehand_A508,on,PLAY,largest_held_target_error,16,15,left_shoulder_roll_joint,501,500,501,1791356864197.127,1645826677980000,393,1.787027597,0.9837497472763062,0.9878345131874084,0.530098259,0.125786424,6.1875,14.250622749328613,0.9072228670120239,6.408910356903078,1.786772,unknown; numeric event only
20261007_150721_general32_onehand_A508_on,general32_onehand_A508,on,PLAY,largest_held_target_error,17,19,left_shoulder_yaw_joint,501,500,501,1791356864197.127,1645826677980000,393,-0.669426322,-0.29359519481658936,-0.2520383298397064,-0.402669966,0.101242736,2.125,14.250622749328613,0.9072228670120239,2.0547448958164085,1.786772,unknown; numeric event only
20261007_150721_general32_onehand_A508_on,general32_onehand_A508,on,PLAY,largest_held_target_error,18,21,left_elbow_joint,493,492,493,1791356864037.118,1645826517972000,385,0.463503212,0.8032820224761963,0.8286056518554688,0.693119645,0.693359315,1.1875,14.250622749328613,0.9072228670120239,1.3017285458864423,1.932151,unknown; numeric event only
20261007_150721_general32_onehand_A508_on,general32_onehand_A508,on,PLAY,largest_held_target_error,19,23,left_wrist_roll_joint,312,311,312,1791356860417.207,1645822898061000,204,0.690998673,0.3030563294887543,0.30593517422676086,0.420526475,-1.89139843,-0.25,14.250622749328613,0.9072228670120239,0.0829225086523615,0.152013,unknown; numeric event only
20261007_150721_general32_onehand_A508_on,general32_onehand_A508,on,PLAY,largest_held_target_error,20,25,left_wrist_pitch_joint,121,120,121,1791356856597.132,1645819077986000,13,-2.916216135,-0.21726064383983612,-0.20983727276325226,-0.175449058,-0.349747628,-0.243750006,16.77832794189453,1.0681414604187012,-0.2033968024842489,1.893331,unknown; numeric event only
20261007_150721_general32_onehand_A508_on,general32_onehand_A508,on,PLAY,first_raw_minus3,20,25,left_wrist_pitch_joint,123,122,123,1791356856637.206,1645819118059000,15,-3.0,-0.22350260615348816,-0.22279603779315948,-0.190285534,-0.269980639,-0.256249994,16.77832794189453,1.0681414604187012,-0.25709438017160163,0.135537,unknown; numeric event only
20261007_150721_general32_onehand_A508_on,general32_onehand_A508,on,PLAY,largest_held_target_error,21,27,left_wrist_yaw_joint,594,593,594,1791356866057.254,1645828538108000,486,3.0,0.22350260615348816,0.21136941015720367,0.124528088,1.349903107,0.0,16.77832794189453,1.0681414604187012,0.015164705926552946,0.185437,unknown; numeric event only
20261007_150721_general32_onehand_A508_on,general32_onehand_A508,on,PLAY,first_raw_plus3,21,27,left_wrist_yaw_joint,131,130,131,1791356856797.216,1645819278069000,23,3.0,0.22350260615348816,0.22228758037090302,0.186618358,0.546097159,0.0,16.77832794189453,1.0681414604187012,0.015160893426607647,1.960151,unknown; numeric event only
20261007_150721_general32_onehand_A508_on,general32_onehand_A508,on,PLAY,first_raw_minus3,21,27,left_wrist_yaw_joint,322,321,322,1791356860617.278,1645823098131000,214,-3.0,-0.22350260615348816,-0.22096681594848633,-0.189039171,-0.343611717,-0.200000003,16.77832794189453,1.0681414604187012,-0.16866657614471847,0.211025,unknown; numeric event only
20261007_150721_general32_onehand_A508_on,general32_onehand_A508,on,PLAY,largest_held_target_error,22,12,right_shoulder_pitch_joint,481,480,481,1791356863797.242,1645826278095000,373,-3.0,-1.115731954574585,-1.115731954574585,-0.023848608,-0.225495189,-15.125,14.250622749328613,0.9072228670120239,-15.35544326644684,0.068958,unknown; numeric event only
20261007_150721_general32_onehand_A508_on,general32_onehand_A508,on,PLAY,first_raw_minus3,22,12,right_shoulder_pitch_joint,108,107,108,1791356856337.229,1645818818082000,0,-3.0,-1.115731954574585,-1.115731954574585,-0.846613586,-0.010737866,-3.625,14.250622749328613,0.9072228670120239,-3.825362707893072,0.149701,unknown; numeric event only
20261007_150721_general32_onehand_A508_on,general32_onehand_A508,on,PLAY,largest_held_target_error,23,16,right_shoulder_roll_joint,353,352,353,1791356861237.299,1645823718152000,245,-2.905254602,-1.4741787910461426,-1.4715898036956787,-0.833502889,-0.41264084,-8.8125,14.250622749328613,0.9072228670120239,-8.718778696700095,0.249033,unknown; numeric event only
20261007_150721_general32_onehand_A508_on,general32_onehand_A508,on,PLAY,first_raw_minus3,23,16,right_shoulder_roll_joint,362,361,362,1791356861417.156,1645823898009000,254,-3.0,-1.515731930732727,-1.5090842247009277,-0.88130796,-0.190213621,-8.875,14.250622749328613,0.9072228670120239,-8.773636572647224,0.100661,unknown; numeric event only
20261007_150721_general32_onehand_A508_on,general32_onehand_A508,on,PLAY,largest_held_target_error,24,20,right_shoulder_yaw_joint,497,496,497,1791356864117.232,1645826598085000,389,0.117804319,0.05166630074381828,-0.06374083459377289,0.582013905,-1.010893345,-8.125,14.250622749328613,0.9072228670120239,-8.285301623847522,0.094924,unknown; numeric event only
20261007_150721_general32_onehand_A508_on,general32_onehand_A508,on,PLAY,largest_held_target_error,25,22,right_elbow_joint,497,496,497,1791356864117.232,1645826598085000,389,-2.138906717,-0.3380759656429291,-0.5326524376869202,0.346475929,-2.842466593,-9.9375,14.250622749328613,0.9072228670120239,-9.949376010001373,0.094924,unknown; numeric event only
20261007_150721_general32_onehand_A508_on,general32_onehand_A508,on,PLAY,largest_held_target_error,26,24,right_wrist_roll_joint,493,492,493,1791356864037.118,1645826517972000,385,-1.228602648,-0.5388372540473938,-0.5421321988105774,-0.789364994,0.987883687,2.5,14.250622749328613,0.9072228670120239,2.6269906247119392,1.932151,unknown; numeric event only
20261007_150721_general32_onehand_A508_on,general32_onehand_A508,on,PLAY,largest_held_target_error,27,26,right_wrist_pitch_joint,624,623,624,1791356866657.259,1645829138112000,516,-3.0,-0.22350260615348816,-0.22350260615348816,-0.165885642,0.0,-0.925000012,16.77832794189453,1.0681414604187012,-0.9667163195836059,0.203295,unknown; numeric event only
20261007_150721_general32_onehand_A508_on,general32_onehand_A508,on,PLAY,first_raw_minus3,27,26,right_wrist_pitch_joint,117,116,117,1791356856517.117,1645818997971000,9,-3.0,-0.22350260615348816,-0.15900124609470367,-0.18713367,0.147262156,0.349999994,16.77832794189453,1.0681414604187012,0.31471821970920844,0.061889,unknown; numeric event only
20261007_150721_general32_onehand_A508_on,general32_onehand_A508,on,PLAY,largest_held_target_error,28,28,right_wrist_yaw_joint,495,494,495,1791356864077.244,1645826558097000,387,-3.0,-0.22350260615348816,-0.22350260615348816,-0.207566783,-0.073631078,-0.181250006,16.77832794189453,1.0681414604187012,-0.18872805970613682,0.026746,unknown; numeric event only
20261007_150721_general32_onehand_A508_on,general32_onehand_A508,on,PLAY,first_raw_minus3,28,28,right_wrist_yaw_joint,108,107,108,1791356856337.229,1645818818082000,0,-3.0,-0.22350260615348816,-0.22350260615348816,-0.215008989,-0.006135923,-0.118749999,16.77832794189453,1.0681414604187012,-0.1359546602598882,0.149701,unknown; numeric event only
20261007_150721_general32_onehand_A508_on,general32_onehand_A508,on,FINAL_HOLD,largest_held_target_error,0,0,left_hip_pitch_joint,1481,1480,1481,1791356883797.114,1645846277967000,573,1.155410171,0.0931578278541565,0.16040830314159393,-0.359761089,-0.054541543,51.15234375,99.09842681884766,6.308801651000977,51.89206021707476,0.061425,unknown; numeric event only
20261007_150721_general32_onehand_A508_on,general32_onehand_A508,on,FINAL_HOLD,largest_held_target_error,1,3,left_hip_roll_joint,1482,1481,1482,1791356883817.113,1645846297967000,573,1.143340349,0.4009253978729248,0.48030662536621094,-0.074594073,-0.076358162,54.755859375,99.09842681884766,6.308801651000977,55.47151474726441,0.059518,unknown; numeric event only
20261007_150721_general32_onehand_A508_on,general32_onehand_A508,on,FINAL_HOLD,largest_held_target_error,2,6,left_hip_yaw_joint,1481,1480,1481,1791356883797.114,1645846277967000,573,-0.800258279,-0.4381785988807678,-0.4648296535015106,0.171630532,-1.511891484,-21.700994492,40.179237365722656,2.557889699935913,-21.705233212752645,0.061425,unknown; numeric event only
20261007_150721_general32_onehand_A508_on,general32_onehand_A508,on,FINAL_HOLD,largest_held_target_error,3,9,left_knee_joint,1481,1480,1481,1791356883797.114,1645846277967000,573,-0.196474969,0.6001037955284119,0.606007993221283,0.302850425,0.217075333,28.30078125,99.09842681884766,6.308801651000977,28.67295286973464,0.061425,unknown; numeric event only
20261007_150721_general32_onehand_A508_on,general32_onehand_A508,on,FINAL_HOLD,largest_held_target_error,4,13,left_ankle_pitch_joint,1481,1480,1481,1791356883797.114,1645846277967000,573,3.0,0.9527319669723511,0.9527319669723511,-0.075800605,-0.068840034,29.036590576,28.501245498657227,1.8144457340240479,29.43936584317068,0.061425,unknown; numeric event only
20261007_150721_general32_onehand_A508_on,general32_onehand_A508,on,FINAL_HOLD,first_raw_plus3,4,13,left_ankle_pitch_joint,1479,1478,1479,1791356883757.228,1645846238081000,573,3.0,0.9527319669723511,0.9095730781555176,-0.072911814,0.067993276,27.541116714,28.501245498657227,1.8144457340240479,27.878673000465657,0.111444,unknown; numeric event only
20261007_150721_general32_onehand_A508_on,general32_onehand_A508,on,FINAL_HOLD,largest_held_target_error,5,17,left_ankle_roll_joint,1221,1220,1221,1791356878597.301,1645841078154000,573,-0.463907838,-0.2034594565629959,-0.20565761625766754,-0.042781327,-0.011845653,-4.840744495,28.501245498657227,1.8144457340240479,-4.62068381149051,0.235621,unknown; numeric event only
20261007_150721_general32_onehand_A508_on,general32_onehand_A508,on,FINAL_HOLD,largest_held_target_error,6,1,right_hip_pitch_joint,1481,1480,1481,1791356883797.114,1645846277967000,573,-1.37980926,-0.7958459258079529,-0.8117309212684631,-0.476249903,-1.375537634,-24.697265625,99.09842681884766,6.308801651000977,-24.567647041596615,0.061425,unknown; numeric event only
20261007_150721_general32_onehand_A508_on,general32_onehand_A508,on,FINAL_HOLD,largest_held_target_error,7,4,right_hip_roll_joint,786,785,786,1791356869897.294,1645832378148000,573,-1.211824298,-0.4249400794506073,-0.5397219061851501,-0.161170244,-1.126828194,-30.5859375,99.09842681884766,6.308801651000977,-30.404938621506595,0.189478,unknown; numeric event only
20261007_150721_general32_onehand_A508_on,general32_onehand_A508,on,FINAL_HOLD,largest_held_target_error,8,7,right_hip_yaw_joint,785,784,785,1791356869877.229,1645832358082000,573,0.48327601,0.26461607217788696,0.3414979577064514,-0.371946514,5.924146175,15.213068008,40.179237365722656,2.557889699935913,13.512342294008876,0.158702,unknown; numeric event only
20261007_150721_general32_onehand_A508_on,general32_onehand_A508,on,FINAL_HOLD,largest_held_target_error,9,10,right_knee_joint,789,788,789,1791356869957.119,1645832437973000,573,-2.590671301,-0.23944859206676483,-0.24736423790454865,0.589943469,-0.733038306,-78.22265625,99.09842681884766,6.308801651000977,-78.3512832423978,0.048736,unknown; numeric event only
20261007_150721_general32_onehand_A508_on,general32_onehand_A508,on,FINAL_HOLD,largest_held_target_error,10,14,right_ankle_pitch_joint,1477,1476,1477,1791356883717.119,1645846197972000,573,2.281471491,0.6376016139984131,0.6533169150352478,-0.384733081,0.007718451,28.94883728,28.501245498657227,1.8144457340240479,29.571713066390537,0.059407,unknown; numeric event only
20261007_150721_general32_onehand_A508_on,general32_onehand_A508,on,FINAL_HOLD,largest_held_target_error,11,18,right_ankle_roll_joint,788,787,788,1791356869937.285,1645832418138000,573,0.546203256,0.2395523637533188,0.3842253088951111,0.075216949,-0.360781819,8.816492081,28.501245498657227,1.8144457340240479,9.461742158905974,0.225316,unknown; numeric event only
20261007_150721_general32_onehand_A508_on,general32_onehand_A508,on,FINAL_HOLD,largest_held_target_error,12,2,waist_yaw_joint,688,687,688,1791356867937.27,1645830418123000,573,0.667092383,0.36526408791542053,0.38171738386154175,0.097184986,-0.745660782,12.919921875,40.179237365722656,2.557889699935913,13.339612785841082,0.101191,unknown; numeric event only
20261007_150721_general32_onehand_A508_on,general32_onehand_A508,on,FINAL_HOLD,largest_held_target_error,13,5,waist_roll_joint,2204,2203,2204,1791356898257.221,1645860738074000,573,-2.241297722,-0.982982337474823,-0.985270082950592,0.037452392,-0.008625665,-29.086666107,28.501245498657227,1.8144457340240479,-29.13321353449877,0.15531,unknown; numeric event only
20261007_150721_general32_onehand_A508_on,general32_onehand_A508,on,FINAL_HOLD,largest_held_target_error,14,8,waist_pitch_joint,2367,2366,2367,1791356901517.261,1645863998115000,573,-1.730221987,-0.7588360905647278,-0.774189293384552,0.066640317,-0.058234408,-23.453910828,28.501245498657227,1.8144457340240479,-23.85902797494141,0.07132,unknown; numeric event only
20261007_150721_general32_onehand_A508_on,general32_onehand_A508,on,FINAL_HOLD,largest_held_target_error,15,11,left_shoulder_pitch_joint,1063,1062,1063,1791356875437.118,1645837917971000,573,0.670154691,0.4939146339893341,0.47418856620788574,-0.070395336,2.58322382,5.5,14.250622749328613,0.9072228670120239,5.417100025607693,2.05285,unknown; numeric event only
20261007_150721_general32_onehand_A508_on,general32_onehand_A508,on,FINAL_HOLD,largest_held_target_error,16,15,left_shoulder_roll_joint,1052,1051,1052,1791356875217.527,1645837698380000,573,0.259800375,0.313942551612854,0.2949274480342865,0.799767256,0.54916513,-7.6875,14.250622749328613,0.9072228670120239,-7.692496815864516,0.204903,unknown; numeric event only
20261007_150721_general32_onehand_A508_on,general32_onehand_A508,on,FINAL_HOLD,largest_held_target_error,17,19,left_shoulder_yaw_joint,1063,1062,1063,1791356875437.118,1645837917971000,573,-1.124128819,-0.49301740527153015,-0.5367857813835144,-0.272569209,1.84384501,-5.0,14.250622749328613,0.9072228670120239,-5.438029053456155,2.05285,unknown; numeric event only
20261007_150721_general32_onehand_A508_on,general32_onehand_A508,on,FINAL_HOLD,largest_held_target_error,18,21,left_elbow_joint,1148,1147,1148,1791356877137.25,1645839618103000,573,-0.594153941,0.33941754698753357,0.2902666926383972,-0.044077981,3.043417931,2.1875,14.250622749328613,0.9072228670120239,2.003561471390572,0.185904,unknown; numeric event only
20261007_150721_general32_onehand_A508_on,general32_onehand_A508,on,FINAL_HOLD,largest_held_target_error,19,23,left_wrist_roll_joint,2655,2654,2655,1791356907277.152,1645869758005000,573,0.245673731,0.107746921479702,0.10133495926856995,-0.037019271,0.753184617,1.1875,14.250622749328613,0.9072228670120239,1.288327633707039,1.881019,unknown; numeric event only
20261007_150721_general32_onehand_A508_on,general32_onehand_A508,on,FINAL_HOLD,largest_held_target_error,20,25,left_wrist_pitch_joint,1269,1268,1269,1791356879557.228,1645842038081000,573,-3.0,-0.22350260615348816,-0.22350260615348816,-0.289215297,0.01840777,1.049999952,16.77832794189453,1.0681414604187012,1.0828869746362546,0.022927,unknown; numeric event only
20261007_150721_general32_onehand_A508_on,general32_onehand_A508,on,FINAL_HOLD,first_raw_minus3,20,25,left_wrist_pitch_joint,712,711,712,1791356868417.248,1645830898101000,573,-3.0,-0.22350260615348816,-0.2124258428812027,-0.181860611,-0.478602022,-0.018750001,16.77832794189453,1.0681414604187012,-0.001618821384445246,0.198542,unknown; numeric event only
20261007_150721_general32_onehand_A508_on,general32_onehand_A508,on,FINAL_HOLD,largest_held_target_error,21,27,left_wrist_yaw_joint,2438,2437,2438,1791356902937.339,1645865418193000,573,0.357097894,0.026604104787111282,0.0011218570871278644,-0.079743035,1.29467988,-0.056249999,16.77832794189453,1.0681414604187012,-0.026123579374165207,0.297364,unknown; numeric event only
20261007_150721_general32_onehand_A508_on,general32_onehand_A508,on,FINAL_HOLD,first_raw_plus3,21,27,left_wrist_yaw_joint,699,698,699,1791356868157.252,1645830638105000,573,3.0,0.22350260615348816,0.2219783365726471,0.192430705,0.374291331,0.037500001,16.77832794189453,1.0681414604187012,0.09596376351575014,0.174579,unknown; numeric event only
20261007_150721_general32_onehand_A508_on,general32_onehand_A508,on,FINAL_HOLD,first_raw_minus3,21,27,left_wrist_yaw_joint,1444,1443,1444,1791356883057.279,1645845538133000,573,-3.0,-0.22350260615348816,-0.2179633527994156,-0.178169474,-0.711767137,0.075000003,16.77832794189453,1.0681414604187012,0.09259324061661878,0.228248,unknown; numeric event only
20261007_150721_general32_onehand_A508_on,general32_onehand_A508,on,FINAL_HOLD,largest_held_target_error,22,12,right_shoulder_pitch_joint,2202,2201,2202,1791356898217.235,1645860698089000,573,-3.0,-1.115731954574585,-1.115731954574585,-0.147753507,0.0,-13.5,14.250622749328613,0.9072228670120239,-13.794295685866174,0.154374,unknown; numeric event only
20261007_150721_general32_onehand_A508_on,general32_onehand_A508,on,FINAL_HOLD,first_raw_minus3,22,12,right_shoulder_pitch_joint,682,681,682,1791356867817.222,1645830298075000,573,-3.0,-1.115731954574585,-1.115731954574585,-0.729887247,0.5522331,-5.8125,14.250622749328613,0.9072228670120239,-5.999525863711366,2.027101,unknown; numeric event only
20261007_150721_general32_onehand_A508_on,general32_onehand_A508,on,FINAL_HOLD,largest_held_target_error,23,16,right_shoulder_roll_joint,2179,2178,2179,1791356897757.127,1645860237980000,573,-2.988386631,-1.5106385946273804,-1.5152350664138794,-0.840273976,-0.342077732,-9.4375,14.250622749328613,0.9072228670120239,-9.308275129197666,1.918993,unknown; numeric event only
20261007_150721_general32_onehand_A508_on,general32_onehand_A508,on,FINAL_HOLD,first_raw_minus3,23,16,right_shoulder_roll_joint,873,872,873,1791356871637.212,1645834118065000,573,-3.0,-1.515731930732727,-1.5114483833312988,-1.221084714,-0.007669904,-4.1875,14.250622749328613,0.9072228670120239,-4.13090479945455,1.924264,unknown; numeric event only
20261007_150721_general32_onehand_A508_on,general32_onehand_A508,on,FINAL_HOLD,largest_held_target_error,24,20,right_shoulder_yaw_joint,2151,2150,2151,1791356897197.2,1645859678054000,573,-0.26050213,-0.11425032466650009,-0.1286454051733017,0.505207002,0.0,-8.8125,14.250622749328613,0.9072228670120239,-9.032791533380557,0.020976,unknown; numeric event only
20261007_150721_general32_onehand_A508_on,general32_onehand_A508,on,FINAL_HOLD,largest_held_target_error,25,22,right_elbow_joint,2168,2167,2168,1791356897537.115,1645860017969000,573,-1.999613166,-0.27698495984077454,-0.2768194377422333,0.483275861,-0.044485446,-10.5625,14.250622749328613,0.9072228670120239,-10.791473142053368,0.050546,unknown; numeric event only
20261007_150721_general32_onehand_A508_on,general32_onehand_A508,on,FINAL_HOLD,largest_held_target_error,26,24,right_wrist_roll_joint,1461,1460,1461,1791356883397.349,1645845878202000,573,-2.116887569,-0.9284188747406006,-0.9333479404449463,-1.184352994,0.196349546,3.1875,14.250622749328613,0.9072228670120239,3.398845528329465,0.112294,unknown; numeric event only
20261007_150721_general32_onehand_A508_on,general32_onehand_A508,on,FINAL_HOLD,first_raw_minus3,26,24,right_wrist_roll_joint,1000,999,1000,1791356874177.125,1645836657979000,573,-3.0,-1.3157318830490112,-1.2943401336669922,-1.170918703,-2.393010139,-0.0625,14.250622749328613,0.9072228670120239,0.41216127147469717,0.053999,unknown; numeric event only
20261007_150721_general32_onehand_A508_on,general32_onehand_A508,on,FINAL_HOLD,largest_held_target_error,27,26,right_wrist_pitch_joint,695,694,695,1791356868077.214,1645830558067000,573,-3.0,-0.22350260615348816,-0.22212831676006317,-0.162098631,-0.625864208,-0.356249988,16.77832794189453,1.0681414604187012,-0.33868624477430254,0.142577,unknown; numeric event only
20261007_150721_general32_onehand_A508_on,general32_onehand_A508,on,FINAL_HOLD,first_raw_minus3,27,26,right_wrist_pitch_joint,695,694,695,1791356868077.214,1645830558067000,573,-3.0,-0.22350260615348816,-0.22212831676006317,-0.162098631,-0.625864208,-0.356249988,16.77832794189453,1.0681414604187012,-0.33868624477430254,0.142577,unknown; numeric event only
20261007_150721_general32_onehand_A508_on,general32_onehand_A508,on,FINAL_HOLD,largest_held_target_error,28,28,right_wrist_yaw_joint,684,683,684,1791356867857.12,1645830337974000,573,-3.0,-0.22350260615348816,-0.22350260615348816,-0.214961052,0.030679617,-0.131249994,16.77832794189453,1.0681414604187012,-0.17608316762814186,0.038802,unknown; numeric event only
20261007_150721_general32_onehand_A508_on,general32_onehand_A508,on,FINAL_HOLD,first_raw_minus3,28,28,right_wrist_yaw_joint,682,681,682,1791356867817.222,1645830298075000,573,-3.0,-0.22350260615348816,-0.22350260615348816,-0.214996994,0.0,-0.118749999,16.77832794189453,1.0681414604187012,-0.14270995005778814,2.027101,unknown; numeric event only
20261007_151808_general32_onehand_A508_off,general32_onehand_A508,off,CONTROL_PREPLAY,largest_held_target_error,0,0,left_hip_pitch_joint,18,17,18,1791357493995.173,1646456476026000,0,1.26997602,0.13333165645599365,0.1524076610803604,-0.221157417,0.01199914,36.474609375,99.09842681884766,6.308801651000977,36.94401135798112,0.026301,unknown; numeric event only
20261007_151808_general32_onehand_A508_off,general32_onehand_A508,off,CONTROL_PREPLAY,largest_held_target_error,1,3,left_hip_roll_joint,4,3,4,1791357493715.262,1646456196115000,0,0.637791932,0.2236490547657013,0.24728693068027496,0.094015978,-0.030543264,14.853515625,99.09842681884766,6.308801651000977,15.381601681991448,0.119747,unknown; numeric event only
20261007_151808_general32_onehand_A508_off,general32_onehand_A508,off,CONTROL_PREPLAY,largest_held_target_error,2,6,left_hip_yaw_joint,6,5,6,1791357493755.185,1646456236038000,0,0.262449652,0.1437033861875534,0.22114276885986328,-0.112009816,2.946645737,6.040482998,40.179237365722656,2.557889699935913,5.848622006056139,0.045337,unknown; numeric event only
20261007_151808_general32_onehand_A508_off,general32_onehand_A508,off,CONTROL_PREPLAY,largest_held_target_error,3,9,left_knee_joint,10,9,10,1791357493835.177,1646456316030000,0,-0.677220225,0.43152496218681335,0.41460782289505005,0.789514363,-4.987278461,-7.734375,99.09842681884766,6.308801651000977,-5.688897739739346,2.036246,unknown; numeric event only
20261007_151808_general32_onehand_A508_off,general32_onehand_A508,off,CONTROL_PREPLAY,largest_held_target_error,4,13,left_ankle_pitch_joint,5,4,5,1791357493735.27,1646456216123000,0,2.962141752,0.9361281991004944,0.9527319669723511,-0.55790776,0.526460886,40.013656616,28.501245498657227,1.8144457340240479,42.09987900973028,0.13197,unknown; numeric event only
20261007_151808_general32_onehand_A508_off,general32_onehand_A508,off,CONTROL_PREPLAY,first_raw_plus3,4,13,left_ankle_pitch_joint,4,3,4,1791357493715.262,1646456196115000,0,3.0,0.9527319669723511,0.430433988571167,-0.566105425,-0.104863457,28.447494507,28.501245498657227,1.8144457340240479,28.5928835274884,0.119747,unknown; numeric event only
20261007_151808_general32_onehand_A508_off,general32_onehand_A508,off,CONTROL_PREPLAY,largest_held_target_error,5,17,left_ankle_roll_joint,5,4,5,1791357493735.27,1646456216123000,0,0.145446002,0.06378931552171707,0.22292158007621765,-0.049931955,0.821241677,6.551422119,28.501245498657227,1.8144457340240479,6.286567130948356,0.13197,unknown; numeric event only
20261007_151808_general32_onehand_A508_off,general32_onehand_A508,off,CONTROL_PREPLAY,largest_held_target_error,6,1,right_hip_pitch_joint,7,6,7,1791357493775.21,1646456256064000,0,1.160597086,0.09497667849063873,0.19081848859786987,-0.247985035,2.308197975,30.673828125,99.09842681884766,6.308801651000977,28.92277567559889,0.064305,unknown; numeric event only
20261007_151808_general32_onehand_A508_off,general32_onehand_A508,off,CONTROL_PREPLAY,largest_held_target_error,7,4,right_hip_roll_joint,6,5,6,1791357493755.185,1646456236038000,0,-0.720328629,-0.25259149074554443,-0.27673545479774475,-0.028787706,-0.416697383,-22.32421875,99.09842681884766,6.308801651000977,-21.942370701293143,0.045337,unknown; numeric event only
20261007_151808_general32_onehand_A508_off,general32_onehand_A508,off,CONTROL_PREPLAY,largest_held_target_error,8,7,right_hip_yaw_joint,7,6,7,1791357493775.21,1646456256064000,0,0.590197265,0.32316043972969055,0.5044766664505005,0.040443525,3.676879168,10.235262871,40.179237365722656,2.557889699935913,9.239446384165486,0.064305,unknown; numeric event only
20261007_151808_general32_onehand_A508_off,general32_onehand_A508,off,CONTROL_PREPLAY,largest_held_target_error,9,10,right_knee_joint,6,5,6,1791357493755.185,1646456236038000,0,-0.215685904,0.5933672785758972,0.5199461579322815,0.821676791,-1.279544592,-21.357421875,99.09842681884766,6.308801651000977,-21.828638025526907,0.045337,unknown; numeric event only
20261007_151808_general32_onehand_A508_off,general32_onehand_A508,off,CONTROL_PREPLAY,largest_held_target_error,10,14,right_ankle_pitch_joint,8,7,8,1791357493795.168,1646456276021000,0,2.969205379,0.9392260909080505,0.9527319669723511,-0.539690495,0.060916498,41.868839264,28.501245498657227,1.8144457340240479,42.425369296456616,0.014111,unknown; numeric event only
20261007_151808_general32_onehand_A508_off,general32_onehand_A508,off,CONTROL_PREPLAY,first_raw_plus3,10,14,right_ankle_pitch_joint,5,4,5,1791357493735.27,1646456216123000,0,3.0,0.9527319669723511,0.4188638925552368,-0.558170199,0.807263374,23.920293808,28.501245498657227,1.8144457340240479,26.38195291878519,0.13197,unknown; numeric event only
20261007_151808_general32_onehand_A508_off,general32_onehand_A508,off,CONTROL_PREPLAY,largest_held_target_error,11,18,right_ankle_roll_joint,7,6,7,1791357493775.21,1646456256064000,0,-0.225427926,-0.09886757284402847,-0.18811015784740448,-0.035067149,0.220936075,-4.8551054,28.501245498657227,1.8144457340240479,-4.762792885788813,0.064305,unknown; numeric event only
20261007_151808_general32_onehand_A508_off,general32_onehand_A508,off,CONTROL_PREPLAY,largest_held_target_error,12,2,waist_yaw_joint,8,7,8,1791357493795.168,1646456276021000,0,0.945189536,0.5175352096557617,0.5664019584655762,-0.249290138,3.383757353,23.994140625,40.179237365722656,2.557889699935913,24.118608280913215,0.014111,unknown; numeric event only
20261007_151808_general32_onehand_A508_off,general32_onehand_A508,off,CONTROL_PREPLAY,largest_held_target_error,13,5,waist_roll_joint,6,5,6,1791357493755.185,1646456236038000,0,-1.58170712,-0.6937008500099182,-0.7683095335960388,-0.028352425,-0.623826087,-20.552692413,28.501245498657227,1.8144457340240479,-19.957800628242204,0.045337,unknown; numeric event only
20261007_151808_general32_onehand_A508_off,general32_onehand_A508,off,CONTROL_PREPLAY,largest_held_target_error,14,8,waist_pitch_joint,7,6,7,1791357493775.21,1646456256064000,0,-0.514296472,-0.22555877268314362,-0.8366168737411499,-0.027427569,-0.837896645,-20.287014008,28.501245498657227,1.8144457340240479,-21.542585036241956,0.064305,unknown; numeric event only
20261007_151808_general32_onehand_A508_off,general32_onehand_A508,off,CONTROL_PREPLAY,largest_held_target_error,15,11,left_shoulder_pitch_joint,7,6,7,1791357493775.21,1646456256064000,0,1.52039957,0.8668127655982971,0.9513332843780518,0.256905824,0.082834966,9.625,14.250622749328613,0.9072228670120239,9.820873989278596,0.064305,unknown; numeric event only
20261007_151808_general32_onehand_A508_off,general32_onehand_A508,off,CONTROL_PREPLAY,largest_held_target_error,16,15,left_shoulder_roll_joint,7,6,7,1791357493775.21,1646456256064000,0,1.02116394,0.6478593349456787,0.6918954253196716,0.167060107,2.446699381,5.375,14.250622749328613,0.9072228670120239,5.259528499750074,0.064305,unknown; numeric event only
20261007_151808_general32_onehand_A508_off,general32_onehand_A508,off,CONTROL_PREPLAY,largest_held_target_error,17,19,left_shoulder_yaw_joint,4,3,4,1791357493715.262,1646456196115000,0,-0.623032451,-0.2732478976249695,-0.28408530354499817,-0.090385027,-1.805495501,-1.1875,14.250622749328613,0.9072228670120239,-1.1223627626888637,0.119747,unknown; numeric event only
20261007_151808_general32_onehand_A508_off,general32_onehand_A508,off,CONTROL_PREPLAY,largest_held_target_error,18,21,left_elbow_joint,5,4,5,1791357493735.27,1646456216123000,0,1.509607911,1.2620798349380493,1.2961795330047607,0.872068107,4.123340607,2.5,14.250622749328613,0.9072228670120239,2.3030630485240025,0.13197,unknown; numeric event only
20261007_151808_general32_onehand_A508_off,general32_onehand_A508,off,CONTROL_PREPLAY,largest_held_target_error,19,23,left_wrist_roll_joint,10,9,10,1791357493835.177,1646456316030000,0,1.257288098,0.5514180660247803,0.47078651189804077,0.259566337,3.761321068,-0.125,14.250622749328613,0.9072228670120239,-0.402337453544499,2.036246,unknown; numeric event only
20261007_151808_general32_onehand_A508_off,general32_onehand_A508,off,CONTROL_PREPLAY,largest_held_target_error,20,25,left_wrist_pitch_joint,10,9,10,1791357493835.177,1646456316030000,0,1.296184421,0.09656687080860138,0.07803844660520554,0.004122573,1.349903107,-0.243750006,16.77832794189453,1.0681414604187012,-0.20170270867495788,2.036246,unknown; numeric event only
20261007_151808_general32_onehand_A508_off,general32_onehand_A508,off,CONTROL_PREPLAY,largest_held_target_error,21,27,left_wrist_yaw_joint,6,5,6,1791357493755.185,1646456236038000,0,0.820595801,0.061135102063417435,0.07650358229875565,0.039236352,0.398835033,0.131249994,16.77832794189453,1.0681414604187012,0.19926957682386937,0.045337,unknown; numeric event only
20261007_151808_general32_onehand_A508_off,general32_onehand_A508,off,CONTROL_PREPLAY,largest_held_target_error,22,12,right_shoulder_pitch_joint,5,4,5,1791357493735.27,1646456216123000,0,-3.0,-1.115731954574585,-1.115731954574585,0.030907316,-4.919476509,-12.3125,14.250622749328613,0.9072228670120239,-11.877262091830467,0.13197,unknown; numeric event only
20261007_151808_general32_onehand_A508_off,general32_onehand_A508,off,CONTROL_PREPLAY,first_raw_minus3,22,12,right_shoulder_pitch_joint,4,3,4,1791357493715.262,1646456196115000,0,-3.0,-1.115731954574585,-0.6290904879570007,0.108900651,-2.871612072,-8.125,14.250622749328613,0.9072228670120239,-7.9116411767173895,0.119747,unknown; numeric event only
20261007_151808_general32_onehand_A508_off,general32_onehand_A508,off,CONTROL_PREPLAY,largest_held_target_error,23,16,right_shoulder_roll_joint,6,5,6,1791357493755.185,1646456236038000,0,-2.853933811,-1.4516706466674805,-1.515731930732727,-0.201826334,-1.975767374,-17.0625,14.250622749328613,0.9072228670120239,-16.931511645680487,0.045337,unknown; numeric event only
20261007_151808_general32_onehand_A508_off,general32_onehand_A508,off,CONTROL_PREPLAY,first_raw_minus3,23,16,right_shoulder_roll_joint,5,4,5,1791357493735.27,1646456216123000,0,-3.0,-1.515731930732727,-1.0536837577819824,-0.167143986,-1.193437099,-11.625,14.250622749328613,0.9072228670120239,-11.551030413387624,0.13197,unknown; numeric event only
20261007_151808_general32_onehand_A508_off,general32_onehand_A508,off,CONTROL_PREPLAY,largest_held_target_error,24,20,right_shoulder_yaw_joint,10,9,10,1791357493835.177,1646456316030000,0,2.497794867,1.0954761505126953,1.087945818901062,0.333161473,5.336719513,6.5625,14.250622749328613,0.9072228670120239,5.914552993511919,2.036246,unknown; numeric event only
20261007_151808_general32_onehand_A508_off,general32_onehand_A508,off,CONTROL_PREPLAY,largest_held_target_error,25,22,right_elbow_joint,5,4,5,1791357493735.27,1646456216123000,0,-3.0,-0.7157319188117981,-0.7157319188117981,0.54893744,-8.059535027,-11.5,14.250622749328613,0.9072228670120239,-10.71053146108347,0.13197,unknown; numeric event only
20261007_151808_general32_onehand_A508_off,general32_onehand_A508,off,CONTROL_PREPLAY,first_raw_minus3,25,22,right_elbow_joint,4,3,4,1791357493715.262,1646456196115000,0,-3.0,-0.7157319188117981,-0.01206708513200283,0.6619367,-2.833262682,-7.0625,14.250622749328613,0.9072228670120239,-7.034572980173499,0.119747,unknown; numeric event only
20261007_151808_general32_onehand_A508_off,general32_onehand_A508,off,CONTROL_PREPLAY,largest_held_target_error,26,24,right_wrist_roll_joint,10,9,10,1791357493835.177,1646456316030000,0,-2.050865889,-0.8994632363319397,-0.7672007083892822,-0.43076098,-6.410505772,0.125,14.250622749328613,0.9072228670120239,1.0212817783087225,2.036246,unknown; numeric event only
20261007_151808_general32_onehand_A508_off,general32_onehand_A508,off,CONTROL_PREPLAY,largest_held_target_error,27,26,right_wrist_pitch_joint,17,16,17,1791357493975.163,1646456456016000,0,0.668551981,0.049807704985141754,0.05233579874038696,0.013266537,0.319068015,0.349999994,16.77832794189453,1.0681414604187012,0.31470711041292954,0.01075,unknown; numeric event only
20261007_151808_general32_onehand_A508_off,general32_onehand_A508,off,CONTROL_PREPLAY,largest_held_target_error,28,28,right_wrist_yaw_joint,14,13,14,1791357493915.155,1646456396009000,0,-3.0,-0.22350260615348816,-0.22160056233406067,-0.125067368,-1.478757501,-0.037500001,16.77832794189453,1.0681414604187012,-0.04014339509225584,0.01543,unknown; numeric event only
20261007_151808_general32_onehand_A508_off,general32_onehand_A508,off,CONTROL_PREPLAY,first_raw_minus3,28,28,right_wrist_yaw_joint,14,13,14,1791357493915.155,1646456396009000,0,-3.0,-0.22350260615348816,-0.22160056233406067,-0.125067368,-1.478757501,-0.037500001,16.77832794189453,1.0681414604187012,-0.04014339509225584,0.01543,unknown; numeric event only
20261007_151808_general32_onehand_A508_off,general32_onehand_A508,off,PLAY,largest_held_target_error,0,0,left_hip_pitch_joint,548,547,548,1791357504595.165,1646467076018000,445,1.251888275,0.1269889771938324,0.1397271305322647,-0.086133018,0.087266468,21.26953125,99.09842681884766,6.308801651000977,21.831838563223275,0.013929,unknown; numeric event only
20261007_151808_general32_onehand_A508_off,general32_onehand_A508,off,PLAY,largest_held_target_error,1,3,left_hip_roll_joint,620,619,620,1791357506035.158,1646468516011000,517,-0.374070764,-0.13117219507694244,-0.1323639303445816,0.01655847,0.032724924,-15.1171875,99.09842681884766,6.308801651000977,-14.964430646794733,1.779682,unknown; numeric event only
20261007_151808_general32_onehand_A508_off,general32_onehand_A508,off,PLAY,largest_held_target_error,2,6,left_hip_yaw_joint,338,337,338,1791357500395.158,1646462876012000,235,0.238184959,0.1304173320531845,0.13047045469284058,-0.00360242,0.037711579,5.481179237,40.179237365722656,2.557889699935913,5.2904837970960115,1.840139,unknown; numeric event only
20261007_151808_general32_onehand_A508_off,general32_onehand_A508,off,PLAY,largest_held_target_error,3,9,left_knee_joint,198,197,198,1791357497595.278,1646460076131000,95,-0.864081502,0.36599990725517273,0.3676227629184723,0.244618803,0.0,11.689453125,99.09842681884766,6.308801651000977,12.189498920409196,0.042668,unknown; numeric event only
20261007_151808_general32_onehand_A508_off,general32_onehand_A508,off,PLAY,largest_held_target_error,4,13,left_ankle_pitch_joint,196,195,196,1791357497555.316,1646460036169000,93,1.62104249,0.3479524552822113,0.3537832200527191,-0.043601103,0.001498299,11.149617195,28.501245498657227,1.8144457340240479,11.323229566414417,0.092629,unknown; numeric event only
20261007_151808_general32_onehand_A508_off,general32_onehand_A508,off,PLAY,largest_held_target_error,5,17,left_ankle_roll_joint,580,579,580,1791357505235.255,1646467716109000,477,-0.334521472,-0.146713525056839,-0.15227799117565155,-0.055366866,-0.023458173,-2.98571229,28.501245498657227,1.8144457340240479,-2.7195241882544976,1.964785,unknown; numeric event only
20261007_151808_general32_onehand_A508_off,general32_onehand_A508,off,PLAY,largest_held_target_error,6,1,right_hip_pitch_joint,541,540,541,1791357504455.26,1646466936113000,438,0.463820845,-0.1493559032678604,-0.14236626029014587,0.191219226,-0.497418851,-29.794921875,99.09842681884766,6.308801651000977,-29.919680032525918,0.103164,unknown; numeric event only
20261007_151808_general32_onehand_A508_off,general32_onehand_A508,off,PLAY,largest_held_target_error,7,4,right_hip_roll_joint,603,602,603,1791357505695.28,1646468176134000,500,0.047567807,0.016680197790265083,0.01804584078490734,-0.137265712,0.085084803,14.58984375,99.09842681884766,6.308801651000977,14.854347402135243,0.100181,unknown; numeric event only
20261007_151808_general32_onehand_A508_off,general32_onehand_A508,off,PLAY,largest_held_target_error,8,7,right_hip_yaw_joint,550,549,550,1791357504635.253,1646467116106000,447,-0.862953603,-0.47250720858573914,-0.4830417335033417,-0.258302897,0.013713301,-8.837002754,40.179237365722656,2.557889699935913,-9.064912168544122,0.102706,unknown; numeric event only
20261007_151808_general32_onehand_A508_off,general32_onehand_A508,off,PLAY,largest_held_target_error,9,10,right_knee_joint,565,564,565,1791357504935.159,1646467416012000,462,-1.917912126,-0.003537878394126892,-0.004849419463425875,0.194781467,0.038179081,-19.51171875,99.09842681884766,6.308801651000977,-20.023971042223994,1.789168,unknown; numeric event only
20261007_151808_general32_onehand_A508_off,general32_onehand_A508,off,PLAY,largest_held_target_error,10,14,right_ankle_pitch_joint,196,195,196,1791357497555.316,1646460036169000,93,1.764851332,0.4110237658023834,0.4176385998725891,-0.334310979,0.007954141,21.306440353,28.501245498657227,1.8144457340240479,21.417067192854304,0.092629,unknown; numeric event only
20261007_151808_general32_onehand_A508_off,general32_onehand_A508,off,PLAY,largest_held_target_error,11,18,right_ankle_roll_joint,514,513,514,1791357503915.189,1646466396043000,411,0.375233144,0.1645687371492386,0.1661590337753296,0.062568061,0.010027335,2.725090742,28.501245498657227,1.8144457340240479,2.934277691300006,1.905407,unknown; numeric event only
20261007_151808_general32_onehand_A508_off,general32_onehand_A508,off,PLAY,largest_held_target_error,12,2,waist_yaw_joint,516,515,516,1791357503955.17,1646466436023000,413,0.119436838,0.0653972178697586,0.05992935597896576,0.156216457,-0.152560472,-3.635475874,40.179237365722656,2.557889699935913,-3.4785094272352897,1.864636,unknown; numeric event only
20261007_151808_general32_onehand_A508_off,general32_onehand_A508,off,PLAY,largest_held_target_error,13,5,waist_roll_joint,536,535,536,1791357504355.34,1646466836193000,433,0.946006656,0.41489705443382263,0.4359588921070099,-0.096721403,0.147966459,14.57519722,28.501245498657227,1.8144457340240479,14.913574752830874,0.174245,unknown; numeric event only
20261007_151808_general32_onehand_A508_off,general32_onehand_A508,off,PLAY,largest_held_target_error,14,8,waist_pitch_joint,568,567,568,1791357504995.16,1646467476014000,465,1.076062679,0.4719366729259491,0.47689419984817505,0.020649942,0.000662608,12.87783432,28.501245498657227,1.8144457340240479,13.002327334024576,1.991828,unknown; numeric event only
20261007_151808_general32_onehand_A508_off,general32_onehand_A508,off,PLAY,largest_held_target_error,15,11,left_shoulder_pitch_joint,629,628,629,1791357506215.302,1646468696155000,526,-0.775307715,-0.14003238081932068,-0.1458878368139267,0.019726034,-0.0720971,-2.4375,14.250622749328613,0.9072228670120239,-2.2946926572600614,2.002534,unknown; numeric event only
20261007_151808_general32_onehand_A508_off,general32_onehand_A508,off,PLAY,largest_held_target_error,16,15,left_shoulder_roll_joint,161,160,161,1791357496855.248,1646459336101000,58,0.917350113,0.6023289561271667,0.6165993213653564,0.459403276,0.004601942,2.0,14.250622749328613,0.9072228670120239,2.235966553172978,0.029212,unknown; numeric event only
20261007_151808_general32_onehand_A508_off,general32_onehand_A508,off,PLAY,largest_held_target_error,17,19,left_shoulder_yaw_joint,557,556,557,1791357504775.341,1646467256194000,454,-1.109703183,-0.4866906404495239,-0.4842550754547119,-0.544778883,0.003067962,0.9375,14.250622749328613,0.9072228670120239,0.8597186233993451,2.086142,unknown; numeric event only
20261007_151808_general32_onehand_A508_off,general32_onehand_A508,off,PLAY,largest_held_target_error,18,21,left_elbow_joint,543,542,543,1791357504495.308,1646466976161000,440,0.500380576,0.8194555640220642,0.8178651928901672,0.93051517,-0.138058275,-1.5625,14.250622749328613,0.9072228670120239,-1.4800827024524952,0.158674,unknown; numeric event only
20261007_151808_general32_onehand_A508_off,general32_onehand_A508,off,PLAY,largest_held_target_error,19,23,left_wrist_roll_joint,477,476,477,1791357503175.158,1646465656012000,374,1.412289143,0.6193979978561401,0.6170655488967896,0.579209566,0.128854394,0.25,14.250622749328613,0.9072228670120239,0.42257167831540776,1.893469,unknown; numeric event only
20261007_151808_general32_onehand_A508_off,general32_onehand_A508,off,PLAY,largest_held_target_error,20,25,left_wrist_pitch_joint,156,155,156,1791357496755.323,1646459236176000,53,-1.407354712,-0.10484915226697922,-0.10462071001529694,-0.077957384,-0.049087387,-0.400000006,16.77832794189453,1.0681414604187012,-0.3949337546679819,0.039485,unknown; numeric event only
20261007_151808_general32_onehand_A508_off,general32_onehand_A508,off,PLAY,largest_held_target_error,21,27,left_wrist_yaw_joint,504,503,504,1791357503715.183,1646466196036000,401,-1.470926285,-0.10958528518676758,-0.1120639443397522,-0.134630784,0.147262156,0.224999994,16.77832794189453,1.0681414604187012,0.22133702205754283,1.791265,unknown; numeric event only
20261007_151808_general32_onehand_A508_off,general32_onehand_A508,off,PLAY,largest_held_target_error,22,12,right_shoulder_pitch_joint,574,573,574,1791357505115.189,1646467596042000,471,-1.43121767,-0.42769959568977356,-0.43132084608078003,-1.236244798,0.133456334,11.4375,14.250622749328613,0.9072228670120239,11.349592942747131,0.013909,unknown; numeric event only
20261007_151808_general32_onehand_A508_off,general32_onehand_A508,off,PLAY,first_raw_minus3,22,12,right_shoulder_pitch_joint,103,102,103,1791357495695.292,1646458176146000,0,-3.0,-1.115731954574585,-1.115731954574585,-0.770969152,0.010737866,-4.6875,14.250622749328613,0.9072228670120239,-4.92282627506978,0.138079,unknown; numeric event only
20261007_151808_general32_onehand_A508_off,general32_onehand_A508,off,PLAY,largest_held_target_error,23,16,right_shoulder_roll_joint,572,571,572,1791357505075.154,1646467556007000,469,-0.784754038,-0.5441753268241882,-0.5393473505973816,-0.828481495,0.015339809,3.875,14.250622749328613,0.9072228670120239,4.106424990331222,0.005311,unknown; numeric event only
20261007_151808_general32_onehand_A508_off,general32_onehand_A508,off,PLAY,largest_held_target_error,24,20,right_shoulder_yaw_joint,569,568,569,1791357505015.176,1646467496029000,466,2.030109644,0.8903600573539734,0.8959477543830872,0.445285887,0.004601942,6.5,14.250622749328613,0.9072228670120239,6.418037272569273,0.018273,unknown; numeric event only
20261007_151808_general32_onehand_A508_off,general32_onehand_A508,off,PLAY,largest_held_target_error,25,22,right_elbow_joint,634,633,634,1791357506315.162,1646468796015000,531,-1.545371652,-0.07776495069265366,-0.08142922073602676,0.113226958,-0.165669933,-2.4375,14.250622749328613,0.9072228670120239,-2.6236722173990494,1.846523,unknown; numeric event only
20261007_151808_general32_onehand_A508_off,general32_onehand_A508,off,PLAY,largest_held_target_error,26,24,right_wrist_roll_joint,599,598,599,1791357505615.317,1646468096171000,496,-2.804985523,-1.2302030324935913,-1.2328726053237915,-1.302517533,0.084368944,0.75,14.250622749328613,0.9072228670120239,0.9159421554554666,0.081898,unknown; numeric event only
20261007_151808_general32_onehand_A508_off,general32_onehand_A508,off,PLAY,largest_held_target_error,27,26,right_wrist_pitch_joint,568,567,568,1791357504995.16,1646467476014000,465,2.317823648,0.17267988622188568,0.17026802897453308,0.221636266,0.073631078,-0.912500024,16.77832794189453,1.0681414604187012,-0.9405215337973761,1.991828,unknown; numeric event only
20261007_151808_general32_onehand_A508_off,general32_onehand_A508,off,PLAY,largest_held_target_error,28,28,right_wrist_yaw_joint,112,111,112,1791357495875.27,1646458356123000,9,-3.0,-0.22350260615348816,-0.22350260615348816,-0.214829221,0.030679617,-0.118749999,16.77832794189453,1.0681414604187012,-0.1782950713790502,0.100227,unknown; numeric event only
20261007_151808_general32_onehand_A508_off,general32_onehand_A508,off,PLAY,first_raw_minus3,28,28,right_wrist_yaw_joint,103,102,103,1791357495695.292,1646458176146000,0,-3.0,-0.22350260615348816,-0.22350260615348816,-0.214865178,-0.012271847,-0.118749999,16.77832794189453,1.0681414604187012,-0.13181353355716216,0.138079,unknown; numeric event only
20261007_151808_general32_onehand_A508_off,general32_onehand_A508,off,FINAL_HOLD,largest_held_target_error,0,0,left_hip_pitch_joint,876,875,876,1791357511155.175,1646473636028000,573,1.978606105,0.3818209171295166,0.3864114582538605,-0.065807775,0.119991392,43.681640625,99.09842681884766,6.308801651000977,44.05721270072759,1.853303,unknown; numeric event only
20261007_151808_general32_onehand_A508_off,general32_onehand_A508,off,FINAL_HOLD,largest_held_target_error,1,3,left_hip_roll_joint,878,877,878,1791357511195.164,1646473676017000,573,0.859438717,0.30137205123901367,0.34761443734169006,0.047442615,0.322885931,27.421875,99.09842681884766,6.308801651000977,27.70953207483032,1.823144,unknown; numeric event only
20261007_151808_general32_onehand_A508_off,general32_onehand_A508,off,FINAL_HOLD,largest_held_target_error,2,6,left_hip_yaw_joint,877,876,877,1791357511175.179,1646473656033000,573,-0.644283295,-0.35277503728866577,-0.341750830411911,-0.112907074,-0.917077005,-6.655717373,40.179237365722656,2.557889699935913,-6.848985783400214,1.773189,unknown; numeric event only
20261007_151808_general32_onehand_A508_off,general32_onehand_A508,off,FINAL_HOLD,largest_held_target_error,3,9,left_knee_joint,896,895,896,1791357511555.198,1646474036051000,573,-0.270746171,0.5740597248077393,0.5675312876701355,0.123357624,0.220347822,42.1875,99.09842681884766,6.308801651000977,42.62678060084631,1.878436,unknown; numeric event only
20261007_151808_general32_onehand_A508_off,general32_onehand_A508,off,FINAL_HOLD,largest_held_target_error,4,13,left_ankle_pitch_joint,913,912,913,1791357511895.179,1646474376032000,573,2.816278934,0.872156023979187,0.9527319669723511,-0.122628458,-0.32347706,31.068382263,28.501245498657227,1.8144457340240479,31.23604304324898,0.016837,unknown; numeric event only
20261007_151808_general32_onehand_A508_off,general32_onehand_A508,off,FINAL_HOLD,first_raw_plus3,4,13,left_ankle_pitch_joint,874,873,874,1791357511115.19,1646473596043000,573,3.0,0.9527319669723511,0.943191409111023,-0.000221205,-0.003938987,26.418151855,28.501245498657227,1.8144457340240479,26.895581599466766,2.030443,unknown; numeric event only
20261007_151808_general32_onehand_A508_off,general32_onehand_A508,off,FINAL_HOLD,largest_held_target_error,5,17,left_ankle_roll_joint,877,876,877,1791357511175.179,1646473656033000,573,0.095028318,0.041677266359329224,0.05110219120979309,-0.091215782,-0.044742014,3.849630356,28.501245498657227,1.8144457340240479,4.137421449757579,1.773189,unknown; numeric event only
20261007_151808_general32_onehand_A508_off,general32_onehand_A508,off,FINAL_HOLD,largest_held_target_error,6,1,right_hip_pitch_joint,896,895,896,1791357511555.198,1646474036051000,573,-0.450951517,-0.4701313078403473,-0.44777539372444153,0.013277456,-1.732239246,-35.068359375,99.09842681884766,6.308801651000977,-34.76125827294525,1.878436,unknown; numeric event only
20261007_151808_general32_onehand_A508_off,general32_onehand_A508,off,FINAL_HOLD,largest_held_target_error,7,4,right_hip_roll_joint,918,917,918,1791357511995.285,1646474476138000,573,-1.473468781,-0.5166887044906616,-0.5687596201896667,-0.101234213,-0.27488935,-44.736328125,99.09842681884766,6.308801651000977,-44.596809965214554,0.131267,unknown; numeric event only
20261007_151808_general32_onehand_A508_off,general32_onehand_A508,off,FINAL_HOLD,largest_held_target_error,8,7,right_hip_yaw_joint,918,917,918,1791357511995.285,1646474476138000,573,-0.036586076,-0.020032577216625214,0.02162429876625538,-0.306044996,-0.046282392,13.479226112,40.179237365722656,2.557889699935913,13.283887625657515,0.131267,unknown; numeric event only
20261007_151808_general32_onehand_A508_off,general32_onehand_A508,off,FINAL_HOLD,largest_held_target_error,9,10,right_knee_joint,810,809,810,1791357509835.159,1646472316012000,573,-1.616671205,0.10209570825099945,0.09426646679639816,0.459180087,-0.069813177,-34.8046875,99.09842681884766,6.308801651000977,-35.72192820062818,1.886079,unknown; numeric event only
20261007_151808_general32_onehand_A508_off,general32_onehand_A508,off,FINAL_HOLD,largest_held_target_error,10,14,right_ankle_pitch_joint,903,902,903,1791357511695.159,1646474176013000,573,3.0,0.9527319669723511,0.9527319669723511,-0.147442326,-0.00548973,31.171442032,28.501245498657227,1.8144457340240479,31.36629843249606,1.844389,unknown; numeric event only
20261007_151808_general32_onehand_A508_off,general32_onehand_A508,off,FINAL_HOLD,first_raw_plus3,10,14,right_ankle_pitch_joint,900,899,900,1791357511635.337,1646474116190000,573,3.0,0.9527319669723511,0.8929294347763062,-0.143183634,-0.668414414,29.709140778,28.501245498657227,1.8144457340240479,30.743314619603108,0.040832,unknown; numeric event only
20261007_151808_general32_onehand_A508_off,general32_onehand_A508,off,FINAL_HOLD,largest_held_target_error,11,18,right_ankle_roll_joint,918,917,918,1791357511995.285,1646474476138000,573,-0.324009657,-0.14210328459739685,-0.15528838336467743,-0.039744951,-0.008120192,-3.447845221,28.501245498657227,1.8144457340240479,-3.278398083849312,0.131267,unknown; numeric event only
20261007_151808_general32_onehand_A508_off,general32_onehand_A508,off,FINAL_HOLD,largest_held_target_error,12,2,waist_yaw_joint,784,783,784,1791357509315.16,1646471796013000,573,0.861830294,0.4718921184539795,0.47870317101478577,0.075329416,0.077137321,15.772372246,40.179237365722656,2.557889699935913,16.009941090975385,1.93114,unknown; numeric event only
20261007_151808_general32_onehand_A508_off,general32_onehand_A508,off,FINAL_HOLD,largest_held_target_error,13,5,waist_roll_joint,1042,1041,1042,1791357514475.257,1646476956110000,573,-1.76639092,-0.7746989727020264,-0.8122085928916931,-0.096262187,-0.127721444,-20.279527664,28.501245498657227,1.8144457340240479,-20.173620648991246,1.951823,unknown; numeric event only
20261007_151808_general32_onehand_A508_off,general32_onehand_A508,off,FINAL_HOLD,largest_held_target_error,14,8,waist_pitch_joint,1040,1039,1040,1791357514435.377,1646476916231000,573,-1.978947759,-0.8679215908050537,-0.8834124207496643,0.020646058,-0.088849038,-25.442975998,28.501245498657227,1.8144457340240479,-25.605580890015528,0.030282,unknown; numeric event only
20261007_151808_general32_onehand_A508_off,general32_onehand_A508,off,FINAL_HOLD,largest_held_target_error,15,11,left_shoulder_pitch_joint,897,896,897,1791357511575.343,1646474056197000,573,-0.946336865,-0.2150418758392334,-0.22054338455200195,-0.011420967,0.004601942,-3.0625,14.250622749328613,0.9072228670120239,-2.9842996679762193,0.120197,unknown; numeric event only
20261007_151808_general32_onehand_A508_off,general32_onehand_A508,off,FINAL_HOLD,largest_held_target_error,16,15,left_shoulder_roll_joint,903,902,903,1791357511695.159,1646474176013000,573,1.142098188,0.7008983492851257,0.7157824039459229,0.411082894,-0.292990357,4.375,14.250622749328613,0.9072228670120239,4.607965319829065,1.844389,unknown; numeric event only
20261007_151808_general32_onehand_A508_off,general32_onehand_A508,off,FINAL_HOLD,largest_held_target_error,17,19,left_shoulder_yaw_joint,769,768,769,1791357509015.253,1646471496106000,573,-1.080617428,-0.4739342927932739,-0.47346416115760803,-0.540140986,0.128854394,1.0,14.250622749328613,0.9072228670120239,0.8332866242002139,0.065227,unknown; numeric event only
20261007_151808_general32_onehand_A508_off,general32_onehand_A508,off,FINAL_HOLD,largest_held_target_error,18,21,left_elbow_joint,976,975,976,1791357513155.214,1646475636067000,573,0.5090819,0.8232717514038086,0.8076843619346619,0.926692188,-0.010737866,-1.8125,14.250622749328613,0.9072228670120239,-1.686193995896739,0.030132,unknown; numeric event only
20261007_151808_general32_onehand_A508_off,general32_onehand_A508,off,FINAL_HOLD,largest_held_target_error,19,23,left_wrist_roll_joint,928,927,928,1791357512195.268,1646474676121000,573,1.294502735,0.5677395462989807,0.5789902210235596,0.532147527,0.363553464,0.25,14.250622749328613,0.9072228670120239,0.3377135451697448,0.08479,unknown; numeric event only
20261007_151808_general32_onehand_A508_off,general32_onehand_A508,off,FINAL_HOLD,largest_held_target_error,20,25,left_wrist_pitch_joint,904,903,904,1791357511715.239,1646474196092000,573,-0.060214713,-0.004486048594117165,-0.009752989746630192,-0.041045971,0.36815539,0.143749997,16.77832794189453,1.0681414604187012,0.13180186581297987,0.065051,unknown; numeric event only
20261007_151808_general32_onehand_A508_off,general32_onehand_A508,off,FINAL_HOLD,largest_held_target_error,21,27,left_wrist_yaw_joint,735,734,735,1791357508335.155,1646470816009000,573,-0.778373659,-0.057989515364170074,-0.054129187017679214,-0.036372125,-0.128854394,-0.1875,16.77832794189453,1.0681414604187012,-0.16029908922865452,0.014878,unknown; numeric event only
20261007_151808_general32_onehand_A508_off,general32_onehand_A508,off,FINAL_HOLD,largest_held_target_error,22,12,right_shoulder_pitch_joint,1042,1041,1042,1791357514475.257,1646476956110000,573,-3.0,-1.115731954574585,-1.115731954574585,-0.142660215,0.346679658,-13.875,14.250622749328613,0.9072228670120239,-14.181393981975855,1.951823,unknown; numeric event only
20261007_151808_general32_onehand_A508_off,general32_onehand_A508,off,FINAL_HOLD,first_raw_minus3,22,12,right_shoulder_pitch_joint,677,676,677,1791357507175.156,1646469656009000,573,-3.0,-1.115731954574585,-1.115731954574585,-0.640353084,0.13652429,-6.625,14.250622749328613,0.9072228670120239,-6.898302905350904,1.988023,unknown; numeric event only
20261007_151808_general32_onehand_A508_off,general32_onehand_A508,off,FINAL_HOLD,largest_held_target_error,23,16,right_shoulder_roll_joint,1039,1038,1039,1791357514415.16,1646476896014000,573,-3.0,-1.515731930732727,-1.507980465888977,-0.761465669,-0.906582654,-10.0,14.250622749328613,0.9072228670120239,-9.815828232711235,1.987608,unknown; numeric event only
20261007_151808_general32_onehand_A508_off,general32_onehand_A508,off,FINAL_HOLD,first_raw_minus3,23,16,right_shoulder_roll_joint,1039,1038,1039,1791357514415.16,1646476896014000,573,-3.0,-1.515731930732727,-1.507980465888977,-0.761465669,-0.906582654,-10.0,14.250622749328613,0.9072228670120239,-9.815828232711235,1.987608,unknown; numeric event only
20261007_151808_general32_onehand_A508_off,general32_onehand_A508,off,FINAL_HOLD,largest_held_target_error,24,20,right_shoulder_yaw_joint,1040,1039,1040,1791357514435.377,1646476916231000,573,-0.677084923,-0.29695409536361694,-0.32551339268684387,0.378893256,0.0,-9.8125,14.250622749328613,0.9072228670120239,-10.038233412555066,0.030282,unknown; numeric event only
20261007_151808_general32_onehand_A508_off,general32_onehand_A508,off,FINAL_HOLD,largest_held_target_error,25,22,right_elbow_joint,1055,1054,1055,1791357514735.289,1646477216142000,573,-3.0,-0.7157319188117981,-0.7157319188117981,0.142156884,-0.888174891,-11.3125,14.250622749328613,0.9072228670120239,-11.419677118722987,0.112327,unknown; numeric event only
20261007_151808_general32_onehand_A508_off,general32_onehand_A508,off,FINAL_HOLD,first_raw_minus3,25,22,right_elbow_joint,722,721,722,1791357508075.194,1646470556047000,573,-3.0,-0.7157319188117981,-0.7063592672348022,0.010893661,-0.305262178,-9.75,14.250622749328613,0.9072228670120239,-9.944360067809942,0.052375,unknown; numeric event only
20261007_151808_general32_onehand_A508_off,general32_onehand_A508,off,FINAL_HOLD,largest_held_target_error,26,24,right_wrist_roll_joint,994,993,994,1791357513515.164,1646475996017000,573,-2.539633751,-1.113825798034668,-1.125131368637085,-1.185299754,0.23009713,0.5,14.250622749328613,0.9072228670120239,0.6486875832732908,0.009744,unknown; numeric event only
20261007_151808_general32_onehand_A508_off,general32_onehand_A508,off,FINAL_HOLD,largest_held_target_error,27,26,right_wrist_pitch_joint,908,907,908,1791357511795.177,1646474276031000,573,-0.416674584,-0.031042618677020073,-0.03311953693628311,0.024411866,0.0,-0.912500024,16.77832794189453,1.0681414604187012,-0.9652807454222321,0.019305,unknown; numeric event only
20261007_151808_general32_onehand_A508_off,general32_onehand_A508,off,FINAL_HOLD,largest_held_target_error,28,28,right_wrist_yaw_joint,720,719,720,1791357508035.171,1646470516024000,573,-3.0,-0.22350260615348816,-0.22350260615348816,-0.214853197,0.036815539,-0.118749999,16.77832794189453,1.0681414604187012,-0.1844468268744104,0.013514,unknown; numeric event only
20261007_151808_general32_onehand_A508_off,general32_onehand_A508,off,FINAL_HOLD,first_raw_minus3,28,28,right_wrist_yaw_joint,677,676,677,1791357507175.156,1646469656009000,573,-3.0,-0.22350260615348816,-0.22350260615348816,-0.214889139,0.006135923,-0.118749999,16.77832794189453,1.0681414604187012,-0.15107361037219771,1.988023,unknown; numeric event only
20261007_151858_general32_onehand_A508_on,general32_onehand_A508,on,CONTROL_PREPLAY,largest_held_target_error,0,0,left_hip_pitch_joint,6,5,6,1791357543194.246,1646505675099000,0,0.850184321,-0.013873118907213211,0.1369202733039856,-0.321888834,0.080721483,44.47265625,99.09842681884766,6.308801651000977,44.95800491876319,2.029357,unknown; numeric event only
20261007_151858_general32_onehand_A508_on,general32_onehand_A508,on,CONTROL_PREPLAY,largest_held_target_error,1,3,left_hip_roll_joint,6,5,6,1791357543194.246,1646505675099000,0,0.53505975,0.18762484192848206,0.26224908232688904,0.019754263,-0.231256127,25.048828125,99.09842681884766,6.308801651000977,25.48980414283709,2.029357,unknown; numeric event only
20261007_151858_general32_onehand_A508_on,general32_onehand_A508,on,CONTROL_PREPLAY,largest_held_target_error,2,6,left_hip_yaw_joint,5,4,5,1791357543174.286,1646505655139000,0,-0.878077388,-0.4807881712913513,-0.511349081993103,-0.086217023,-0.773087382,-14.989346504,40.179237365722656,2.557889699935913,-15.104009658494073,0.034965,unknown; numeric event only
20261007_151858_general32_onehand_A508_on,general32_onehand_A508,on,CONTROL_PREPLAY,largest_held_target_error,3,9,left_knee_joint,11,10,11,1791357543294.243,1646505775096000,0,-0.444732338,0.5130494832992554,0.49181002378463745,0.842274785,-4.199698925,-9.4921875,99.09842681884766,6.308801651000977,-8.235438980138497,1.903227,unknown; numeric event only
20261007_151858_general32_onehand_A508_on,general32_onehand_A508,on,CONTROL_PREPLAY,largest_held_target_error,4,13,left_ankle_pitch_joint,5,4,5,1791357543174.286,1646505655139000,0,3.0,0.9527319669723511,0.9527319669723511,-0.637254119,0.029416928,44.397354126,28.501245498657227,1.8144457340240479,45.263208356229406,0.034965,unknown; numeric event only
20261007_151858_general32_onehand_A508_on,general32_onehand_A508,on,CONTROL_PREPLAY,first_raw_plus3,4,13,left_ankle_pitch_joint,4,3,4,1791357543154.24,1646505635093000,0,3.0,0.9527319669723511,0.651212751865387,-0.637766063,-0.154614687,36.512695312,28.501245498657227,1.8144457340240479,37.01804160429125,0.089133,unknown; numeric event only
20261007_151858_general32_onehand_A508_on,general32_onehand_A508,on,CONTROL_PREPLAY,largest_held_target_error,5,17,left_ankle_roll_joint,5,4,5,1791357543174.286,1646505655139000,0,-0.424231231,-0.1860581934452057,-0.23791557550430298,-0.001342436,-0.060060088,-6.892134666,28.501245498657227,1.8144457340240479,-6.6336533569435145,0.034965,unknown; numeric event only
20261007_151858_general32_onehand_A508_on,general32_onehand_A508,on,CONTROL_PREPLAY,largest_held_target_error,6,1,right_hip_pitch_joint,6,5,6,1791357543194.246,1646505675099000,0,-0.699538648,-0.5573012232780457,-0.8165255188941956,-0.377546757,-1.773691058,-32.51953125,99.09842681884766,6.308801651000977,-32.312239635524215,2.029357,unknown; numeric event only
20261007_151858_general32_onehand_A508_on,general32_onehand_A508,on,CONTROL_PREPLAY,largest_held_target_error,7,4,right_hip_roll_joint,8,7,8,1791357543234.244,1646505715097000,0,-1.591468573,-0.558066725730896,-0.5668517351150513,-0.113310046,-1.169370651,-38.14453125,99.09842681884766,6.308801651000977,-37.56794039440358,0.062517,unknown; numeric event only
20261007_151858_general32_onehand_A508_on,general32_onehand_A508,on,CONTROL_PREPLAY,largest_held_target_error,8,7,right_hip_yaw_joint,5,4,5,1791357543174.286,1646505655139000,0,-0.688373566,-0.3769164979457855,-0.4475221633911133,-0.050139256,-2.403256178,-9.84375,40.179237365722656,2.557889699935913,-9.819277937134975,0.034965,unknown; numeric event only
20261007_151858_general32_onehand_A508_on,general32_onehand_A508,on,CONTROL_PREPLAY,largest_held_target_error,9,10,right_knee_joint,12,11,12,1791357543314.247,1646505795100000,0,-1.407685757,0.17537884414196014,0.21530099213123322,0.75314194,-3.223404884,-33.837890625,99.09842681884766,6.308801651000977,-32.96336975852883,1.982662,unknown; numeric event only
20261007_151858_general32_onehand_A508_on,general32_onehand_A508,on,CONTROL_PREPLAY,largest_held_target_error,10,14,right_ankle_pitch_joint,9,8,9,1791357543254.242,1646505735095000,0,3.0,0.9527319669723511,0.9527319669723511,-0.514269114,0.346656859,40.153820038,28.501245498657227,1.8144457340240479,41.18236789660578,0.062436,unknown; numeric event only
20261007_151858_general32_onehand_A508_on,general32_onehand_A508,on,CONTROL_PREPLAY,first_raw_plus3,10,14,right_ankle_pitch_joint,8,7,8,1791357543234.244,1646505715097000,0,3.0,0.9527319669723511,0.7182556390762329,-0.521868229,1.161325574,29.360115051,28.501245498657227,1.8144457340240479,33.23791257922779,0.062517,unknown; numeric event only
20261007_151858_general32_onehand_A508_on,general32_onehand_A508,on,CONTROL_PREPLAY,largest_held_target_error,11,18,right_ankle_roll_joint,9,8,9,1791357543254.242,1646505735095000,0,-0.728699267,-0.3195909559726715,-0.36824947595596313,0.00378151,-0.169191167,-10.63979435,28.501245498657227,1.8144457340240479,-10.296358272640704,0.062436,unknown; numeric event only
20261007_151858_general32_onehand_A508_on,general32_onehand_A508,on,CONTROL_PREPLAY,largest_held_target_error,12,2,waist_yaw_joint,8,7,8,1791357543234.244,1646505715097000,0,0.790437579,0.4328013062477112,0.4460262954235077,-0.265454143,2.672379732,21.365411758,40.179237365722656,2.557889699935913,21.75108882568624,0.062517,unknown; numeric event only
20261007_151858_general32_onehand_A508_on,general32_onehand_A508,on,CONTROL_PREPLAY,largest_held_target_error,13,5,waist_roll_joint,6,5,6,1791357543194.246,1646505675099000,0,-1.183116794,-0.5188881754875183,-0.5027437210083008,0.021708069,-0.362416595,-14.534876823,28.501245498657227,1.8144457340240479,-14.289943974499536,2.029357,unknown; numeric event only
20261007_151858_general32_onehand_A508_on,general32_onehand_A508,on,CONTROL_PREPLAY,largest_held_target_error,14,8,waist_pitch_joint,27,26,27,1791357543614.248,1646506095101000,0,-1.196101665,-0.5245830416679382,-0.5858270525932312,0.025875324,-0.129822642,-16.810949326,28.501245498657227,1.8144457340240479,-17.198723468439127,0.105496,unknown; numeric event only
20261007_151858_general32_onehand_A508_on,general32_onehand_A508,on,CONTROL_PREPLAY,largest_held_target_error,15,11,left_shoulder_pitch_joint,4,3,4,1791357543154.24,1646505635093000,0,0.941693306,0.6130053400993347,0.6184239983558655,0.191627756,0.199417517,5.75,14.250622749328613,0.9072228670120239,5.901196109139305,0.089133,unknown; numeric event only
20261007_151858_general32_onehand_A508_on,general32_onehand_A508,on,CONTROL_PREPLAY,largest_held_target_error,16,15,left_shoulder_roll_joint,7,6,7,1791357543214.242,1646505695096000,0,0.71350795,0.5129284262657166,0.615047037601471,0.116043255,1.543184757,5.9375,14.250622749328613,0.9072228670120239,5.711102156766758,1.912823,unknown; numeric event only
20261007_151858_general32_onehand_A508_on,general32_onehand_A508,on,CONTROL_PREPLAY,largest_held_target_error,17,19,left_shoulder_yaw_joint,13,12,13,1791357543334.244,1646505815097000,0,-1.335980415,-0.5859307050704956,-0.5276556611061096,-0.285895675,-3.048019886,-0.875,14.250622749328613,0.9072228670120239,-0.6799970181945127,1.995081,unknown; numeric event only
20261007_151858_general32_onehand_A508_on,general32_onehand_A508,on,CONTROL_PREPLAY,largest_held_target_error,18,21,left_elbow_joint,5,4,5,1791357543174.286,1646505655139000,0,1.236027122,1.1420934200286865,1.2904986143112183,0.891554475,4.499166012,1.9375,14.250622749328613,0.9072228670120239,1.6034561388100768,0.034965,unknown; numeric event only
20261007_151858_general32_onehand_A508_on,general32_onehand_A508,on,CONTROL_PREPLAY,largest_held_target_error,19,23,left_wrist_roll_joint,9,8,9,1791357543254.242,1646505735095000,0,1.207448721,0.5295596122741699,0.47387614846229553,0.255959094,3.867165804,-0.0625,14.250622749328613,0.9072228670120239,-0.40292751412866723,0.062436,unknown; numeric event only
20261007_151858_general32_onehand_A508_on,general32_onehand_A508,on,CONTROL_PREPLAY,largest_held_target_error,20,25,left_wrist_pitch_joint,24,23,24,1791357543554.242,1646506035095000,0,-2.221227169,-0.16548335552215576,-0.14750270545482635,-0.076902777,-0.797670066,-0.318749994,16.77832794189453,1.0681414604187012,-0.33252428305984605,2.100111,unknown; numeric event only
20261007_151858_general32_onehand_A508_on,general32_onehand_A508,on,CONTROL_PREPLAY,first_raw_minus3,20,25,left_wrist_pitch_joint,28,27,28,1791357543634.25,1646506115103000,0,-3.0,-0.22350260615348816,-0.20858009159564972,-0.150929332,-0.877437055,-0.081249997,16.77832794189453,1.0681414604187012,-0.03005645324194972,0.111437,unknown; numeric event only
20261007_151858_general32_onehand_A508_on,general32_onehand_A508,on,CONTROL_PREPLAY,largest_held_target_error,21,27,left_wrist_yaw_joint,15,14,15,1791357543374.242,1646505855096000,0,1.179162264,0.08784861862659454,0.09923908859491348,0.041393515,0.766990423,0.143749997,16.77832794189453,1.0681414604187012,0.15129773321207607,0.094157,unknown; numeric event only
20261007_151858_general32_onehand_A508_on,general32_onehand_A508,on,CONTROL_PREPLAY,first_raw_plus3,21,27,left_wrist_yaw_joint,54,53,54,1791357544154.241,1646506635094000,0,3.0,0.22350260615348816,0.22149814665317535,0.19197531,0.398835033,0.037500001,16.77832794189453,1.0681414604187012,0.069331600527199,0.088026,unknown; numeric event only
20261007_151858_general32_onehand_A508_on,general32_onehand_A508,on,CONTROL_PREPLAY,largest_held_target_error,22,12,right_shoulder_pitch_joint,5,4,5,1791357543174.286,1646505655139000,0,-3.0,-1.115731954574585,-1.115731954574585,0.066931896,-5.321379662,-12.5,14.250622749328613,0.9072228670120239,-12.02601906038764,0.034965,unknown; numeric event only
20261007_151858_general32_onehand_A508_on,general32_onehand_A508,on,CONTROL_PREPLAY,first_raw_minus3,22,12,right_shoulder_pitch_joint,4,3,4,1791357543154.24,1646505635093000,0,-3.0,-1.115731954574585,-0.7494730353355408,0.153026566,-3.038815975,-10.375,14.250622749328613,0.9072228670120239,-10.104298008890822,0.089133,unknown; numeric event only
20261007_151858_general32_onehand_A508_on,general32_onehand_A508,on,CONTROL_PREPLAY,largest_held_target_error,23,16,right_shoulder_roll_joint,6,5,6,1791357543194.246,1646505675099000,0,-2.404282093,-1.25446355342865,-1.4532968997955322,-0.181465134,-0.911184609,-17.375,14.250622749328613,0.9072228670120239,-17.297747181610383,2.029357,unknown; numeric event only
20261007_151858_general32_onehand_A508_on,general32_onehand_A508,on,CONTROL_PREPLAY,largest_held_target_error,24,20,right_shoulder_yaw_joint,10,9,10,1791357543274.241,1646505755095000,0,2.060922861,0.9038740396499634,0.9606336355209351,0.298922539,5.296835899,5.25,14.250622749328613,0.9072228670120239,4.624384555181428,2.082154,unknown; numeric event only
20261007_151858_general32_onehand_A508_on,general32_onehand_A508,on,CONTROL_PREPLAY,largest_held_target_error,25,22,right_elbow_joint,5,4,5,1791357543174.286,1646505655139000,0,-3.0,-0.7157319188117981,-0.7157319188117981,0.527305901,-8.610234261,-10.8125,14.250622749328613,0.9072228670120239,-9.902661621376279,0.034965,unknown; numeric event only
20261007_151858_general32_onehand_A508_on,general32_onehand_A508,on,CONTROL_PREPLAY,first_raw_minus3,25,22,right_elbow_joint,4,3,4,1791357543154.24,1646505635093000,0,-3.0,-0.7157319188117981,-0.15727971494197845,0.658185661,-3.571107388,-8.5625,14.250622749328613,0.9072228670120239,-8.381099154739388,0.089133,unknown; numeric event only
20261007_151858_general32_onehand_A508_on,general32_onehand_A508,on,CONTROL_PREPLAY,largest_held_target_error,26,24,right_wrist_roll_joint,10,9,10,1791357543274.241,1646505755095000,0,-1.596982002,-0.7004000544548035,-0.8184404373168945,-0.450463057,-6.918253422,0.0625,14.250622749328613,0.9072228670120239,1.032490877040301,2.082154,unknown; numeric event only
20261007_151858_general32_onehand_A508_on,general32_onehand_A508,on,CONTROL_PREPLAY,largest_held_target_error,27,26,right_wrist_pitch_joint,22,21,22,1791357543514.248,1646505995101000,0,-3.0,-0.22350260615348816,-0.22350260615348816,-0.143678874,-1.300815701,0.043749999,16.77832794189453,1.0681414604187012,0.050146426984541526,0.040854,unknown; numeric event only
20261007_151858_general32_onehand_A508_on,general32_onehand_A508,on,CONTROL_PREPLAY,first_raw_minus3,27,26,right_wrist_pitch_joint,21,20,21,1791357543494.3,1646505975153000,0,-3.0,-0.22350260615348816,-0.18902413547039032,-0.121016704,-1.01242733,-0.050000001,16.77832794189453,1.0681414604187012,-0.05963538086212128,0.120393,unknown; numeric event only
20261007_151858_general32_onehand_A508_on,general32_onehand_A508,on,CONTROL_PREPLAY,largest_held_target_error,28,28,right_wrist_yaw_joint,12,11,12,1791357543314.247,1646505795100000,0,-3.0,-0.22350260615348816,-0.20298856496810913,-0.112112425,-1.417398334,0.0,16.77832794189453,1.0681414604187012,-0.010767752004649855,1.982662,unknown; numeric event only
20261007_151858_general32_onehand_A508_on,general32_onehand_A508,on,CONTROL_PREPLAY,first_raw_minus3,28,28,right_wrist_yaw_joint,12,11,12,1791357543314.247,1646505795100000,0,-3.0,-0.22350260615348816,-0.20298856496810913,-0.112112425,-1.417398334,0.0,16.77832794189453,1.0681414604187012,-0.010767752004649855,1.982662,unknown; numeric event only
20261007_151858_general32_onehand_A508_on,general32_onehand_A508,on,PLAY,largest_held_target_error,0,0,left_hip_pitch_joint,474,473,474,1791357552554.248,1646515035101000,318,0.261698693,-0.22023235261440277,-0.27854058146476746,-0.08194866,-0.395971596,-17.490234375,99.09842681884766,6.308801651000977,-16.98384388385861,0.037145,unknown; numeric event only
20261007_151858_general32_onehand_A508_on,general32_onehand_A508,on,PLAY,largest_held_target_error,1,3,left_hip_roll_joint,470,469,470,1791357552474.283,1646514955136000,314,0.983531117,0.34488645195961,0.3498735725879669,0.104353301,-0.006544985,23.818359375,99.09842681884766,6.308801651000977,24.371963678677517,0.137628,unknown; numeric event only
20261007_151858_general32_onehand_A508_on,general32_onehand_A508,on,PLAY,largest_held_target_error,2,6,left_hip_yaw_joint,213,212,213,1791357547334.248,1646509815101000,57,0.595084429,0.3258363902568817,0.3218490779399872,0.014597166,0.342832536,11.689453125,40.179237365722656,2.557889699935913,11.468219688271551,1.966105,unknown; numeric event only
20261007_151858_general32_onehand_A508_on,general32_onehand_A508,on,PLAY,largest_held_target_error,3,9,left_knee_joint,588,587,588,1791357554834.24,1646517315093000,432,-0.836664319,0.37561407685279846,0.41570132970809937,0.160036802,2.899428368,7.3828125,99.09842681884766,6.308801651000977,7.044034014258862,0.097294,unknown; numeric event only
20261007_151858_general32_onehand_A508_on,general32_onehand_A508,on,PLAY,largest_held_target_error,4,13,left_ankle_pitch_joint,470,469,470,1791357552474.283,1646514955136000,314,3.0,0.9527319669723511,0.9527319669723511,-0.018148433,0.006324723,27.480331421,28.501245498657227,1.8144457340240479,27.659824762780264,0.137628,unknown; numeric event only
20261007_151858_general32_onehand_A508_on,general32_onehand_A508,on,PLAY,first_raw_plus3,4,13,left_ankle_pitch_joint,468,467,468,1791357552434.316,1646514915169000,312,3.0,0.9527319669723511,0.7716668248176575,-0.019830534,0.015924858,22.179740906,28.501245498657227,1.8144457340240479,22.529765744537805,0.147073,unknown; numeric event only
20261007_151858_general32_onehand_A508_on,general32_onehand_A508,on,PLAY,largest_held_target_error,5,17,left_ankle_roll_joint,564,563,564,1791357554354.242,1646516835095000,408,-0.654943824,-0.287243515253067,-0.27435967326164246,-0.072074413,-0.56928283,-5.301600456,28.501245498657227,1.8144457340240479,-4.732449061130206,0.077922,unknown; numeric event only
20261007_151858_general32_onehand_A508_on,general32_onehand_A508,on,PLAY,largest_held_target_error,6,1,right_hip_pitch_joint,474,473,474,1791357552554.248,1646515035101000,318,1.620835662,0.2563646137714386,0.3278149962425232,-0.035801407,0.308705121,34.365234375,99.09842681884766,6.308801651000977,34.086254149824526,0.037145,unknown; numeric event only
20261007_151858_general32_onehand_A508_on,general32_onehand_A508,on,PLAY,largest_held_target_error,7,4,right_hip_roll_joint,588,587,588,1791357554834.24,1646517315093000,432,-2.651638985,-0.9298276305198669,-0.9528414011001587,-0.368649662,-1.098466635,-51.943359375,99.09842681884766,6.308801651000977,-50.96247418493494,0.097294,unknown; numeric event only
20261007_151858_general32_onehand_A508_on,general32_onehand_A508,on,PLAY,largest_held_target_error,8,7,right_hip_yaw_joint,618,617,618,1791357555434.269,1646517915123000,462,-0.900137603,-0.4928671717643738,-0.4929950535297394,-0.770583093,0.519391298,9.955611229,40.179237365722656,2.557889699935913,9.824730076370649,0.130461,unknown; numeric event only
20261007_151858_general32_onehand_A508_on,general32_onehand_A508,on,PLAY,largest_held_target_error,9,10,right_knee_joint,588,587,588,1791357554834.24,1646517315093000,432,-2.271220922,-0.12742966413497925,-0.14211641252040863,0.372987419,0.221438661,-51.591796875,99.09842681884766,6.308801651000977,-52.44299194214549,0.097294,unknown; numeric event only
20261007_151858_general32_onehand_A508_on,general32_onehand_A508,on,PLAY,largest_held_target_error,10,14,right_ankle_pitch_joint,478,477,478,1791357552634.257,1646515115110000,322,3.0,0.9527319669723511,0.9527319669723511,-0.180809855,-0.002105515,31.808744431,28.501245498657227,1.8144457340240479,32.311174093738856,1.953281,unknown; numeric event only
20261007_151858_general32_onehand_A508_on,general32_onehand_A508,on,PLAY,first_raw_plus3,10,14,right_ankle_pitch_joint,476,475,476,1791357552594.263,1646515075116000,320,3.0,0.9527319669723511,0.9527319669723511,-0.180686384,-0.006428572,31.902030945,28.501245498657227,1.8144457340240479,32.31549896878748,2.011253,unknown; numeric event only
20261007_151858_general32_onehand_A508_on,general32_onehand_A508,on,PLAY,largest_held_target_error,11,18,right_ankle_roll_joint,520,519,520,1791357553474.424,1646515955277000,364,0.343956888,0.15085168182849884,0.1565246433019638,0.048262469,-0.032780092,2.800577402,28.501245498657227,1.8144457340240479,3.145084506089006,0.030797,unknown; numeric event only
20261007_151858_general32_onehand_A508_on,general32_onehand_A508,on,PLAY,largest_held_target_error,12,2,waist_yaw_joint,479,478,479,1791357552654.295,1646515135148000,323,0.723265707,0.3960215747356415,0.4309397041797638,0.200704336,0.207413673,8.389559746,40.179237365722656,2.557889699935913,8.720140210286702,2.114576,unknown; numeric event only
20261007_151858_general32_onehand_A508_on,general32_onehand_A508,on,PLAY,largest_held_target_error,13,5,waist_roll_joint,729,728,729,1791357557654.249,1646520135102000,573,-1.413603306,-0.6199743151664734,-0.6372641324996948,0.048218425,-0.004729273,-19.462974548,28.501245498657227,1.8144457340240479,-19.528525647126333,0.094637,unknown; numeric event only
20261007_151858_general32_onehand_A508_on,general32_onehand_A508,on,PLAY,largest_held_target_error,14,8,waist_pitch_joint,712,711,712,1791357557314.289,1646519795142000,556,-1.582866788,-0.6942094564437866,-0.7066449522972107,0.066617399,-0.054979034,-21.62553978,28.501245498657227,1.8144457340240479,-21.939183635488668,2.005537,unknown; numeric event only
20261007_151858_general32_onehand_A508_on,general32_onehand_A508,on,PLAY,largest_held_target_error,15,11,left_shoulder_pitch_joint,596,595,596,1791357554994.241,1646517475094000,440,0.36210078,0.3588091731071472,0.4165421724319458,0.219958469,-0.006135923,2.625,14.250622749328613,0.9072228670120239,2.8070068459303816,0.099947,unknown; numeric event only
20261007_151858_general32_onehand_A508_on,general32_onehand_A508,on,PLAY,largest_held_target_error,16,15,left_shoulder_roll_joint,590,589,590,1791357554874.24,1646517355093000,434,1.869933367,1.0201103687286377,1.0159714221954346,0.645769954,0.200951487,4.9375,14.250622749328613,0.9072228670120239,5.093293680334243,0.095579,unknown; numeric event only
20261007_151858_general32_onehand_A508_on,general32_onehand_A508,on,PLAY,largest_held_target_error,17,19,left_shoulder_yaw_joint,723,722,723,1791357557534.28,1646520015134000,567,-1.435737371,-0.6296818256378174,-0.6343909502029419,-0.721833825,1.10139823,0.5,14.250622749328613,0.9072228670120239,0.24690176090708194,0.138651,unknown; numeric event only
20261007_151858_general32_onehand_A508_on,general32_onehand_A508,on,PLAY,largest_held_target_error,18,21,left_elbow_joint,600,599,600,1791357555074.243,1646517555096000,444,-0.347898304,0.4474197030067444,0.4578762948513031,0.626954734,-1.299281836,-1.4375,14.250622749328613,0.9072228670120239,-1.2307348590408274,0.109786,unknown; numeric event only
20261007_151858_general32_onehand_A508_on,general32_onehand_A508,on,PLAY,largest_held_target_error,19,23,left_wrist_roll_joint,611,610,611,1791357555294.246,1646517775099000,455,-0.311626136,-0.13667215406894684,-0.17324751615524292,-0.326857746,2.781107187,-0.125,14.250622749328613,0.9072228670120239,-0.33404259970259265,0.051357,unknown; numeric event only
20261007_151858_general32_onehand_A508_on,general32_onehand_A508,on,PLAY,largest_held_target_error,20,25,left_wrist_pitch_joint,162,161,162,1791357546314.251,1646508795104000,6,-1.785434961,-0.1330164521932602,-0.14058151841163635,-0.174202695,0.472466111,0.037500001,16.77832794189453,1.0681414604187012,0.059446484790027676,1.990266,unknown; numeric event only
20261007_151858_general32_onehand_A508_on,general32_onehand_A508,on,PLAY,first_raw_minus3,20,25,left_wrist_pitch_joint,178,177,178,1791357546634.245,1646509115098000,22,-3.0,-0.22350260615348816,-0.22065071761608124,-0.189782187,-0.362019479,-0.174999997,16.77832794189453,1.0681414604187012,-0.13123431476194553,0.024049,unknown; numeric event only
20261007_151858_general32_onehand_A508_on,general32_onehand_A508,on,PLAY,largest_held_target_error,21,27,left_wrist_yaw_joint,718,717,718,1791357557434.251,1646519915104000,562,-1.399171352,-0.10423948615789413,-0.08005490154027939,0.002121208,-1.227184653,-0.125,16.77832794189453,1.0681414604187012,-0.0679709073970185,0.113169,unknown; numeric event only
20261007_151858_general32_onehand_A508_on,general32_onehand_A508,on,PLAY,first_raw_plus3,21,27,left_wrist_yaw_joint,189,188,189,1791357546854.246,1646509335099000,33,3.0,0.22350260615348816,0.21701748669147491,0.175161436,0.539961278,0.087499999,16.77832794189453,1.0681414604187012,0.12551951680165907,2.032972,unknown; numeric event only
20261007_151858_general32_onehand_A508_on,general32_onehand_A508,on,PLAY,first_raw_minus3,21,27,left_wrist_yaw_joint,725,724,725,1791357557574.252,1646520055106000,569,-3.0,-0.22350260615348816,-0.21700707077980042,-0.160109252,-0.944932222,0.0125,16.77832794189453,1.0681414604187012,0.05467102093779175,0.092958,unknown; numeric event only
20261007_151858_general32_onehand_A508_on,general32_onehand_A508,on,PLAY,largest_held_target_error,22,12,right_shoulder_pitch_joint,715,714,715,1791357557374.257,1646519855110000,559,-3.0,-1.115731954574585,-1.115731954574585,-0.287681341,0.012271847,-11.5625,14.250622749328613,0.9072228670120239,-11.811370211620371,0.095682,unknown; numeric event only
20261007_151858_general32_onehand_A508_on,general32_onehand_A508,on,PLAY,first_raw_minus3,22,12,right_shoulder_pitch_joint,158,157,158,1791357546234.244,1646508715097000,2,-3.0,-1.115731954574585,-1.0988181829452515,-0.850999832,-1.251728415,-2.3125,14.250622749328613,0.9072228670120239,-2.3959691883047864,0.067896,unknown; numeric event only
20261007_151858_general32_onehand_A508_on,general32_onehand_A508,on,PLAY,largest_held_target_error,23,16,right_shoulder_roll_joint,729,728,729,1791357557654.249,1646520135102000,573,-2.173451424,-1.1532264947891235,-1.1623477935791016,-0.769003749,-0.015339809,-5.625,14.250622749328613,0.9072228670120239,-5.591480964491477,0.094637,unknown; numeric event only
20261007_151858_general32_onehand_A508_on,general32_onehand_A508,on,PLAY,largest_held_target_error,24,20,right_shoulder_yaw_joint,700,699,700,1791357557074.39,1646519555243000,544,-0.18794921,-0.08243025839328766,-0.10133678466081619,0.436153889,-0.004601942,-7.4375,14.250622749328613,0.9072228670120239,-7.655401834607726,0.032649,unknown; numeric event only
20261007_151858_general32_onehand_A508_on,general32_onehand_A508,on,PLAY,largest_held_target_error,25,22,right_elbow_joint,708,707,708,1791357557234.243,1646519715097000,552,-2.309969902,-0.41310039162635803,-0.4328027367591858,0.08457268,0.87897104,-7.875,14.250622749328613,0.9072228670120239,-8.170344510941165,1.943858,unknown; numeric event only
20261007_151858_general32_onehand_A508_on,general32_onehand_A508,on,PLAY,largest_held_target_error,26,24,right_wrist_roll_joint,729,728,729,1791357557654.249,1646520135102000,573,-2.528211594,-1.1088162660598755,-1.116023063659668,-1.358028412,0.335941792,3.0,14.250622749328613,0.9072228670120239,3.143952846830533,0.094637,unknown; numeric event only
20261007_151858_general32_onehand_A508_on,general32_onehand_A508,on,PLAY,largest_held_target_error,27,26,right_wrist_pitch_joint,712,711,712,1791357557314.289,1646519795142000,556,-3.0,-0.22350260615348816,-0.22350260615348816,-0.264959246,-0.006135923,0.731249988,16.77832794189453,1.0681414604187012,0.7021271324680242,2.005537,unknown; numeric event only
20261007_151858_general32_onehand_A508_on,general32_onehand_A508,on,PLAY,first_raw_minus3,27,26,right_wrist_pitch_joint,167,166,167,1791357546414.242,1646508895096000,11,-3.0,-0.22350260615348816,-0.220636785030365,-0.181357279,-0.595184565,-0.0125,16.77832794189453,1.0681414604187012,-0.023303123095318123,0.069236,unknown; numeric event only
20261007_151858_general32_onehand_A508_on,general32_onehand_A508,on,PLAY,largest_held_target_error,28,28,right_wrist_yaw_joint,166,165,166,1791357546394.243,1646508875096000,10,-3.0,-0.22350260615348816,-0.22350260615348816,-0.214853197,-0.006135923,-0.106250003,16.77832794189453,1.0681414604187012,-0.13856858952661208,0.066482,unknown; numeric event only
20261007_151858_general32_onehand_A508_on,general32_onehand_A508,on,PLAY,first_raw_minus3,28,28,right_wrist_yaw_joint,156,155,156,1791357546194.249,1646508675102000,0,-3.0,-0.22350260615348816,-0.22350260615348816,-0.214877158,0.01840777,-0.118749999,16.77832794189453,1.0681414604187012,-0.16438270009588432,1.977808,unknown; numeric event only
20261007_151858_general32_onehand_A508_on,general32_onehand_A508,on,FINAL_HOLD,largest_held_target_error,0,0,left_hip_pitch_joint,1747,1746,1747,1791357578014.249,1646540495102000,573,1.089204669,0.06994210928678513,0.16779978573322296,-0.255936176,0.270526052,39.90234375,99.09842681884766,6.308801651000977,40.28487199083745,1.896216,unknown; numeric event only
20261007_151858_general32_onehand_A508_on,general32_onehand_A508,on,FINAL_HOLD,largest_held_target_error,1,3,left_hip_roll_joint,1209,1208,1209,1791357567254.27,1646529735123000,573,-0.300870031,-0.10550352931022644,-0.11171300709247589,0.160693005,-0.025089111,-26.89453125,99.09842681884766,6.308801651000977,-26.836725029461405,1.974344,unknown; numeric event only
20261007_151858_general32_onehand_A508_on,general32_onehand_A508,on,FINAL_HOLD,largest_held_target_error,2,6,left_hip_yaw_joint,1754,1753,1754,1791357578154.246,1646540635099000,573,0.455423117,0.24936531484127045,0.24399682879447937,0.022043061,1.167344809,6.320135117,40.179237365722656,2.557889699935913,5.93199385721612,1.849289,unknown; numeric event only
20261007_151858_general32_onehand_A508_on,general32_onehand_A508,on,FINAL_HOLD,largest_held_target_error,3,9,left_knee_joint,1272,1271,1272,1791357568514.395,1646530995248000,573,-1.132877827,0.27174338698387146,0.9067403674125671,0.259370595,4.910920143,34.189453125,99.09842681884766,6.308801651000977,33.17130491006849,0.205725,unknown; numeric event only
20261007_151858_general32_onehand_A508_on,general32_onehand_A508,on,FINAL_HOLD,largest_held_target_error,4,13,left_ankle_pitch_joint,1768,1767,1768,1791357578434.249,1646540915102000,573,2.948559284,0.9301711916923523,0.9469616413116455,-0.281466275,-0.272204131,35.261722565,28.501245498657227,1.8144457340240479,35.505625244478836,0.110162,unknown; numeric event only
20261007_151858_general32_onehand_A508_on,general32_onehand_A508,on,FINAL_HOLD,first_raw_plus3,4,13,left_ankle_pitch_joint,747,746,747,1791357558014.318,1646520495171000,573,3.0,0.9527319669723511,0.8054149150848389,-0.090634532,0.047778659,25.047544479,28.501245498657227,1.8144457340240479,25.451833486301123,0.167415,unknown; numeric event only
20261007_151858_general32_onehand_A508_on,general32_onehand_A508,on,FINAL_HOLD,largest_held_target_error,5,17,left_ankle_roll_joint,1246,1245,1246,1791357567994.299,1646530475152000,573,0.4580881,0.20090705156326294,0.2233130782842636,-0.046893358,0.2496856,7.027861595,28.501245498657227,1.8144457340240479,7.248179004087843,0.032588,unknown; numeric event only
20261007_151858_general32_onehand_A508_on,general32_onehand_A508,on,FINAL_HOLD,largest_held_target_error,6,1,right_hip_pitch_joint,1757,1756,1757,1791357578214.243,1646540695096000,573,1.278193831,0.13621331751346588,0.15541160106658936,-0.237340912,0.157079637,38.232421875,99.09842681884766,6.308801651000977,37.93017190080367,0.037353,unknown; numeric event only
20261007_151858_general32_onehand_A508_on,general32_onehand_A508,on,FINAL_HOLD,largest_held_target_error,7,4,right_hip_roll_joint,922,921,922,1791357561514.249,1646523995102000,573,0.286764979,0.10055743157863617,0.10378269851207733,-0.225878671,0.018544124,32.080078125,99.09842681884766,6.308801651000977,32.55193190148612,1.908306,unknown; numeric event only
20261007_151858_general32_onehand_A508_on,general32_onehand_A508,on,FINAL_HOLD,largest_held_target_error,8,7,right_hip_yaw_joint,1757,1756,1757,1791357578214.243,1646540695096000,573,-0.153531283,-0.0840655118227005,-0.08584675192832947,-0.445307314,0.62395525,13.087713242,40.179237365722656,2.557889699935913,12.846842539897796,0.037353,unknown; numeric event only
20261007_151858_general32_onehand_A508_on,general32_onehand_A508,on,FINAL_HOLD,largest_held_target_error,9,10,right_knee_joint,1245,1244,1245,1791357567974.247,1646530455100000,573,-1.011786938,0.3142053186893463,0.8123807907104492,0.347804576,3.923718452,23.5546875,99.09842681884766,6.308801651000977,21.284810567220116,1.901527,unknown; numeric event only
20261007_151858_general32_onehand_A508_on,general32_onehand_A508,on,FINAL_HOLD,largest_held_target_error,10,14,right_ankle_pitch_joint,745,744,745,1791357557974.25,1646520455103000,573,2.949901104,0.9307597279548645,0.9527319669723511,-0.148548782,0.01013034,31.051570892,28.501245498657227,1.8144457340240479,31.369492037208868,0.066853,unknown; numeric event only
20261007_151858_general32_onehand_A508_on,general32_onehand_A508,on,FINAL_HOLD,first_raw_plus3,10,14,right_ankle_pitch_joint,743,742,743,1791357557934.267,1646520415121000,573,3.0,0.9527319669723511,0.9354113936424255,-0.14768976,-0.046192147,30.653915405,28.501245498657227,1.8144457340240479,30.953545023911193,0.118807,unknown; numeric event only
20261007_151858_general32_onehand_A508_on,general32_onehand_A508,on,FINAL_HOLD,largest_held_target_error,11,18,right_ankle_roll_joint,1010,1009,1010,1791357563274.345,1646525755199000,573,-0.458052009,-0.20089122653007507,-0.22124364972114563,0.082656823,0.008255083,-8.865740776,28.501245498657227,1.8144457340240479,-8.676520380316719,0.204303,unknown; numeric event only
20261007_151858_general32_onehand_A508_on,general32_onehand_A508,on,FINAL_HOLD,largest_held_target_error,12,2,waist_yaw_joint,740,739,740,1791357557874.248,1646520355101000,573,1.145063758,0.6269755959510803,0.7545680403709412,0.052134648,1.2479105,24.609375,40.179237365722656,2.557889699935913,25.03122059128997,0.078884,unknown; numeric event only
20261007_151858_general32_onehand_A508_on,general32_onehand_A508,on,FINAL_HOLD,largest_held_target_error,13,5,waist_roll_joint,732,731,732,1791357557714.273,1646520195126000,573,-3.0,-1.3157318830490112,-1.3157318830490112,0.04318618,0.066201448,-30.687194824,28.501245498657227,1.8144457340240479,-38.85097626242944,0.024917,unknown; numeric event only
20261007_151858_general32_onehand_A508_on,general32_onehand_A508,on,FINAL_HOLD,first_raw_minus3,13,5,waist_roll_joint,730,729,730,1791357557674.244,1646520155097000,573,-3.0,-1.3157318830490112,-0.6199743151664734,0.048269074,-0.008630271,-19.001392365,28.501245498657227,1.8144457340240479,-19.030109729088977,2.015433,unknown; numeric event only
20261007_151858_general32_onehand_A508_on,general32_onehand_A508,on,FINAL_HOLD,largest_held_target_error,14,8,waist_pitch_joint,734,733,734,1791357557754.298,1646520235151000,573,-2.943141699,-1.2907952070236206,-1.3157318830490112,0.087103195,0.251413435,-28.171310425,28.501245498657227,1.8144457340240479,-40.43872298821493,0.029586,unknown; numeric event only
20261007_151858_general32_onehand_A508_on,general32_onehand_A508,on,FINAL_HOLD,first_raw_minus3,14,8,waist_pitch_joint,730,729,730,1791357557674.244,1646520155097000,573,-3.0,-1.3157318830490112,-0.48509493470191956,0.080747187,0.005551389,-16.017248154,28.501245498657227,1.8144457340240479,-16.13727791819645,2.015433,unknown; numeric event only
20261007_151858_general32_onehand_A508_on,general32_onehand_A508,on,FINAL_HOLD,largest_held_target_error,15,11,left_shoulder_pitch_joint,1896,1895,1896,1791357580994.24,1646543475094000,573,-0.064086244,0.17189322412014008,0.17104028165340424,-0.707920194,0.246970922,12.125,14.250622749328613,0.9072228670120239,12.301676482181657,0.099953,unknown; numeric event only
20261007_151858_general32_onehand_A508_on,general32_onehand_A508,on,FINAL_HOLD,largest_held_target_error,16,15,left_shoulder_roll_joint,742,741,742,1791357557914.265,1646520395118000,573,1.475901842,0.8472970724105835,0.8982313871383667,0.497081697,1.194971085,4.6875,14.250622749328613,0.9072228670120239,4.6325278064417645,0.090541,unknown; numeric event only
20261007_151858_general32_onehand_A508_on,general32_onehand_A508,on,FINAL_HOLD,largest_held_target_error,17,19,left_shoulder_yaw_joint,1896,1895,1896,1791357580994.24,1646543475094000,573,-1.912295818,-0.8386895656585693,-0.847676694393158,-0.509233713,0.256174803,-4.8125,14.250622749328613,0.9072228670120239,-5.055430889225838,0.099953,unknown; numeric event only
20261007_151858_general32_onehand_A508_on,general32_onehand_A508,on,FINAL_HOLD,largest_held_target_error,18,21,left_elbow_joint,1321,1320,1321,1791357569494.24,1646531975093000,573,0.093139052,0.640848696231842,0.6409674286842346,0.873086751,-0.822213709,-2.75,14.250622749328613,0.9072228670120239,-2.561913816776217,0.103034,unknown; numeric event only
20261007_151858_general32_onehand_A508_on,general32_onehand_A508,on,FINAL_HOLD,largest_held_target_error,19,23,left_wrist_roll_joint,1760,1759,1760,1791357578274.246,1646540755099000,573,1.301905155,0.5709860920906067,0.5743656158447266,0.408745974,1.023165226,1.3125,14.250622749328613,0.9072228670120239,1.4319441460493922,1.893472,unknown; numeric event only
20261007_151858_general32_onehand_A508_on,general32_onehand_A508,on,FINAL_HOLD,largest_held_target_error,20,25,left_wrist_pitch_joint,1795,1794,1795,1791357578974.24,1646541455093000,573,-0.926039755,-0.06899076700210571,-0.06590792536735535,0.008976185,-0.153398082,-1.09375,16.77832794189453,1.0681414604187012,-1.0925793100476047,1.560743,unknown; numeric event only
20261007_151858_general32_onehand_A508_on,general32_onehand_A508,on,FINAL_HOLD,first_raw_minus3,20,25,left_wrist_pitch_joint,740,739,740,1791357557874.248,1646520355101000,573,-3.0,-0.22350260615348816,-0.20546767115592957,-0.183250785,-0.233165085,-0.162499994,16.77832794189453,1.0681414604187012,-0.12370890736137222,0.078884,unknown; numeric event only
20261007_151858_general32_onehand_A508_on,general32_onehand_A508,on,FINAL_HOLD,largest_held_target_error,21,27,left_wrist_yaw_joint,1054,1053,1054,1791357564154.253,1646526635107000,573,3.0,0.22350260615348816,0.22256551682949066,0.109655663,1.687378883,0.0625,16.77832794189453,1.0681414604187012,0.09207921105527372,0.116682,unknown; numeric event only
20261007_151858_general32_onehand_A508_on,general32_onehand_A508,on,FINAL_HOLD,first_raw_plus3,21,27,left_wrist_yaw_joint,894,893,894,1791357560954.45,1646523435303000,573,3.0,0.22350260615348816,0.2061499059200287,0.130232573,1.086058497,0.106250003,16.77832794189453,1.0681414604187012,0.11370179912050737,0.030121,unknown; numeric event only
20261007_151858_general32_onehand_A508_on,general32_onehand_A508,on,FINAL_HOLD,first_raw_minus3,21,27,left_wrist_yaw_joint,823,822,823,1791357559534.374,1646522015227000,573,-3.0,-0.22350260615348816,-0.22228175401687622,-0.203767776,-0.196349546,-0.09375,16.77832794189453,1.0681414604187012,-0.10090450385918623,0.070278,unknown; numeric event only
20261007_151858_general32_onehand_A508_on,general32_onehand_A508,on,FINAL_HOLD,largest_held_target_error,22,12,right_shoulder_pitch_joint,741,740,741,1791357557894.284,1646520375138000,573,-2.936958551,-1.0880833864212036,-1.115731954574585,-0.199333623,-0.11351458,-12.75,14.250622749328613,0.9072228670120239,-12.9562638886683,0.108953,unknown; numeric event only
20261007_151858_general32_onehand_A508_on,general32_onehand_A508,on,FINAL_HOLD,first_raw_minus3,22,12,right_shoulder_pitch_joint,730,729,730,1791357557674.244,1646520155097000,573,-3.0,-1.115731954574585,-1.115731954574585,-0.314466059,0.030679617,-11.1875,14.250622749328613,0.9072228670120239,-11.446371249829916,2.015433,unknown; numeric event only
20261007_151858_general32_onehand_A508_on,general32_onehand_A508,on,FINAL_HOLD,largest_held_target_error,23,16,right_shoulder_roll_joint,741,740,741,1791357557894.284,1646520375138000,573,-0.883197427,-0.5873503684997559,-0.028142958879470825,-0.862936139,4.003690243,8.5625,14.250622749328613,0.9072228670120239,8.264083342727464,0.108953,unknown; numeric event only
20261007_151858_general32_onehand_A508_on,general32_onehand_A508,on,FINAL_HOLD,first_raw_minus3,23,16,right_shoulder_roll_joint,730,729,730,1791357557674.244,1646520155097000,573,-3.0,-1.515731930732727,-1.1532264947891235,-0.768835962,-0.015339809,-5.625,14.250622749328613,0.9072228670120239,-5.4638878456908335,2.015433,unknown; numeric event only
20261007_151858_general32_onehand_A508_on,general32_onehand_A508,on,FINAL_HOLD,largest_held_target_error,24,20,right_shoulder_yaw_joint,745,744,745,1791357557974.25,1646520455103000,573,-0.17305848,-0.07589952647686005,-0.08534722775220871,0.598827779,-1.319223523,-8.4375,14.250622749328613,0.9072228670120239,-8.553090168979319,0.066853,unknown; numeric event only
20261007_151858_general32_onehand_A508_on,general32_onehand_A508,on,FINAL_HOLD,largest_held_target_error,25,22,right_elbow_joint,731,730,731,1791357557694.242,1646520175095000,573,-3.0,-0.7157319188117981,-0.7157319188117981,0.462962598,-2.877748013,-14.1875,14.250622749328613,0.9072228670120239,-14.186372092895095,0.081784,unknown; numeric event only
20261007_151858_general32_onehand_A508_on,general32_onehand_A508,on,FINAL_HOLD,first_raw_minus3,25,22,right_elbow_joint,730,729,730,1791357557674.244,1646520155097000,573,-3.0,-0.7157319188117981,0.03020545281469822,0.493474454,0.383495212,-6.6875,14.250622749328613,0.9072228670120239,-6.94978739306603,2.015433,unknown; numeric event only
20261007_151858_general32_onehand_A508_on,general32_onehand_A508,on,FINAL_HOLD,largest_held_target_error,26,24,right_wrist_roll_joint,732,731,732,1791357557714.273,1646520195126000,573,-2.280556679,-1.0002003908157349,-0.9979380369186401,-1.295410872,2.67526269,1.9375,14.250622749328613,0.9072228670120239,1.8121136632856056,0.024917,unknown; numeric event only
20261007_151858_general32_onehand_A508_on,general32_onehand_A508,on,FINAL_HOLD,first_raw_minus3,26,24,right_wrist_roll_joint,1356,1355,1356,1791357570194.245,1646532675098000,573,-3.0,-1.3157318830490112,-1.3083850145339966,-1.290173769,-0.161067992,-0.25,14.250622749328613,0.9072228670120239,-0.11339702441427232,1.991261,unknown; numeric event only
20261007_151858_general32_onehand_A508_on,general32_onehand_A508,on,FINAL_HOLD,largest_held_target_error,27,26,right_wrist_pitch_joint,1382,1381,1382,1791357570714.287,1646533195140000,573,-3.0,-0.22350260615348816,-0.22350260615348816,-0.126876995,0.006135923,-1.587499976,16.77832794189453,1.0681414604187012,-1.6277702252734432,0.150068,unknown; numeric event only
20261007_151858_general32_onehand_A508_on,general32_onehand_A508,on,FINAL_HOLD,first_raw_minus3,27,26,right_wrist_pitch_joint,739,738,739,1791357557854.251,1646520335104000,573,-3.0,-0.22350260615348816,-0.16849906742572784,-0.257181466,-0.006135923,1.5,16.77832794189453,1.0681414604187012,1.4944963997071754,0.075999,unknown; numeric event only
20261007_151858_general32_onehand_A508_on,general32_onehand_A508,on,FINAL_HOLD,largest_held_target_error,28,28,right_wrist_yaw_joint,742,741,742,1791357557914.265,1646520395118000,573,-3.0,-0.22350260615348816,-0.2159019559621811,-0.106240153,-1.546252728,-0.131249994,16.77832794189453,1.0681414604187012,-0.1883250457365746,0.090541,unknown; numeric event only
20261007_151858_general32_onehand_A508_on,general32_onehand_A508,on,FINAL_HOLD,first_raw_minus3,28,28,right_wrist_yaw_joint,742,741,742,1791357557914.265,1646520395118000,573,-3.0,-0.22350260615348816,-0.2159019559621811,-0.106240153,-1.546252728,-0.131249994,16.77832794189453,1.0681414604187012,-0.1883250457365746,0.090541,unknown; numeric event only
20261007_174302_general32_lift_walk_start_A201_on,general32_lift_walk_start_A201,on,CONTROL_PREPLAY,largest_held_target_error,0,0,left_hip_pitch_joint,7,6,7,1791366193435.155,1655155916008000,0,0.490476042,-0.14000895619392395,0.019214875996112823,-0.391923577,-0.470148087,43.06640625,99.09842681884766,6.308801651000977,43.709244924130076,0.131251,unknown; numeric event only
20261007_174302_general32_lift_walk_start_A201_on,general32_lift_walk_start_A201,on,CONTROL_PREPLAY,largest_held_target_error,1,3,left_hip_roll_joint,5,4,5,1791366193395.154,1655155876007000,0,0.889201224,0.31180861592292786,0.38039401173591614,-0.055666458,-0.73412919,47.021484375,99.09842681884766,6.308801651000977,47.84438199463703,0.115083,unknown; numeric event only
20261007_174302_general32_lift_walk_start_A201_on,general32_lift_walk_start_A201,on,CONTROL_PREPLAY,largest_held_target_error,2,6,left_hip_yaw_joint,5,4,5,1791366193395.154,1655155876007000,0,-1.601691842,-0.8770006895065308,-0.8809323906898499,-0.121129699,-2.092992783,-25.1127491,40.179237365722656,2.557889699935913,-25.174648018845563,0.115083,unknown; numeric event only
20261007_174302_general32_lift_walk_start_A201_on,general32_lift_walk_start_A201,on,CONTROL_PREPLAY,largest_held_target_error,3,9,left_knee_joint,16,15,16,1791366193615.156,1655156096009000,0,-1.353344679,0.19443416595458984,0.21763759851455688,0.626486242,-1.865320683,-30.146484375,99.09842681884766,6.308801651000977,-28.748319171870655,0.128066,unknown; numeric event only
20261007_174302_general32_lift_walk_start_A201_on,general32_lift_walk_start_A201,on,CONTROL_PREPLAY,largest_held_target_error,4,13,left_ankle_pitch_joint,5,4,5,1791366193395.154,1655155876007000,0,3.0,0.9527319669723511,0.9527319669723511,-0.607430577,1.119753361,39.428585052,28.501245498657227,1.8144457340240479,42.434843974540044,0.115083,unknown; numeric event only
20261007_174302_general32_lift_walk_start_A201_on,general32_lift_walk_start_A201,on,CONTROL_PREPLAY,first_raw_plus3,4,13,left_ankle_pitch_joint,4,3,4,1791366193375.15,1655155856003000,0,3.0,0.9527319669723511,0.2893039882183075,-0.641530454,0.872555256,22.27199173,28.501245498657227,1.8144457340240479,24.946736794320184,0.110572,unknown; numeric event only
20261007_174302_general32_lift_walk_start_A201_on,general32_lift_walk_start_A201,on,CONTROL_PREPLAY,largest_held_target_error,5,17,left_ankle_roll_joint,10,9,10,1791366193495.191,1655155976044000,0,-0.047333993,-0.020759616047143936,-0.1376742720603943,-0.061799746,-1.72442615,-0.435051918,28.501245498657227,1.8144457340240479,0.9663591771654496,0.151545,unknown; numeric event only
20261007_174302_general32_lift_walk_start_A201_on,general32_lift_walk_start_A201,on,CONTROL_PREPLAY,largest_held_target_error,6,1,right_hip_pitch_joint,11,10,11,1791366193515.157,1655155996010000,0,0.936709225,0.016467830166220665,0.18539324402809143,-0.372126698,3.755730391,33.92578125,99.09842681884766,6.308801651000977,31.555191083663658,0.131722,unknown; numeric event only
20261007_174302_general32_lift_walk_start_A201_on,general32_lift_walk_start_A201,on,CONTROL_PREPLAY,largest_held_target_error,7,4,right_hip_roll_joint,4,3,4,1791366193375.15,1655155856003000,0,-1.038817883,-0.36427339911460876,-0.4134428799152374,-0.02675092,-1.106102467,-31.904296875,99.09842681884766,6.308801651000977,-31.342383821111078,0.110572,unknown; numeric event only
20261007_174302_general32_lift_walk_start_A201_on,general32_lift_walk_start_A201,on,CONTROL_PREPLAY,largest_held_target_error,8,7,right_hip_yaw_joint,10,9,10,1791366193495.191,1655155976044000,0,0.44265908,0.2423764169216156,0.3203659653663635,-0.256119996,-0.118277222,23.490766525,40.179237365722656,2.557889699935913,23.465306367636774,0.151545,unknown; numeric event only
20261007_174302_general32_lift_walk_start_A201_on,general32_lift_walk_start_A201,on,CONTROL_PREPLAY,largest_held_target_error,9,10,right_knee_joint,13,12,13,1791366193555.151,1655156036005000,0,-1.292508245,0.21576716005802155,0.24143749475479126,0.742429674,-3.539746284,-28.65234375,99.09842681884766,6.308801651000977,-27.315979611122557,0.118739,unknown; numeric event only
20261007_174302_general32_lift_walk_start_A201_on,general32_lift_walk_start_A201,on,CONTROL_PREPLAY,largest_held_target_error,10,14,right_ankle_pitch_joint,10,9,10,1791366193495.191,1655155976044000,0,3.0,0.9527319669723511,0.9527319669723511,-0.463694841,1.045972466,35.335170746,28.501245498657227,1.8144457340240479,38.47206790605909,0.151545,unknown; numeric event only
20261007_174302_general32_lift_walk_start_A201_on,general32_lift_walk_start_A201,on,CONTROL_PREPLAY,first_raw_plus3,10,14,right_ankle_pitch_joint,9,8,9,1791366193475.153,1655155956006000,0,3.0,0.9527319669723511,0.6468033790588379,-0.550943673,11.131116867,-9.187092781,28.501245498657227,1.8144457340240479,13.94047526177064,0.126962,unknown; numeric event only
20261007_174302_general32_lift_walk_start_A201_on,general32_lift_walk_start_A201,on,CONTROL_PREPLAY,largest_held_target_error,11,18,right_ankle_roll_joint,10,9,10,1791366193495.191,1655155976044000,0,-0.492781579,-0.2161228209733963,-0.2743358910083771,0.03008122,2.574751854,-11.652889252,28.501245498657227,1.8144457340240479,-13.348014332502553,0.151545,unknown; numeric event only
20261007_174302_general32_lift_walk_start_A201_on,general32_lift_walk_start_A201,on,CONTROL_PREPLAY,largest_held_target_error,12,2,waist_yaw_joint,7,6,7,1791366193435.155,1655155916008000,0,-0.288105547,-0.1577511727809906,-0.47765713930130005,0.019753046,-2.776943445,-13.53515625,40.179237365722656,2.557889699935913,-12.882446868078976,0.131251,unknown; numeric event only
20261007_174302_general32_lift_walk_start_A201_on,general32_lift_walk_start_A201,on,CONTROL_PREPLAY,largest_held_target_error,13,5,waist_roll_joint,16,15,16,1791366193615.156,1655156096009000,0,-0.287920445,-0.12627537548542023,-0.15529035031795502,0.03901732,0.503140986,-6.147640228,28.501245498657227,1.8144457340240479,-6.450932629664541,0.128066,unknown; numeric event only
20261007_174302_general32_lift_walk_start_A201_on,general32_lift_walk_start_A201,on,CONTROL_PREPLAY,largest_held_target_error,14,8,waist_pitch_joint,3,2,3,1791366193355.157,1655155836011000,0,2.168000221,0.9508357048034668,0.9605444669723511,-0.175643519,2.697300673,25.17539978,28.501245498657227,1.8144457340240479,27.48866702131785,0.118492,unknown; numeric event only
20261007_174302_general32_lift_walk_start_A201_on,general32_lift_walk_start_A201,on,CONTROL_PREPLAY,largest_held_target_error,15,11,left_shoulder_pitch_joint,8,7,8,1791366193455.147,1655155936000000,0,-2.411385059,-0.8575787544250488,-1.0944677591323853,0.016214658,-0.45712629,-15.5,14.250622749328613,0.9072228670120239,-15.413200697465692,0.10037,unknown; numeric event only
20261007_174302_general32_lift_walk_start_A201_on,general32_lift_walk_start_A201,on,CONTROL_PREPLAY,largest_held_target_error,16,15,left_shoulder_roll_joint,8,7,8,1791366193455.147,1655155936000000,0,1.955715418,1.0577324628829956,1.1187094449996948,0.060855895,2.837864637,12.625,14.250622749328613,0.9072228670120239,12.500496172912507,0.10037,unknown; numeric event only
20261007_174302_general32_lift_walk_start_A201_on,general32_lift_walk_start_A201,on,CONTROL_PREPLAY,largest_held_target_error,17,19,left_shoulder_yaw_joint,8,7,8,1791366193455.147,1655155936000000,0,0.419604599,0.18402905762195587,0.23359444737434387,-0.162266403,1.745670199,4.5,14.250622749328613,0.9072228670120239,4.057551717118964,0.10037,unknown; numeric event only
20261007_174302_general32_lift_walk_start_A201_on,general32_lift_walk_start_A201,on,CONTROL_PREPLAY,largest_held_target_error,18,21,left_elbow_joint,8,7,8,1791366193455.147,1655155936000000,0,-0.686304867,0.2990022599697113,-0.1415865421295166,0.797586143,-5.967185497,-8.6875,14.250622749328613,0.9072228670120239,-7.970228497673819,0.10037,unknown; numeric event only
20261007_174302_general32_lift_walk_start_A201_on,general32_lift_walk_start_A201,on,CONTROL_PREPLAY,largest_held_target_error,19,23,left_wrist_roll_joint,3,2,3,1791366193355.157,1655155836011000,0,0.377219379,0.16543985903263092,0.1572256237268448,0.053521551,1.738000274,0.0,14.250622749328613,0.9072228670120239,-0.09890597344675989,0.118492,unknown; numeric event only
20261007_174302_general32_lift_walk_start_A201_on,general32_lift_walk_start_A201,on,CONTROL_PREPLAY,largest_held_target_error,20,25,left_wrist_pitch_joint,27,26,27,1791366193835.247,1655156316100000,0,-2.828876972,-0.21075379848480225,-0.19086375832557678,-0.1102309,-1.079922557,-0.212500006,16.77832794189453,1.0681414604187012,-0.19937448270576974,0.211254,unknown; numeric event only
20261007_174302_general32_lift_walk_start_A201_on,general32_lift_walk_start_A201,on,CONTROL_PREPLAY,first_raw_minus3,20,25,left_wrist_pitch_joint,28,27,28,1791366193855.302,1655156336155000,0,-3.0,-0.22350260615348816,-0.21075379848480225,-0.133372441,-1.19650507,-0.068750001,16.77832794189453,1.0681414604187012,-0.02029311960080671,0.268906,unknown; numeric event only
20261007_174302_general32_lift_walk_start_A201_on,general32_lift_walk_start_A201,on,CONTROL_PREPLAY,largest_held_target_error,21,27,left_wrist_yaw_joint,17,16,17,1791366193635.276,1655156116129000,0,2.41041851,0.1795782744884491,0.17785784602165222,0.119159155,0.908116639,-0.03125,16.77832794189453,1.0681414604187012,0.01486885470923871,0.237258,unknown; numeric event only
20261007_174302_general32_lift_walk_start_A201_on,general32_lift_walk_start_A201,on,CONTROL_PREPLAY,first_raw_plus3,21,27,left_wrist_yaw_joint,24,23,24,1791366193775.308,1655156256161000,0,3.0,0.22350260615348816,0.2156398445367813,0.186031133,0.441786498,0.0,16.77832794189453,1.0681414604187012,0.024894196934089396,0.287872,unknown; numeric event only
20261007_174302_general32_lift_walk_start_A201_on,general32_lift_walk_start_A201,on,CONTROL_PREPLAY,largest_held_target_error,22,12,right_shoulder_pitch_joint,7,6,7,1791366193435.155,1655155916008000,0,-1.864732623,-0.617829442024231,-0.5812491178512573,-0.01021056,-2.709010124,-5.8125,14.250622749328613,0.9072228670120239,-5.679979131799053,0.131251,unknown; numeric event only
20261007_174302_general32_lift_walk_start_A201_on,general32_lift_walk_start_A201,on,CONTROL_PREPLAY,largest_held_target_error,23,16,right_shoulder_roll_joint,7,6,7,1791366193435.155,1655155916008000,0,-2.686986685,-1.3784513473510742,-1.3628203868865967,-0.213750646,-2.231942177,-14.625,14.250622749328613,0.9072228670120239,-14.350090409220673,0.131251,unknown; numeric event only
20261007_174302_general32_lift_walk_start_A201_on,general32_lift_walk_start_A201,on,CONTROL_PREPLAY,largest_held_target_error,24,20,right_shoulder_yaw_joint,12,11,12,1791366193535.155,1655156016008000,0,1.385361671,0.6075881719589233,0.5717179179191589,0.193473339,1.946621656,4.0,14.250622749328613,0.9072228670120239,3.6242011214115752,0.122497,unknown; numeric event only
20261007_174302_general32_lift_walk_start_A201_on,general32_lift_walk_start_A201,on,CONTROL_PREPLAY,largest_held_target_error,25,22,right_elbow_joint,8,7,8,1791366193455.147,1655155936000000,0,0.142460674,0.6624799966812134,0.3164168894290924,0.930227518,-6.720370293,-3.1875,14.250622749328613,0.9072228670120239,-2.6503101026943767,0.10037,unknown; numeric event only
20261007_174302_general32_lift_walk_start_A201_on,general32_lift_walk_start_A201,on,CONTROL_PREPLAY,largest_held_target_error,26,24,right_wrist_roll_joint,11,10,11,1791366193515.157,1655155996010000,0,0.556131244,0.24390654265880585,0.231887087225914,0.048739843,2.894621849,0.25,14.250622749328613,0.9072228670120239,-0.01610484772277232,0.131722,unknown; numeric event only
20261007_174302_general32_lift_walk_start_A201_on,general32_lift_walk_start_A201,on,CONTROL_PREPLAY,largest_held_target_error,27,26,right_wrist_pitch_joint,27,26,27,1791366193835.247,1655156316100000,0,-3.0,-0.22350260615348816,-0.21847832202911377,-0.135793254,-0.914252579,-0.368750006,16.77832794189453,1.0681414604187012,-0.41076610236570565,0.211254,unknown; numeric event only
20261007_174302_general32_lift_walk_start_A201_on,general32_lift_walk_start_A201,on,CONTROL_PREPLAY,first_raw_minus3,27,26,right_wrist_pitch_joint,27,26,27,1791366193835.247,1655156316100000,0,-3.0,-0.22350260615348816,-0.21847832202911377,-0.135793254,-0.914252579,-0.368750006,16.77832794189453,1.0681414604187012,-0.41076610236570565,0.211254,unknown; numeric event only
20261007_174302_general32_lift_walk_start_A201_on,general32_lift_walk_start_A201,on,CONTROL_PREPLAY,largest_held_target_error,28,28,right_wrist_yaw_joint,18,17,18,1791366193655.163,1655156136016000,0,-2.596835136,-0.19346648454666138,-0.17605556547641754,-0.104370616,-0.92652446,-0.193749994,16.77832794189453,1.0681414604187012,-0.21309440099542565,0.124233,unknown; numeric event only
20261007_174302_general32_lift_walk_start_A201_on,general32_lift_walk_start_A201,on,CONTROL_PREPLAY,first_raw_minus3,28,28,right_wrist_yaw_joint,27,26,27,1791366193835.247,1655156316100000,0,-3.0,-0.22350260615348816,-0.19632844626903534,-0.164627299,-0.374291331,-0.106250003,16.77832794189453,1.0681414604187012,-0.1320961560977696,0.211254,unknown; numeric event only
20261007_174302_general32_lift_walk_start_A201_on,general32_lift_walk_start_A201,on,PLAY,largest_held_target_error,0,0,left_hip_pitch_joint,568,567,568,1791366204655.347,1655167136200000,287,0.811796486,-0.02733425423502922,-0.00765394838526845,-0.416953027,-1.444260001,48.515625,99.09842681884766,6.308801651000977,49.672444667907214,0.272003,unknown; numeric event only
20261007_174302_general32_lift_walk_start_A201_on,general32_lift_walk_start_A201,on,PLAY,largest_held_target_error,1,3,left_hip_roll_joint,442,441,442,1791366202135.292,1655164616145000,161,1.827456236,0.6408184766769409,0.6651523113250732,0.110395484,0.066540681,53.96484375,99.09842681884766,6.308801651000977,54.55573689677835,0.217494,unknown; numeric event only
20261007_174302_general32_lift_walk_start_A201_on,general32_lift_walk_start_A201,on,PLAY,largest_held_target_error,2,6,left_hip_yaw_joint,1076,1075,1076,1791366214815.265,1655177296118000,795,-0.598508835,-0.32771140336990356,-0.3551669418811798,0.122415319,-0.668523431,-17.170631409,40.179237365722656,2.557889699935913,-17.47888182328269,0.098352,unknown; numeric event only
20261007_174302_general32_lift_walk_start_A201_on,general32_lift_walk_start_A201,on,PLAY,largest_held_target_error,3,9,left_knee_joint,894,893,894,1791366211175.188,1655173656041000,613,-1.977279425,-0.024355702102184296,-0.031809352338314056,0.611794174,-1.077740788,-57.568359375,99.09842681884766,6.308801651000977,-56.98084409250421,0.150786,unknown; numeric event only
20261007_174302_general32_lift_walk_start_A201_on,general32_lift_walk_start_A201,on,PLAY,largest_held_target_error,4,13,left_ankle_pitch_joint,585,584,585,1791366204995.285,1655167476138000,304,3.0,0.9527319669723511,0.9527319669723511,-0.151153237,0.111716509,30.58523941,28.501245498657227,1.8144457340240479,31.259399657576175,0.263265,unknown; numeric event only
20261007_174302_general32_lift_walk_start_A201_on,general32_lift_walk_start_A201,on,PLAY,first_raw_plus3,4,13,left_ankle_pitch_joint,584,583,584,1791366204975.155,1655167456008000,303,3.0,0.9527319669723511,0.8971359729766846,-0.153408989,-0.012021936,29.517055511,28.501245498657227,1.8144457340240479,29.963653019164912,0.133297,unknown; numeric event only
20261007_174302_general32_lift_walk_start_A201_on,general32_lift_walk_start_A201,on,PLAY,largest_held_target_error,5,17,left_ankle_roll_joint,625,624,625,1791366205795.21,1655168276063000,344,0.721046388,0.3162345886230469,0.3282402455806732,0.011570812,0.421802521,8.224058151,28.501245498657227,1.8144457340240479,8.260135483574459,0.190532,unknown; numeric event only
20261007_174302_general32_lift_walk_start_A201_on,general32_lift_walk_start_A201,on,PLAY,largest_held_target_error,6,1,right_hip_pitch_joint,954,953,954,1791366212375.158,1655174856011000,673,1.084847927,0.0684143677353859,0.10374458134174347,-0.577253997,0.364337504,65.21484375,99.09842681884766,6.308801651000977,65.18735473278178,1.986524,unknown; numeric event only
20261007_174302_general32_lift_walk_start_A201_on,general32_lift_walk_start_A201,on,PLAY,largest_held_target_error,7,4,right_hip_roll_joint,662,661,662,1791366206535.28,1655169016133000,381,-1.762381196,-0.6179991960525513,-0.6135649085044861,-0.101933025,-0.69813174,-46.669921875,99.09842681884766,6.308801651000977,-46.29754009173032,0.247637,unknown; numeric event only
20261007_174302_general32_lift_walk_start_A201_on,general32_lift_walk_start_A201,on,PLAY,largest_held_target_error,8,7,right_hip_yaw_joint,954,953,954,1791366212375.158,1655174856011000,673,0.013151886,0.007201268803328276,0.002124184276908636,-0.639878154,1.899292231,21.029829025,40.179237365722656,2.557889699935913,20.936984304133684,1.986524,unknown; numeric event only
20261007_174302_general32_lift_walk_start_A201_on,general32_lift_walk_start_A201,on,PLAY,largest_held_target_error,9,10,right_knee_joint,1087,1086,1087,1791366215035.285,1655177516138000,806,-1.798996449,0.0381612665951252,0.01819637417793274,0.564837277,0.135263026,-54.84375,99.09842681884766,6.308801651000977,-55.024601106249634,0.26388,unknown; numeric event only
20261007_174302_general32_lift_walk_start_A201_on,general32_lift_walk_start_A201,on,PLAY,largest_held_target_error,10,14,right_ankle_pitch_joint,1033,1032,1033,1791366213955.15,1655176436003000,752,3.0,0.9527319669723511,0.9527319669723511,-0.155912787,0.189985767,30.519094467,28.501245498657227,1.8144457340240479,31.253037439305988,0.122575,unknown; numeric event only
20261007_174302_general32_lift_walk_start_A201_on,general32_lift_walk_start_A201,on,PLAY,first_raw_plus3,10,14,right_ankle_pitch_joint,949,948,949,1791366212275.154,1655174756007000,668,3.0,0.9527319669723511,0.9511666297912598,-0.100719176,0.078713402,29.305324554,28.501245498657227,1.8144457340240479,29.83723439094015,2.038353,unknown; numeric event only
20261007_174302_general32_lift_walk_start_A201_on,general32_lift_walk_start_A201,on,PLAY,largest_held_target_error,11,18,right_ankle_roll_joint,614,613,614,1791366205575.276,1655168056129000,333,0.679719865,0.2981097102165222,0.2965957224369049,0.013649016,0.444210052,7.368936062,28.501245498657227,1.8144457340240479,7.258338509332722,0.17989,unknown; numeric event only
20261007_174302_general32_lift_walk_start_A201_on,general32_lift_walk_start_A201,on,PLAY,largest_held_target_error,12,2,waist_yaw_joint,956,955,956,1791366212415.155,1655174896008000,675,0.061291799,0.03356010839343071,0.09204567968845367,-0.18155393,0.769659042,8.781072617,40.179237365722656,2.557889699935913,9.02432072484711,1.952605,unknown; numeric event only
20261007_174302_general32_lift_walk_start_A201_on,general32_lift_walk_start_A201,on,PLAY,largest_held_target_error,13,5,waist_roll_joint,820,819,820,1791366209695.157,1655172176010000,539,1.440840364,0.6319199204444885,0.6270354390144348,-0.212185264,0.334098279,22.993444443,28.501245498657227,1.8144457340240479,23.31263208709379,0.128115,unknown; numeric event only
20261007_174302_general32_lift_walk_start_A201_on,general32_lift_walk_start_A201,on,PLAY,largest_held_target_error,14,8,waist_pitch_joint,951,950,951,1791366212315.154,1655174796007000,670,-2.008648872,-0.8809478282928467,-0.8922498226165771,0.095924594,0.004287196,-27.924789429,28.501245498657227,1.8144457340240479,-28.171980527974572,1.981973,unknown; numeric event only
20261007_174302_general32_lift_walk_start_A201_on,general32_lift_walk_start_A201,on,PLAY,largest_held_target_error,15,11,left_shoulder_pitch_joint,998,997,998,1791366213255.276,1655175736130000,717,-0.069364846,0.16957814991474152,0.21651242673397064,-0.545665741,0.049087387,10.5625,14.250622749328613,0.9072228670120239,10.816980336183052,0.232097,unknown; numeric event only
20261007_174302_general32_lift_walk_start_A201_on,general32_lift_walk_start_A201,on,PLAY,largest_held_target_error,16,15,left_shoulder_roll_joint,928,927,928,1791366211855.242,1655174336096000,647,0.299989969,0.33156880736351013,0.2916661500930786,1.273671508,0.150330126,-14.1875,14.250622749328613,0.9072228670120239,-14.13057082125896,0.211333,unknown; numeric event only
20261007_174302_general32_lift_walk_start_A201_on,general32_lift_walk_start_A201,on,PLAY,largest_held_target_error,17,19,left_shoulder_yaw_joint,999,998,999,1791366213275.305,1655175756158000,718,-1.732888222,-0.7600054740905762,-0.8433904647827148,-0.399625987,0.009203885,-6.125,14.250622749328613,0.9072228670120239,-6.332270137371636,0.292334,unknown; numeric event only
20261007_174302_general32_lift_walk_start_A201_on,general32_lift_walk_start_A201,on,PLAY,largest_held_target_error,18,21,left_elbow_joint,936,935,936,1791366212015.292,1655174496145000,655,0.766761184,0.936284065246582,0.8730520009994507,1.210131168,-1.418932319,-3.8125,14.250622749328613,0.9072228670120239,-3.5163001990435667,0.266465,unknown; numeric event only
20261007_174302_general32_lift_walk_start_A201_on,general32_lift_walk_start_A201,on,PLAY,largest_held_target_error,19,23,left_wrist_roll_joint,951,950,951,1791366212315.154,1655174796007000,670,-1.712432742,-0.751034140586853,-0.7957569360733032,-0.998214066,2.4344275,0.75,14.250622749328613,0.9072228670120239,0.6765718854142495,1.981973,unknown; numeric event only
20261007_174302_general32_lift_walk_start_A201_on,general32_lift_walk_start_A201,on,PLAY,first_raw_minus3,19,23,left_wrist_roll_joint,932,931,932,1791366211935.21,1655174416063000,651,-3.0,-1.3157318830490112,-1.2420932054519653,-1.159497738,-1.868388653,0.125,14.250622749328613,0.9072228670120239,0.5180080630049853,0.171179,unknown; numeric event only
20261007_174302_general32_lift_walk_start_A201_on,general32_lift_walk_start_A201,on,PLAY,largest_held_target_error,20,25,left_wrist_pitch_joint,624,623,624,1791366205775.265,1655168256118000,343,-3.0,-0.22350260615348816,-0.22350260615348816,-0.140467107,-1.135145783,-0.231250003,16.77832794189453,1.0681414604187012,-0.18070056117437994,0.233523,unknown; numeric event only
20261007_174302_general32_lift_walk_start_A201_on,general32_lift_walk_start_A201,on,PLAY,first_raw_minus3,20,25,left_wrist_pitch_joint,291,290,291,1791366199115.198,1655161596051000,10,-3.0,-0.22350260615348816,-0.2137439101934433,-0.190980613,-0.116582543,-0.28125,16.77832794189453,1.0681414604187012,-0.2574034176110531,2.002822,unknown; numeric event only
20261007_174302_general32_lift_walk_start_A201_on,general32_lift_walk_start_A201,on,PLAY,largest_held_target_error,21,27,left_wrist_yaw_joint,968,967,968,1791366212655.155,1655175136008000,687,0.802779019,0.05980773642659187,0.03792717307806015,-0.037666421,1.098330259,0.0625,16.77832794189453,1.0681414604187012,0.09516202487783954,0.134332,unknown; numeric event only
20261007_174302_general32_lift_walk_start_A201_on,general32_lift_walk_start_A201,on,PLAY,first_raw_plus3,21,27,left_wrist_yaw_joint,484,483,484,1791366202975.155,1655165456008000,203,3.0,0.22350260615348816,0.21625177562236786,0.163153246,0.877437055,-0.068750001,16.77832794189453,1.0681414604187012,-0.046322354116695164,0.135504,unknown; numeric event only
20261007_174302_general32_lift_walk_start_A201_on,general32_lift_walk_start_A201,on,PLAY,first_raw_minus3,21,27,left_wrist_yaw_joint,915,914,915,1791366211595.283,1655174076136000,634,-3.0,-0.22350260615348816,-0.22178947925567627,-0.184856668,-0.497009784,-0.125,16.77832794189453,1.0681414604187012,-0.08879406253968669,0.246074,unknown; numeric event only
20261007_174302_general32_lift_walk_start_A201_on,general32_lift_walk_start_A201,on,PLAY,largest_held_target_error,22,12,right_shoulder_pitch_joint,722,721,722,1791366207735.204,1655170216057000,441,0.10144069,0.24448958039283752,0.2751206159591675,-0.43195942,0.006135923,10.0625,14.250622749328613,0.9072228670120239,10.070764196379981,0.186515,unknown; numeric event only
20261007_174302_general32_lift_walk_start_A201_on,general32_lift_walk_start_A201,on,PLAY,largest_held_target_error,23,16,right_shoulder_roll_joint,811,810,811,1791366209515.151,1655171996004000,530,-0.679575801,-0.49804651737213135,-0.4838833510875702,-0.883656859,0.92038852,4.75,14.250622749328613,0.9072228670120239,4.862023934556421,0.127608,unknown; numeric event only
20261007_174302_general32_lift_walk_start_A201_on,general32_lift_walk_start_A201,on,PLAY,largest_held_target_error,24,20,right_shoulder_yaw_joint,729,728,729,1791366207875.25,1655170356104000,448,1.170436382,0.5133268237113953,0.5470544695854187,0.132797197,0.946466208,5.25,14.250622749328613,0.9072228670120239,5.044768326028833,0.053817,unknown; numeric event only
20261007_174302_general32_lift_walk_start_A201_on,general32_lift_walk_start_A201,on,PLAY,largest_held_target_error,25,22,right_elbow_joint,820,819,820,1791366209695.157,1655172176010000,539,-0.832399726,0.23492836952209473,0.3887160122394562,0.006375608,1.191903114,4.5625,14.250622749328613,0.9072228670120239,4.367267102358653,0.128115,unknown; numeric event only
20261007_174302_general32_lift_walk_start_A201_on,general32_lift_walk_start_A201,on,PLAY,largest_held_target_error,26,24,right_wrist_roll_joint,799,798,799,1791366209275.164,1655171756018000,518,2.721737146,1.1936922073364258,1.1718226671218872,0.957180083,3.3133986,0.3125,14.250622749328613,0.9072228670120239,0.05279951481641998,0.125476,unknown; numeric event only
20261007_174302_general32_lift_walk_start_A201_on,general32_lift_walk_start_A201,on,PLAY,first_raw_plus3,26,24,right_wrist_roll_joint,710,709,710,1791366207495.335,1655169976188000,429,3.0,1.3157318830490112,1.293120265007019,1.193185449,0.788466156,0.625,14.250622749328613,0.9072228670120239,0.7088188358513249,0.321527,unknown; numeric event only
20261007_174302_general32_lift_walk_start_A201_on,general32_lift_walk_start_A201,on,PLAY,largest_held_target_error,27,26,right_wrist_pitch_joint,616,615,616,1791366205615.281,1655168096134000,335,-3.0,-0.22350260615348816,-0.22074514627456665,-0.165502146,-0.619728267,-0.25,16.77832794189453,1.0681414604187012,-0.26492771892471834,0.243877,unknown; numeric event only
20261007_174302_general32_lift_walk_start_A201_on,general32_lift_walk_start_A201,on,PLAY,first_raw_minus3,27,26,right_wrist_pitch_joint,291,290,291,1791366199115.198,1655161596051000,10,-3.0,-0.22350260615348816,-0.1932741105556488,-0.171638072,-0.190213621,-0.131249994,16.77832794189453,1.0681414604187012,-0.15984149532368036,2.002822,unknown; numeric event only
20261007_174302_general32_lift_walk_start_A201_on,general32_lift_walk_start_A201,on,PLAY,largest_held_target_error,28,28,right_wrist_yaw_joint,949,948,949,1791366212275.154,1655174756007000,668,-2.263671875,-0.16864553093910217,-0.14694036543369293,-0.075764269,-1.135145783,0.03125,16.77832794189453,1.0681414604187012,0.018280386853340103,2.038353,unknown; numeric event only
20261007_174302_general32_lift_walk_start_A201_on,general32_lift_walk_start_A201,on,PLAY,first_raw_minus3,28,28,right_wrist_yaw_joint,294,293,294,1791366199175.264,1655161656117000,13,-3.0,-0.22350260615348816,-0.2081168293952942,-0.142204821,-0.797670066,-0.193749994,16.77832794189453,1.0681414604187012,-0.2538688229356294,0.191756,unknown; numeric event only
20261007_174302_general32_lift_walk_start_A201_on,general32_lift_walk_start_A201,on,FINAL_HOLD,largest_held_target_error,0,0,left_hip_pitch_joint,1133,1132,1133,1791366215955.156,1655178436009000,839,-0.893076599,-0.6251675486564636,-0.6557891964912415,-0.307512015,-1.27190876,-27.0703125,99.09842681884766,6.308801651000977,-26.489500697673705,1.978825,unknown; numeric event only
20261007_174302_general32_lift_walk_start_A201_on,general32_lift_walk_start_A201,on,FINAL_HOLD,largest_held_target_error,1,3,left_hip_roll_joint,1148,1147,1148,1791366216255.179,1655178736032000,839,1.262247324,0.44262149930000305,0.44259005784988403,-0.030244987,0.065449849,45.703125,99.09842681884766,6.308801651000977,46.44429897401382,0.156137,unknown; numeric event only
20261007_174302_general32_lift_walk_start_A201_on,general32_lift_walk_start_A201,on,FINAL_HOLD,largest_held_target_error,2,6,left_hip_yaw_joint,1148,1147,1148,1791366216255.179,1655178736032000,839,-1.106653214,-0.605944037437439,-0.7379710674285889,-0.096019894,-0.682236791,-23.994140625,40.179237365722656,2.557889699935913,-24.048022113775232,0.156137,unknown; numeric event only
20261007_174302_general32_lift_walk_start_A201_on,general32_lift_walk_start_A201,on,FINAL_HOLD,largest_held_target_error,3,9,left_knee_joint,1147,1146,1147,1791366216235.382,1655178716235000,839,-2.134314775,-0.07942195236682892,-0.10002779215574265,0.486016244,-0.261799395,-56.42578125,99.09842681884766,6.308801651000977,-56.42440157419492,0.36387,unknown; numeric event only
20261007_174302_general32_lift_walk_start_A201_on,general32_lift_walk_start_A201,on,FINAL_HOLD,largest_held_target_error,4,13,left_ankle_pitch_joint,1147,1146,1147,1791366216235.382,1655178716235000,839,-1.518805504,-1.0291136503219604,-1.1111509799957275,-0.318978488,-0.030459357,-22.250268936,28.501245498657227,1.8144457340240479,-22.522635821283544,0.36387,unknown; numeric event only
20261007_174302_general32_lift_walk_start_A201_on,general32_lift_walk_start_A201,on,FINAL_HOLD,largest_held_target_error,5,17,left_ankle_roll_joint,1147,1146,1147,1791366216235.382,1655178716235000,839,0.320212543,0.14043796062469482,0.16711030900478363,-0.001594075,0.018322919,4.53670311,28.501245498657227,1.8144457340240479,4.775039123005661,0.36387,unknown; numeric event only
20261007_174302_general32_lift_walk_start_A201_on,general32_lift_walk_start_A201,on,FINAL_HOLD,largest_held_target_error,6,1,right_hip_pitch_joint,1134,1133,1134,1791366215975.157,1655178456010000,839,0.385739684,-0.17673595249652863,-0.12561118602752686,-0.333913535,-1.59697628,29.443359375,99.09842681884766,6.308801651000977,30.717441677716096,1.948454,unknown; numeric event only
20261007_174302_general32_lift_walk_start_A201_on,general32_lift_walk_start_A201,on,FINAL_HOLD,largest_held_target_error,7,4,right_hip_roll_joint,1138,1137,1138,1791366216055.151,1655178536004000,839,-1.547837853,-0.5427671074867249,-0.5178162455558777,-0.206056222,-1.241365433,-23.5546875,99.09842681884766,6.308801651000977,-23.063399586188424,0.115346,unknown; numeric event only
20261007_174302_general32_lift_walk_start_A201_on,general32_lift_walk_start_A201,on,FINAL_HOLD,largest_held_target_error,8,7,right_hip_yaw_joint,1147,1146,1147,1791366216235.382,1655178716235000,839,0.160477787,0.08786904811859131,0.06554355472326279,-0.278738916,3.618597507,5.313387871,40.179237365722656,2.557889699935913,4.577033820678363,0.36387,unknown; numeric event only
20261007_174302_general32_lift_walk_start_A201_on,general32_lift_walk_start_A201,on,FINAL_HOLD,largest_held_target_error,9,10,right_knee_joint,1138,1137,1138,1791366216055.151,1655178536004000,839,-2.176911354,-0.09435892850160599,-0.09887129813432693,0.314363807,-0.071994834,-40.078125,99.09842681884766,6.308801651000977,-40.49674769753017,0.115346,unknown; numeric event only
20261007_174302_general32_lift_walk_start_A201_on,general32_lift_walk_start_A201,on,FINAL_HOLD,largest_held_target_error,10,14,right_ankle_pitch_joint,1138,1137,1138,1791366216055.151,1655178536004000,839,-0.735659361,-0.6856434941291809,-0.784109890460968,-0.102317631,-0.003079863,-19.329278946,28.501245498657227,1.8144457340240479,-19.426340321699527,0.115346,unknown; numeric event only
20261007_174302_general32_lift_walk_start_A201_on,general32_lift_walk_start_A201,on,FINAL_HOLD,largest_held_target_error,11,18,right_ankle_roll_joint,1132,1131,1132,1791366215935.157,1655178416010000,839,0.351008177,0.1539442241191864,0.17283987998962402,0.054957841,1.011014223,1.997832179,28.501245498657227,1.8144457340240479,1.5253544891655695,0.130454,unknown; numeric event only
20261007_174302_general32_lift_walk_start_A201_on,general32_lift_walk_start_A201,on,FINAL_HOLD,largest_held_target_error,12,2,waist_yaw_joint,1147,1146,1147,1791366216235.382,1655178716235000,839,0.183165818,0.10029179602861404,0.14909149706363678,-0.161533043,-0.02571244,12.360617638,40.179237365722656,2.557889699935913,12.546426712271508,0.36387,unknown; numeric event only
20261007_174302_general32_lift_walk_start_A201_on,general32_lift_walk_start_A201,on,FINAL_HOLD,largest_held_target_error,13,5,waist_roll_joint,1133,1132,1133,1791366215955.156,1655178436009000,839,0.882729888,0.3871453106403351,0.41743025183677673,0.0068198,0.052084599,11.260212898,28.501245498657227,1.8144457340240479,11.60840461365064,1.978825,unknown; numeric event only
20261007_174302_general32_lift_walk_start_A201_on,general32_lift_walk_start_A201,on,FINAL_HOLD,largest_held_target_error,14,8,waist_pitch_joint,1123,1122,1123,1791366215755.155,1655178236008000,839,-0.99779588,-0.4376106262207031,-0.5573131442070007,0.04592314,-0.030675167,-16.929227829,28.501245498657227,1.8144457340240479,-17.137327003977862,0.009378,unknown; numeric event only
20261007_174302_general32_lift_walk_start_A201_on,general32_lift_walk_start_A201,on,FINAL_HOLD,largest_held_target_error,15,11,left_shoulder_pitch_joint,1141,1140,1141,1791366216115.154,1655178596007000,839,-1.641631722,-0.5199824571609497,-0.534949779510498,-0.266313463,0.83141762,-4.625,14.250622749328613,0.9072228670120239,-4.582515880261059,1.944579,unknown; numeric event only
20261007_174302_general32_lift_walk_start_A201_on,general32_lift_walk_start_A201,on,FINAL_HOLD,largest_held_target_error,16,15,left_shoulder_roll_joint,1121,1120,1121,1791366215715.157,1655178196010000,839,0.594361365,0.46067342162132263,0.6334995627403259,0.389151752,0.326737911,3.0,14.250622749328613,0.9072228670120239,3.185684366105791,1.947806,unknown; numeric event only
20261007_174302_general32_lift_walk_start_A201_on,general32_lift_walk_start_A201,on,FINAL_HOLD,largest_held_target_error,17,19,left_shoulder_yaw_joint,1234,1233,1234,1791366217975.157,1655180456011000,839,-1.313375354,-0.5760166645050049,-0.5789136290550232,-0.657406688,0.213223338,1.0625,14.250622749328613,0.9072228670120239,0.9251338834514446,0.14182,unknown; numeric event only
20261007_174302_general32_lift_walk_start_A201_on,general32_lift_walk_start_A201,on,FINAL_HOLD,largest_held_target_error,18,21,left_elbow_joint,1158,1157,1158,1791366216455.277,1655178936130000,839,0.866791964,0.9801552891731262,0.944605827331543,1.088898659,-0.213223338,-1.9375,14.250622749328613,0.9072228670120239,-1.8628216215253246,0.259941,unknown; numeric event only
20261007_174302_general32_lift_walk_start_A201_on,general32_lift_walk_start_A201,on,FINAL_HOLD,largest_held_target_error,19,23,left_wrist_roll_joint,1165,1164,1165,1791366216595.162,1655179076015000,839,-1.212172508,-0.531631350517273,-0.5117624998092651,-0.413132191,-1.762544036,-0.1875,14.250622749328613,0.9072228670120239,0.19347693108424346,0.129533,unknown; numeric event only
20261007_174302_general32_lift_walk_start_A201_on,general32_lift_walk_start_A201,on,FINAL_HOLD,largest_held_target_error,20,25,left_wrist_pitch_joint,1135,1134,1135,1791366215995.158,1655178476011000,839,-3.0,-0.22350260615348816,-0.22350260615348816,-0.151696324,-0.957204044,-0.212500006,16.77832794189453,1.0681414604187012,-0.18236002478258628,0.040494,unknown; numeric event only
20261007_174302_general32_lift_walk_start_A201_on,general32_lift_walk_start_A201,on,FINAL_HOLD,first_raw_minus3,20,25,left_wrist_pitch_joint,1134,1133,1134,1791366215975.157,1655178456010000,839,-3.0,-0.22350260615348816,-0.19493350386619568,-0.13324061,-0.840621531,-0.1875,16.77832794189453,1.0681414604187012,-0.13720089518978007,1.948454,unknown; numeric event only
20261007_174302_general32_lift_walk_start_A201_on,general32_lift_walk_start_A201,on,FINAL_HOLD,largest_held_target_error,21,27,left_wrist_yaw_joint,1143,1142,1143,1791366216155.157,1655178636010000,839,1.267698526,0.094444639980793,0.10377499461174011,0.161271721,-0.754718602,-0.1875,16.77832794189453,1.0681414604187012,-0.15855270118216513,0.136506,unknown; numeric event only
20261007_174302_general32_lift_walk_start_A201_on,general32_lift_walk_start_A201,on,FINAL_HOLD,first_raw_plus3,21,27,left_wrist_yaw_joint,1130,1129,1130,1791366215895.161,1655178376014000,839,3.0,0.22350260615348816,0.18561124801635742,0.201598644,-0.13499032,-0.150000006,16.77832794189453,1.0681414604187012,-0.12405301520329476,0.097298,unknown; numeric event only
20261007_174302_general32_lift_walk_start_A201_on,general32_lift_walk_start_A201,on,FINAL_HOLD,largest_held_target_error,22,12,right_shoulder_pitch_joint,1146,1145,1146,1791366216215.362,1655178696215000,839,-0.804720223,-0.1529320329427719,-0.1734447032213211,0.341754138,-0.259242773,-6.9375,14.250622749328613,0.9072228670120239,-7.106713355363091,0.343488,unknown; numeric event only
20261007_174302_general32_lift_walk_start_A201_on,general32_lift_walk_start_A201,on,FINAL_HOLD,largest_held_target_error,23,16,right_shoulder_roll_joint,1148,1147,1148,1791366216255.179,1655178736032000,839,-1.638306022,-0.9185238480567932,-0.9778791069984436,-0.617798805,0.154932067,-5.3125,14.250622749328613,0.9072228670120239,-5.271926457259978,0.156137,unknown; numeric event only
20261007_174302_general32_lift_walk_start_A201_on,general32_lift_walk_start_A201,on,FINAL_HOLD,largest_held_target_error,24,20,right_shoulder_yaw_joint,1148,1147,1148,1791366216255.179,1655178736032000,839,-0.127702758,-0.05600753426551819,-0.08536916226148605,0.113238946,0.007669904,-2.625,14.250622749328613,0.9072228670120239,-2.8372475380888402,0.156137,unknown; numeric event only
20261007_174302_general32_lift_walk_start_A201_on,general32_lift_walk_start_A201,on,FINAL_HOLD,largest_held_target_error,25,22,right_elbow_joint,1135,1134,1135,1791366215995.158,1655178476011000,839,-0.392831087,0.42771318554878235,0.47338196635246277,0.77774024,-3.081767559,-1.625,14.250622749328613,0.9072228670120239,-1.5414449380473503,0.040494,unknown; numeric event only
20261007_174302_general32_lift_walk_start_A201_on,general32_lift_walk_start_A201,on,FINAL_HOLD,largest_held_target_error,26,24,right_wrist_roll_joint,1122,1121,1122,1791366215735.157,1655178216010000,839,0.696451068,0.30544763803482056,0.3330391049385071,0.446999609,-1.908272147,-0.1875,14.250622749328613,0.9072228670120239,0.10721997653686333,0.018038,unknown; numeric event only
20261007_174302_general32_lift_walk_start_A201_on,general32_lift_walk_start_A201,on,FINAL_HOLD,largest_held_target_error,27,26,right_wrist_pitch_joint,1132,1131,1132,1791366215935.157,1655178416010000,839,-3.0,-0.22350260615348816,-0.22350260615348816,-0.186258823,-0.171805859,-0.4375,16.77832794189453,1.0681414604187012,-0.4413754464052819,0.130454,unknown; numeric event only
20261007_174302_general32_lift_walk_start_A201_on,general32_lift_walk_start_A201,on,FINAL_HOLD,first_raw_minus3,27,26,right_wrist_pitch_joint,1131,1130,1131,1791366215915.153,1655178396007000,839,-3.0,-0.22350260615348816,-0.2089267522096634,-0.183658257,-0.024543693,-0.368750006,16.77832794189453,1.0681414604187012,-0.39774696314083524,0.128056,unknown; numeric event only
20261007_174302_general32_lift_walk_start_A201_on,general32_lift_walk_start_A201,on,FINAL_HOLD,largest_held_target_error,28,28,right_wrist_yaw_joint,1140,1139,1140,1791366216095.155,1655178576009000,839,-2.45224762,-0.18269458413124084,-0.1823851764202118,-0.204702556,0.245436937,0.09375,16.77832794189453,1.0681414604187012,0.11228694506555431,1.942707,unknown; numeric event only
20261007_174302_general32_lift_walk_start_A201_on,general32_lift_walk_start_A201,on,FINAL_HOLD,first_raw_minus3,28,28,right_wrist_yaw_joint,1130,1129,1130,1791366215895.161,1655178376014000,839,-3.0,-0.22350260615348816,-0.20877282321453094,-0.213439047,0.01840777,0.106250003,16.77832794189453,1.0681414604187012,0.05862933059201665,0.097298,unknown; numeric event only
20261007_174456_general32_lift_walk_start_A201_off,general32_lift_walk_start_A201,off,CONTROL_PREPLAY,largest_held_target_error,0,0,left_hip_pitch_joint,9,8,9,1791366301882.174,1655264363027000,0,0.797189057,-0.03245651721954346,-0.06197348237037659,-0.339700043,1.222821355,19.6875,99.09842681884766,6.308801651000977,19.807727860901743,0.005079,unknown; numeric event only
20261007_174456_general32_lift_walk_start_A201_off,general32_lift_walk_start_A201,off,CONTROL_PREPLAY,largest_held_target_error,1,3,left_hip_roll_joint,7,6,7,1791366301842.127,1655264322980000,0,0.427189529,0.1497988998889923,0.17413203418254852,-0.015791479,1.326450348,10.634765625,99.09842681884766,6.308801651000977,10.45280922686601,1.772001,unknown; numeric event only
20261007_174456_general32_lift_walk_start_A201_off,general32_lift_walk_start_A201,off,CONTROL_PREPLAY,largest_held_target_error,2,6,left_hip_yaw_joint,4,3,4,1791366301782.246,1655264263099000,0,-0.555178523,-0.3039860427379608,-0.2833460569381714,-0.070950262,-1.181058168,-5.481179237,40.179237365722656,2.557889699935913,-5.512884537349764,0.076874,unknown; numeric event only
20261007_174456_general32_lift_walk_start_A201_off,general32_lift_walk_start_A201,off,CONTROL_PREPLAY,largest_held_target_error,3,9,left_knee_joint,7,6,7,1791366301842.127,1655264322980000,0,-0.200725406,0.5986133217811584,0.4536431133747101,0.711068273,-3.818998814,-3.251953125,99.09842681884766,6.308801651000977,-1.4171223195229956,1.772001,unknown; numeric event only
20261007_174456_general32_lift_walk_start_A201_off,general32_lift_walk_start_A201,off,CONTROL_PREPLAY,largest_held_target_error,4,13,left_ankle_pitch_joint,27,26,27,1791366302242.252,1655264723106000,0,1.845668554,0.4464683532714844,0.45430925488471985,-0.285785735,0.00236313,20.741989136,28.501245498657227,1.8144457340240479,21.089341227883192,0.055891,unknown; numeric event only
20261007_174456_general32_lift_walk_start_A201_off,general32_lift_walk_start_A201,off,CONTROL_PREPLAY,largest_held_target_error,5,17,left_ankle_roll_joint,2,1,2,1791366301742.129,1655264222982000,0,-0.073348425,-0.032168954610824585,-0.026652179658412933,0.029053634,-0.389181137,-1.344049811,28.501245498657227,1.8144457340240479,-0.8815370169886011,1.742912,unknown; numeric event only
20261007_174456_general32_lift_walk_start_A201_off,general32_lift_walk_start_A201,off,CONTROL_PREPLAY,largest_held_target_error,6,1,right_hip_pitch_joint,6,5,6,1791366301822.212,1655264303065000,0,0.69867897,-0.06700021028518677,-0.064471036195755,-0.263571978,1.330813646,11.953125,99.09842681884766,6.308801651000977,11.334750783892188,1.880977,unknown; numeric event only
20261007_174456_general32_lift_walk_start_A201_off,general32_lift_walk_start_A201,off,CONTROL_PREPLAY,largest_held_target_error,7,4,right_hip_roll_joint,6,5,6,1791366301822.212,1655264303065000,0,-0.968041301,-0.3394547700881958,-0.37745586037635803,-0.115628064,-1.348266959,-18.10546875,99.09842681884766,6.308801651000977,-17.440773901413394,1.880977,unknown; numeric event only
20261007_174456_general32_lift_walk_start_A201_off,general32_lift_walk_start_A201,off,CONTROL_PREPLAY,largest_held_target_error,8,7,right_hip_yaw_joint,6,5,6,1791366301822.212,1655264303065000,0,0.0950813,0.05206143110990524,0.20472314953804016,-0.078275628,0.735375822,9.508167267,40.179237365722656,2.557889699935913,9.489664816234551,1.880977,unknown; numeric event only
20261007_174456_general32_lift_walk_start_A201_off,general32_lift_walk_start_A201,off,CONTROL_PREPLAY,largest_held_target_error,9,10,right_knee_joint,6,5,6,1791366301822.212,1655264303065000,0,-0.180336386,0.6057629585266113,0.49147167801856995,0.714417458,-3.121957779,-4.04296875,99.09842681884766,6.308801651000977,-2.3977636715501127,1.880977,unknown; numeric event only
20261007_174456_general32_lift_walk_start_A201_off,general32_lift_walk_start_A201,off,CONTROL_PREPLAY,largest_held_target_error,10,14,right_ankle_pitch_joint,11,10,11,1791366301922.336,1655264403189000,0,2.124001265,0.5685387849807739,0.646925687789917,-0.338679075,0.466743678,25.994533539,28.501245498657227,1.8144457340240479,27.244082233491447,0.141687,unknown; numeric event only
20261007_174456_general32_lift_walk_start_A201_off,general32_lift_walk_start_A201,off,CONTROL_PREPLAY,largest_held_target_error,11,18,right_ankle_roll_joint,7,6,7,1791366301842.127,1655264322980000,0,-0.095215186,-0.04175921902060509,-0.12750551104545593,0.004512711,0.36461848,-4.340972424,28.501245498657227,1.8144457340240479,-4.424264202396114,1.772001,unknown; numeric event only
20261007_174456_general32_lift_walk_start_A201_off,general32_lift_walk_start_A201,off,CONTROL_PREPLAY,largest_held_target_error,12,2,waist_yaw_joint,3,2,3,1791366301762.25,1655264243103000,0,0.249308318,0.13650788366794586,0.1370503306388855,-0.000924041,0.377115786,4.418501377,40.179237365722656,2.557889699935913,4.579084443772576,0.082149,unknown; numeric event only
20261007_174456_general32_lift_walk_start_A201_off,general32_lift_walk_start_A201,off,CONTROL_PREPLAY,largest_held_target_error,13,5,waist_roll_joint,6,5,6,1791366301822.212,1655264303065000,0,-0.604420543,-0.2650851309299469,-0.2712070643901825,0.005932443,-0.988443196,-6.831070423,28.501245498657227,1.8144457340240479,-6.105344597197225,1.880977,unknown; numeric event only
20261007_174456_general32_lift_walk_start_A201_off,general32_lift_walk_start_A201,off,CONTROL_PREPLAY,largest_held_target_error,14,8,waist_pitch_joint,8,7,8,1791366301862.263,1655264343116000,0,-1.168851972,-0.5126319527626038,-0.8066568970680237,-0.035243668,-0.125968352,-21.376237869,28.501245498657227,1.8144457340240479,-21.757675083671206,0.093621,unknown; numeric event only
20261007_174456_general32_lift_walk_start_A201_off,general32_lift_walk_start_A201,off,CONTROL_PREPLAY,largest_held_target_error,15,11,left_shoulder_pitch_joint,8,7,8,1791366301862.263,1655264343116000,0,-2.589044094,-0.9354960322380066,-1.0097588300704956,0.071102411,-2.313243151,-13.6875,14.250622749328613,0.9072228670120239,-13.304318707320615,0.093621,unknown; numeric event only
20261007_174456_general32_lift_walk_start_A201_off,general32_lift_walk_start_A201,off,CONTROL_PREPLAY,largest_held_target_error,16,15,left_shoulder_roll_joint,8,7,8,1791366301862.263,1655264343116000,0,1.408939242,0.8179287910461426,1.0490705966949463,0.129705265,2.222738266,11.125,14.250622749328613,0.9072228670120239,11.085009528498192,0.093621,unknown; numeric event only
20261007_174456_general32_lift_walk_start_A201_off,general32_lift_walk_start_A201,off,CONTROL_PREPLAY,largest_held_target_error,17,19,left_shoulder_yaw_joint,8,7,8,1791366301862.263,1655264343116000,0,-0.144413844,-0.06333663314580917,0.07202686369419098,-0.197128519,0.595184565,3.5625,14.250622749328613,0.9072228670120239,3.2956667722654824,0.093621,unknown; numeric event only
20261007_174456_general32_lift_walk_start_A201_off,general32_lift_walk_start_A201,off,CONTROL_PREPLAY,largest_held_target_error,18,21,left_elbow_joint,8,7,8,1791366301862.263,1655264343116000,0,-0.16184856,0.52901691198349,0.2990289032459259,0.832400322,-1.984971166,-6.125,14.250622749328613,0.9072228670120239,-5.800063641783767,0.093621,unknown; numeric event only
20261007_174456_general32_lift_walk_start_A201_off,general32_lift_walk_start_A201,off,CONTROL_PREPLAY,largest_held_target_error,19,23,left_wrist_roll_joint,2,1,2,1791366301742.129,1655264222982000,0,0.251537085,0.11031845957040787,0.09342841058969498,-0.011852399,1.5677284,0.125,14.250622749328613,0.9072228670120239,0.07803804646246837,1.742912,unknown; numeric event only
20261007_174456_general32_lift_walk_start_A201_off,general32_lift_walk_start_A201,off,CONTROL_PREPLAY,largest_held_target_error,20,25,left_wrist_pitch_joint,85,84,85,1791366303402.169,1655265883023000,0,-1.118709445,-0.08334482461214066,-0.08194673806428909,-0.05757222,-0.092038848,-0.337500006,16.77832794189453,1.0681414604187012,-0.3106531479902998,1.822593,unknown; numeric event only
20261007_174456_general32_lift_walk_start_A201_off,general32_lift_walk_start_A201,off,CONTROL_PREPLAY,largest_held_target_error,21,27,left_wrist_yaw_joint,19,18,19,1791366302082.237,1655264563090000,0,1.623203278,0.12093005329370499,0.11317311227321625,0.077262297,0.589048624,-0.056249999,16.77832794189453,1.0681414604187012,-0.02666382218216934,0.02194,unknown; numeric event only
20261007_174456_general32_lift_walk_start_A201_off,general32_lift_walk_start_A201,off,CONTROL_PREPLAY,first_raw_plus3,21,27,left_wrist_yaw_joint,243,242,243,1791366306562.211,1655269043064000,0,3.0,0.22350260615348816,0.2229747325181961,0.21268405,-0.012271847,0.143749997,16.77832794189453,1.0681414604187012,0.18576851461282995,0.023709,unknown; numeric event only
20261007_174456_general32_lift_walk_start_A201_off,general32_lift_walk_start_A201,off,CONTROL_PREPLAY,largest_held_target_error,22,12,right_shoulder_pitch_joint,8,7,8,1791366301862.263,1655264343116000,0,-2.173102856,-0.7530736327171326,-1.0650123357772827,0.127296448,-1.753340125,-15.375,14.250622749328613,0.9072228670120239,-15.400472423271156,0.093621,unknown; numeric event only
20261007_174456_general32_lift_walk_start_A201_off,general32_lift_walk_start_A201,off,CONTROL_PREPLAY,largest_held_target_error,23,16,right_shoulder_roll_joint,8,7,8,1791366301862.263,1655264343116000,0,-1.375392318,-0.8032158613204956,-1.2440444231033325,-0.232901439,-3.54196167,-11.625,14.250622749328613,0.9072228670120239,-11.196068590982875,0.093621,unknown; numeric event only
20261007_174456_general32_lift_walk_start_A201_off,general32_lift_walk_start_A201,off,CONTROL_PREPLAY,largest_held_target_error,24,20,right_shoulder_yaw_joint,12,11,12,1791366301942.201,1655264423054000,0,1.220497489,0.5352824926376343,0.5016108751296997,0.174801916,1.831573129,3.375,14.250622749328613,0.9072228670120239,2.99558616242454,0.000668,unknown; numeric event only
20261007_174456_general32_lift_walk_start_A201_off,general32_lift_walk_start_A201,off,CONTROL_PREPLAY,largest_held_target_error,25,22,right_elbow_joint,8,7,8,1791366301862.263,1655264343116000,0,0.022773879,0.6099880933761597,0.24278628826141357,0.910189927,-3.939262867,-6.1875,14.250622749328613,0.9072228670120239,-5.93712812507905,0.093621,unknown; numeric event only
20261007_174456_general32_lift_walk_start_A201_off,general32_lift_walk_start_A201,off,CONTROL_PREPLAY,largest_held_target_error,26,24,right_wrist_roll_joint,16,15,16,1791366302022.211,1655264503065000,0,0.587215364,0.2575393319129944,0.237680122256279,0.136668101,1.386718631,0.125,14.250622749328613,0.9072228670120239,0.1814213559155864,0.032857,unknown; numeric event only
20261007_174456_general32_lift_walk_start_A201_off,general32_lift_walk_start_A201,off,CONTROL_PREPLAY,largest_held_target_error,27,26,right_wrist_pitch_joint,199,198,199,1791366305682.238,1655268163091000,0,-1.376874328,-0.10257833451032639,-0.1038789302110672,-0.071150348,0.0,-0.5,16.77832794189453,1.0681414604187012,-0.5491308854105411,0.051152,unknown; numeric event only
20261007_174456_general32_lift_walk_start_A201_off,general32_lift_walk_start_A201,off,CONTROL_PREPLAY,largest_held_target_error,28,28,right_wrist_yaw_joint,2,1,2,1791366301742.129,1655264222982000,0,-0.75430423,-0.05619632080197334,-0.046860471367836,-0.011636683,-0.423378706,-0.087499999,16.77832794189453,1.0681414604187012,-0.1387679232544224,1.742912,unknown; numeric event only
20261007_174456_general32_lift_walk_start_A201_off,general32_lift_walk_start_A201,off,PLAY,largest_held_target_error,0,0,left_hip_pitch_joint,1703,1702,1703,1791366335762.239,1655298243092000,751,0.674580574,-0.0754505842924118,-0.01694135181605816,-0.360221297,-0.418879062,35.859375,99.09842681884766,6.308801651000977,36.66112744410424,0.060962,unknown; numeric event only
20261007_174456_general32_lift_walk_start_A201_off,general32_lift_walk_start_A201,off,PLAY,largest_held_target_error,1,3,left_hip_roll_joint,1111,1110,1111,1791366323922.124,1655286402977000,159,1.868133426,0.6550824046134949,0.6967725157737732,0.179850727,-0.028361604,50.712890625,99.09842681884766,6.308801651000977,51.40506379000582,1.824114,unknown; numeric event only
20261007_174456_general32_lift_walk_start_A201_off,general32_lift_walk_start_A201,off,PLAY,largest_held_target_error,2,6,left_hip_yaw_joint,1561,1560,1561,1791366332922.24,1655295403093000,609,1.18897748,0.6510204076766968,0.6408926248550415,0.28507328,1.779300928,10.3471241,40.179237365722656,2.557889699935913,9.745294399429028,0.051692,unknown; numeric event only
20261007_174456_general32_lift_walk_start_A201_off,general32_lift_walk_start_A201,off,PLAY,largest_held_target_error,3,9,left_knee_joint,1661,1660,1661,1791366334922.252,1655297403105000,709,-1.874190092,0.011793754063546658,-0.012700439430773258,0.45835346,-0.592321157,-43.41796875,99.09842681884766,6.308801651000977,-42.943863687268895,1.900538,unknown; numeric event only
20261007_174456_general32_lift_walk_start_A201_off,general32_lift_walk_start_A201,off,PLAY,largest_held_target_error,4,13,left_ankle_pitch_joint,1566,1565,1566,1791366333022.33,1655295503183000,614,2.368536949,0.675786554813385,0.7035362124443054,-0.442362726,0.452866822,30.551673889,28.501245498657227,1.8144457340240479,31.837844687992927,2.012347,unknown; numeric event only
20261007_174456_general32_lift_walk_start_A201_off,general32_lift_walk_start_A201,off,PLAY,largest_held_target_error,5,17,left_ankle_roll_joint,1421,1420,1421,1791366330122.127,1655292602981000,469,-0.495240629,-0.21720130741596222,-0.2938902676105499,-0.075027838,-1.015961409,-5.108252525,28.501245498657227,1.8144457340240479,-4.394444992269759,1.773329,unknown; numeric event only
20261007_174456_general32_lift_walk_start_A201_off,general32_lift_walk_start_A201,off,PLAY,largest_held_target_error,6,1,right_hip_pitch_joint,1238,1237,1238,1791366326462.244,1655288943097000,286,-0.277208805,-0.40920644998550415,-0.4076947867870331,-0.033960629,-0.630500197,-32.783203125,99.09842681884766,6.308801651000977,-33.05876640137192,1.819653,unknown; numeric event only
20261007_174456_general32_lift_walk_start_A201_off,general32_lift_walk_start_A201,off,PLAY,largest_held_target_error,7,4,right_hip_roll_joint,1704,1703,1704,1791366335782.249,1655298263102000,752,-1.814078808,-0.6361275315284729,-0.6358876824378967,-0.135365278,-0.419969857,-47.021484375,99.09842681884766,6.308801651000977,-46.95147634017034,0.060369,unknown; numeric event only
20261007_174456_general32_lift_walk_start_A201_off,general32_lift_walk_start_A201,off,PLAY,largest_held_target_error,8,7,right_hip_yaw_joint,1423,1422,1423,1791366330162.131,1655292642984000,471,-1.133213162,-0.620486855506897,-0.6867912411689758,-0.3998954,-1.87529397,-6.823508739,40.179237365722656,2.557889699935913,-6.730460971352019,1.780234,unknown; numeric event only
20261007_174456_general32_lift_walk_start_A201_off,general32_lift_walk_start_A201,off,PLAY,largest_held_target_error,9,10,right_knee_joint,1779,1778,1779,1791366337282.226,1655299763079000,827,-1.709648609,0.06949210911989212,0.06737082451581955,0.49209252,-0.590139508,-38.14453125,99.09842681884766,6.308801651000977,-38.36617875592465,0.051688,unknown; numeric event only
20261007_174456_general32_lift_walk_start_A201_off,general32_lift_walk_start_A201,off,PLAY,largest_held_target_error,10,14,right_ankle_pitch_joint,1580,1579,1580,1791366333302.124,1655295782977000,628,2.536592007,0.7494916915893555,0.7737383246421814,-0.295849711,0.152036965,29.73241806,28.501245498657227,1.8144457340240479,30.208728363706136,1.761256,unknown; numeric event only
20261007_174456_general32_lift_walk_start_A201_off,general32_lift_walk_start_A201,off,PLAY,largest_held_target_error,11,18,right_ankle_roll_joint,1706,1705,1706,1791366335822.127,1655298302980000,754,-0.219563156,-0.09629541635513306,-0.11099686473608017,-0.002176678,0.207135752,-3.572356939,28.501245498657227,1.8144457340240479,-3.477347438955007,1.927634,unknown; numeric event only
20261007_174456_general32_lift_walk_start_A201_off,general32_lift_walk_start_A201,off,PLAY,largest_held_target_error,12,2,waist_yaw_joint,1345,1344,1345,1791366328602.129,1655291082982000,393,0.267876446,0.14667479693889618,0.15985295176506042,-0.094653919,0.171416268,9.564098358,40.179237365722656,2.557889699935913,9.787428065358007,1.944909,unknown; numeric event only
20261007_174456_general32_lift_walk_start_A201_off,general32_lift_walk_start_A201,off,PLAY,largest_held_target_error,13,5,waist_roll_joint,1408,1407,1408,1791366329862.161,1655292343014000,456,-1.42277658,-0.6239975094795227,-0.63315349817276,0.031586863,0.412342936,-19.447435379,28.501245498657227,1.8144457340240479,-19.694102107831057,1.993913,unknown; numeric event only
20261007_174456_general32_lift_walk_start_A201_off,general32_lift_walk_start_A201,off,PLAY,largest_held_target_error,14,8,waist_pitch_joint,1166,1165,1166,1791366325022.21,1655287503063000,214,-0.683927059,-0.299954891204834,-0.3341909348964691,0.010829663,-0.025480358,-9.663544655,28.501245498657227,1.8144457340240479,-9.787284035866259,1.837465,unknown; numeric event only
20261007_174456_general32_lift_walk_start_A201_off,general32_lift_walk_start_A201,off,PLAY,largest_held_target_error,15,11,left_shoulder_pitch_joint,1384,1383,1384,1791366329382.265,1655291863118000,432,-0.16922465,0.12578190863132477,0.1941126435995102,-0.4660905,0.001533981,9.125,14.250622749328613,0.9072228670120239,9.406914274716684,1.947238,unknown; numeric event only
20261007_174456_general32_lift_walk_start_A201_off,general32_lift_walk_start_A201,off,PLAY,largest_held_target_error,16,15,left_shoulder_roll_joint,1407,1406,1407,1791366329842.126,1655292322980000,455,-0.652916253,-0.08635425567626953,-0.105451300740242,0.477703214,0.421844721,-8.6875,14.250622749328613,0.9072228670120239,-8.693022171350487,1.946629,unknown; numeric event only
20261007_174456_general32_lift_walk_start_A201_off,general32_lift_walk_start_A201,off,PLAY,largest_held_target_error,17,19,left_shoulder_yaw_joint,1360,1359,1360,1791366328902.208,1655291383061000,408,-0.864158332,-0.3790002465248108,-0.37319037318229675,-0.155746996,-0.046019424,-2.875,14.250622749328613,0.9072228670120239,-3.0569536637853587,2.02511,unknown; numeric event only
20261007_174456_general32_lift_walk_start_A201_off,general32_lift_walk_start_A201,off,PLAY,largest_held_target_error,18,21,left_elbow_joint,1375,1374,1375,1791366329202.133,1655291682986000,423,1.558288693,1.2834300994873047,1.3244534730911255,0.933918715,0.813009858,4.6875,14.250622749328613,0.9072228670120239,4.8277823737731405,1.96403,unknown; numeric event only
20261007_174456_general32_lift_walk_start_A201_off,general32_lift_walk_start_A201,off,PLAY,largest_held_target_error,19,23,left_wrist_roll_joint,1351,1350,1351,1791366328722.232,1655291203086000,399,0.314096749,0.13775570690631866,0.11701600253582001,0.016538231,1.359107018,0.25,14.250622749328613,0.9072228670120239,0.1988578514040773,1.934058,unknown; numeric event only
20261007_174456_general32_lift_walk_start_A201_off,general32_lift_walk_start_A201,off,PLAY,largest_held_target_error,20,25,left_wrist_pitch_joint,1375,1374,1375,1791366329202.133,1655291682986000,423,-0.463777542,-0.03455182909965515,-0.0345495231449604,-0.094615459,0.0,0.96875,16.77832794189453,1.0681414604187012,1.0078059699126554,1.96403,unknown; numeric event only
20261007_174456_general32_lift_walk_start_A201_off,general32_lift_walk_start_A201,off,PLAY,largest_held_target_error,21,27,left_wrist_yaw_joint,1337,1336,1337,1791366328442.125,1655290922979000,385,1.681378603,0.12526416778564453,0.10955491662025452,0.051160656,0.877437055,0.0125,16.77832794189453,1.0681414604187012,0.042531157257903685,1.92413,unknown; numeric event only
20261007_174456_general32_lift_walk_start_A201_off,general32_lift_walk_start_A201,off,PLAY,first_raw_plus3,21,27,left_wrist_yaw_joint,1358,1357,1358,1791366328862.13,1655291342983000,406,3.0,0.22350260615348816,0.20945976674556732,0.178457096,0.306796163,0.15625,16.77832794189453,1.0681414604187012,0.1924712752460343,1.852648,unknown; numeric event only
20261007_174456_general32_lift_walk_start_A201_off,general32_lift_walk_start_A201,off,PLAY,largest_held_target_error,22,12,right_shoulder_pitch_joint,1702,1701,1702,1791366335742.299,1655298223152000,750,1.134130836,0.6974040269851685,0.7119511365890503,-0.318408877,0.32366997,14.4375,14.250622749328613,0.9072228670120239,14.389631051501564,0.105335,unknown; numeric event only
20261007_174456_general32_lift_walk_start_A201_off,general32_lift_walk_start_A201,off,PLAY,largest_held_target_error,23,16,right_shoulder_roll_joint,1258,1257,1258,1791366326862.309,1655289343163000,306,0.387545466,-0.030031349509954453,-0.01776272803544998,-0.612609625,-0.440252513,8.625,14.250622749328613,0.9072228670120239,8.876345869303659,0.128121,unknown; numeric event only
20261007_174456_general32_lift_walk_start_A201_off,general32_lift_walk_start_A201,off,PLAY,largest_held_target_error,24,20,right_shoulder_yaw_joint,1257,1256,1257,1791366326842.583,1655289323437000,305,0.901607871,0.3954247534275055,0.4109915792942047,0.117349535,0.013805828,4.3125,14.250622749328613,0.9072228670120239,4.172057033718719,0.306112,unknown; numeric event only
20261007_174456_general32_lift_walk_start_A201_off,general32_lift_walk_start_A201,off,PLAY,largest_held_target_error,25,22,right_elbow_joint,1701,1700,1701,1791366335722.186,1655298203039000,749,0.906596303,0.9976125955581665,1.0018023252487183,0.444998264,0.320602,7.8125,14.250622749328613,0.9072228670120239,7.643947156539759,2.010874,unknown; numeric event only
20261007_174456_general32_lift_walk_start_A201_off,general32_lift_walk_start_A201,off,PLAY,largest_held_target_error,26,24,right_wrist_roll_joint,1619,1618,1619,1791366334082.2,1655296563053000,667,-0.385792762,-0.16919995844364166,-0.16397643089294434,-0.049398977,-0.860563278,-1.0625,14.250622749328613,0.9072228670120239,-0.8520773866945175,1.927885,unknown; numeric event only
20261007_174456_general32_lift_walk_start_A201_off,general32_lift_walk_start_A201,off,PLAY,largest_held_target_error,27,26,right_wrist_pitch_joint,1710,1709,1710,1791366335902.129,1655298382982000,758,-1.50115788,-0.11183756589889526,-0.11004567891359329,-0.190776885,0.01840777,1.362499952,16.77832794189453,1.0681414604187012,1.334872548531552,1.95525,unknown; numeric event only
20261007_174456_general32_lift_walk_start_A201_off,general32_lift_walk_start_A201,off,PLAY,largest_held_target_error,28,28,right_wrist_yaw_joint,1387,1386,1387,1791366329442.219,1655291923072000,435,-2.500152826,-0.1862635612487793,-0.18087583780288696,-0.149766862,-0.423378706,-0.037500001,16.77832794189453,1.0681414604187012,-0.06972824862027932,1.824807,unknown; numeric event only
20261007_174456_general32_lift_walk_start_A201_off,general32_lift_walk_start_A201,off,PLAY,first_raw_minus3,28,28,right_wrist_yaw_joint,1132,1131,1132,1791366324342.121,1655286822974000,180,-3.0,-0.22350260615348816,-0.2203773856163025,-0.207171306,-0.012271847,-0.181250006,16.77832794189453,1.0681414604187012,-0.20846786605247702,1.792733,unknown; numeric event only
20261007_174456_general32_lift_walk_start_A201_off,general32_lift_walk_start_A201,off,FINAL_HOLD,largest_held_target_error,0,0,left_hip_pitch_joint,1817,1816,1817,1791366338042.191,1655300523044000,839,0.420875937,-0.16441503167152405,-0.16994687914848328,-0.222819224,0.318522602,2.98828125,99.09842681884766,6.308801651000977,3.230070279630181,0.023503,unknown; numeric event only
20261007_174456_general32_lift_walk_start_A201_off,general32_lift_walk_start_A201,off,FINAL_HOLD,largest_held_target_error,1,3,left_hip_roll_joint,2320,2319,,1791366348102.127,1655310582980000,839,,-0.15730471909046173,-0.15627945959568024,0.028821794,-0.017453294,-18.369140625,99.09842681884766,6.308801651000977,-18.233133663525876,1.939804,unknown; numeric event only
20261007_174456_general32_lift_walk_start_A201_off,general32_lift_walk_start_A201,off,FINAL_HOLD,largest_held_target_error,2,6,left_hip_yaw_joint,1815,1814,1815,1791366338002.218,1655300483071000,839,-0.186442494,-0.10208592563867569,-0.1017521321773529,-0.228572875,0.001714163,5.257457256,40.179237365722656,2.557889699935913,5.091176088886694,0.040935,unknown; numeric event only
20261007_174456_general32_lift_walk_start_A201_off,general32_lift_walk_start_A201,off,FINAL_HOLD,largest_held_target_error,3,9,left_knee_joint,1794,1793,1794,1791366337582.13,1655300062983000,839,-0.997757316,0.3191249668598175,0.3164415657520294,0.510841191,-0.322885931,-17.666015625,99.09842681884766,6.308801651000977,-17.227673741669634,1.872598,unknown; numeric event only
20261007_174456_general32_lift_walk_start_A201_off,general32_lift_walk_start_A201,off,FINAL_HOLD,largest_held_target_error,4,13,left_ankle_pitch_joint,1827,1826,1827,1791366338242.198,1655300723051000,839,1.011116266,0.08045265823602676,0.08541923016309738,-0.26090005,-0.002322627,9.790937424,28.501245498657227,1.8144457340240479,9.874745105498569,0.014067,unknown; numeric event only
20261007_174456_general32_lift_walk_start_A201_off,general32_lift_walk_start_A201,off,FINAL_HOLD,largest_held_target_error,5,17,left_ankle_roll_joint,1814,1813,1814,1791366337982.131,1655300462985000,839,-0.293620914,-0.1287754774093628,-0.12940984964370728,-0.059038915,-0.007942756,-2.250483751,28.501245498657227,1.8144457340240479,-1.99124758450967,1.948263,unknown; numeric event only
20261007_174456_general32_lift_walk_start_A201_off,general32_lift_walk_start_A201,off,FINAL_HOLD,largest_held_target_error,6,1,right_hip_pitch_joint,1836,1835,1836,1791366338422.243,1655300903097000,839,0.709617794,-0.06316438317298889,-0.06319945305585861,-0.153747484,0.007635816,9.140625,99.09842681884766,6.308801651000977,8.924994569521209,2.029491,unknown; numeric event only
20261007_174456_general32_lift_walk_start_A201_off,general32_lift_walk_start_A201,off,FINAL_HOLD,largest_held_target_error,7,4,right_hip_roll_joint,1966,1965,1966,1791366341022.352,1655303503206000,839,0.143901944,0.05046086758375168,0.050647199153900146,-0.201795176,0.0,24.521484375,99.09842681884766,6.308801651000977,25.016642240164856,0.159328,unknown; numeric event only
20261007_174456_general32_lift_walk_start_A201_off,general32_lift_walk_start_A201,off,FINAL_HOLD,largest_held_target_error,8,7,right_hip_yaw_joint,2275,2274,2275,1791366347202.173,1655309683026000,839,-0.814900875,-0.4461960792541504,-0.4469941556453705,-0.314441711,-0.008570814,-5.089666367,40.179237365722656,2.557889699935913,-5.303932939962487,1.998445,unknown; numeric event only
20261007_174456_general32_lift_walk_start_A201_off,general32_lift_walk_start_A201,off,FINAL_HOLD,largest_held_target_error,9,10,right_knee_joint,1826,1825,1826,1791366338222.125,1655300702978000,839,-0.982727706,0.3243952691555023,0.3252164125442505,0.246399924,0.008726647,8.0859375,99.09842681884766,6.308801651000977,7.75553533711965,1.922396,unknown; numeric event only
20261007_174456_general32_lift_walk_start_A201_off,general32_lift_walk_start_A201,off,FINAL_HOLD,largest_held_target_error,10,14,right_ankle_pitch_joint,1837,1836,1837,1791366338442.399,1655300923252000,839,1.243544579,0.18239043653011322,0.1839282214641571,-0.041913465,-0.005405833,6.264986515,28.501245498657227,1.8144457340240479,6.4465779403714105,0.038608,unknown; numeric event only
20261007_174456_general32_lift_walk_start_A201_off,general32_lift_walk_start_A201,off,FINAL_HOLD,largest_held_target_error,11,18,right_ankle_roll_joint,2276,2275,2276,1791366347222.262,1655309703116000,839,0.306671023,0.1344989538192749,0.1348455548286438,0.089343451,-0.007578419,1.002862573,28.501245498657227,1.8144457340240479,1.3106172619507646,1.922147,unknown; numeric event only
20261007_174456_general32_lift_walk_start_A201_off,general32_lift_walk_start_A201,off,FINAL_HOLD,largest_held_target_error,12,2,waist_yaw_joint,1792,1791,1792,1791366337542.142,1655300022995000,839,-0.201829597,-0.11051107943058014,-0.12152454257011414,-0.08501175,-0.385686606,-0.727095187,40.179237365722656,2.557889699935913,-0.4805123626693699,1.759831,unknown; numeric event only
20261007_174456_general32_lift_walk_start_A201_off,general32_lift_walk_start_A201,off,FINAL_HOLD,largest_held_target_error,13,5,waist_roll_joint,2295,2294,2295,1791366347602.299,1655310083152000,839,-0.410397053,-0.17999084293842316,-0.1806783676147461,0.040187042,-0.018318139,-6.383713722,28.501245498657227,1.8144457340240479,-6.261701992427557,0.100359,unknown; numeric event only
20261007_174456_general32_lift_walk_start_A201_off,general32_lift_walk_start_A201,off,FINAL_HOLD,largest_held_target_error,14,8,waist_pitch_joint,1877,1876,1877,1791366339242.126,1655301722980000,839,-0.622677624,-0.27309226989746094,-0.27378425002098083,0.010747393,0.000684888,-8.043354988,28.501245498657227,1.8144457340240479,-8.110748901987158,1.743736,unknown; numeric event only
20261007_174456_general32_lift_walk_start_A201_off,general32_lift_walk_start_A201,off,FINAL_HOLD,largest_held_target_error,15,11,left_shoulder_pitch_joint,1795,1794,1795,1791366337602.163,1655300083016000,839,-1.470419288,-0.444892555475235,-0.4436734616756439,-0.214397788,-0.03834952,-3.375,14.250622749328613,0.9072228670120239,-3.2325295696668395,1.962567,unknown; numeric event only
20261007_174456_general32_lift_walk_start_A201_off,general32_lift_walk_start_A201,off,FINAL_HOLD,largest_held_target_error,16,15,left_shoulder_roll_joint,2320,2319,,1791366348102.127,1655310582980000,839,,0.4775557816028595,0.47892338037490845,0.311709702,0.010737866,2.1875,14.250622749328613,0.9072228670120239,2.373157411470278,1.939804,unknown; numeric event only
20261007_174456_general32_lift_walk_start_A201_off,general32_lift_walk_start_A201,off,FINAL_HOLD,largest_held_target_error,17,19,left_shoulder_yaw_joint,1792,1791,1792,1791366337542.142,1655300022995000,839,-0.747346401,-0.3277691900730133,-0.33777475357055664,-0.306113064,-0.822213709,0.3125,14.250622749328613,0.9072228670120239,0.29473228469921486,1.759831,unknown; numeric event only
20261007_174456_general32_lift_walk_start_A201_off,general32_lift_walk_start_A201,off,FINAL_HOLD,largest_held_target_error,18,21,left_elbow_joint,1792,1791,1792,1791366337542.142,1655300022995000,839,1.063999891,1.0666462182998657,1.0519946813583374,1.166676283,0.001533981,-1.75,14.250622749328613,0.9072228670120239,-1.6356759039248796,1.759831,unknown; numeric event only
20261007_174456_general32_lift_walk_start_A201_off,general32_lift_walk_start_A201,off,FINAL_HOLD,largest_held_target_error,19,23,left_wrist_roll_joint,1792,1791,1792,1791366337542.142,1655300022995000,839,-0.263707221,-0.11565600335597992,-0.1486390084028244,-0.119171135,-0.174873814,-0.4375,14.250622749328613,0.9072228670120239,-0.2612860241862176,1.759831,unknown; numeric event only
20261007_174456_general32_lift_walk_start_A201_off,general32_lift_walk_start_A201,off,FINAL_HOLD,largest_held_target_error,20,25,left_wrist_pitch_joint,1817,1816,1817,1791366338042.191,1655300523044000,839,-0.410107732,-0.030553383752703667,-0.029315859079360962,-0.011816446,-0.030679617,-0.28125,16.77832794189453,1.0681414604187012,-0.2608407205287302,0.023503,unknown; numeric event only
20261007_174456_general32_lift_walk_start_A201_off,general32_lift_walk_start_A201,off,FINAL_HOLD,largest_held_target_error,21,27,left_wrist_yaw_joint,2237,2236,2237,1791366346442.13,1655308922983000,839,1.847888947,0.13766933977603912,0.13754762709140778,0.127032787,0.012271847,0.131249994,16.77832794189453,1.0681414604187012,0.16331336673360494,1.946998,unknown; numeric event only
20261007_174456_general32_lift_walk_start_A201_off,general32_lift_walk_start_A201,off,FINAL_HOLD,largest_held_target_error,22,12,right_shoulder_pitch_joint,1792,1791,1792,1791366337542.142,1655300022995000,839,-1.366745114,-0.39942339062690735,-0.4448416829109192,-0.222295389,0.010737866,-3.0,14.250622749328613,0.9072228670120239,-3.1811649163638274,1.759831,unknown; numeric event only
20261007_174456_general32_lift_walk_start_A201_off,general32_lift_walk_start_A201,off,FINAL_HOLD,largest_held_target_error,23,16,right_shoulder_roll_joint,1792,1791,1792,1791366337542.142,1655300022995000,839,-0.82158339,-0.5603278279304504,-0.5995681881904602,-0.354421467,-0.144194201,-3.5,14.250622749328613,0.9072228670120239,-3.362677165482363,1.759831,unknown; numeric event only
20261007_174456_general32_lift_walk_start_A201_off,general32_lift_walk_start_A201,off,FINAL_HOLD,largest_held_target_error,24,20,right_shoulder_yaw_joint,1794,1793,1794,1791366337582.13,1655300062983000,839,0.233159259,0.1022583618760109,0.1003945842385292,0.158359557,-0.357417524,-0.4375,14.250622749328613,0.9072228670120239,-0.5017796086552104,1.872598,unknown; numeric event only
20261007_174456_general32_lift_walk_start_A201_off,general32_lift_walk_start_A201,off,FINAL_HOLD,largest_held_target_error,25,22,right_elbow_joint,2248,2247,2248,1791366346662.274,1655309143127000,839,0.568523169,0.8493413925170898,0.8445570468902588,0.959672809,-0.093572833,-1.375,14.250622749328613,0.9072228670120239,-1.555579884498681,0.094613,unknown; numeric event only
20261007_174456_general32_lift_walk_start_A201_off,general32_lift_walk_start_A201,off,FINAL_HOLD,largest_held_target_error,26,24,right_wrist_roll_joint,1792,1791,1792,1791366337542.142,1655300022995000,839,0.148319796,0.06504970043897629,0.06505008786916733,0.105353326,-0.042951465,-0.6875,14.250622749328613,0.9072228670120239,-0.5353796909591858,1.759831,unknown; numeric event only
20261007_174456_general32_lift_walk_start_A201_off,general32_lift_walk_start_A201,off,FINAL_HOLD,largest_held_target_error,27,26,right_wrist_pitch_joint,1794,1793,1794,1791366337582.13,1655300062983000,839,-1.332450628,-0.09926873445510864,-0.10005893558263779,-0.087988183,0.0,-0.181250006,16.77832794189453,1.0681414604187012,-0.2025270453369672,1.872598,unknown; numeric event only
20261007_174456_general32_lift_walk_start_A201_off,general32_lift_walk_start_A201,off,FINAL_HOLD,largest_held_target_error,28,28,right_wrist_yaw_joint,1843,1842,1843,1791366338562.209,1655301043062000,839,-2.667530537,-0.1987333446741104,-0.1983829289674759,-0.180590287,-0.006135923,-0.25,16.77832794189453,1.0681414604187012,-0.29197674812878954,1.788768,unknown; numeric event only
20261007_174456_general32_lift_walk_start_A201_off,general32_lift_walk_start_A201,off,FINAL_HOLD,first_raw_minus3,28,28,right_wrist_yaw_joint,2220,2219,2220,1791366346102.148,1655308583001000,839,-3.0,-0.22350260615348816,-0.22303582727909088,-0.214829221,0.0,-0.106250003,16.77832794189453,1.0681414604187012,-0.13769313144059786,1.969039,unknown; numeric event only
20261007_174626_general32_high_watering_walk_A501_on,general32_high_watering_walk_A501,on,CONTROL_PREPLAY,largest_held_target_error,0,0,left_hip_pitch_joint,11,10,11,1791366397911.111,1655360391964000,0,-0.394363314,-0.4502880275249481,-0.5234721899032593,-0.222529471,0.247618601,-31.376953125,99.09842681884766,6.308801651000977,-31.385126644707032,1.940421,unknown; numeric event only
20261007_174626_general32_high_watering_walk_A501_on,general32_high_watering_walk_A501,on,CONTROL_PREPLAY,largest_held_target_error,1,3,left_hip_roll_joint,43,42,43,1791366398551.038,1655361031891000,0,0.523917854,0.18371780216693878,0.24635453522205353,-0.028344557,0.066540681,26.3671875,99.09842681884766,6.308801651000977,26.802455929619526,1.671638,unknown; numeric event only
20261007_174626_general32_high_watering_walk_A501_on,general32_high_watering_walk_A501,on,CONTROL_PREPLAY,largest_held_target_error,2,6,left_hip_yaw_joint,3,2,3,1791366397751.031,1655360231884000,0,-1.032802701,-0.5655074715614319,-0.5158593654632568,-0.103988066,-3.306619644,-8.221768379,40.179237365722656,2.557889699935913,-8.09070637626948,1.761318,unknown; numeric event only
20261007_174626_general32_high_watering_walk_A501_on,general32_high_watering_walk_A501,on,CONTROL_PREPLAY,largest_held_target_error,3,9,left_knee_joint,11,10,11,1791366397911.111,1655360391964000,0,-1.153635859,0.2644643485546112,0.3450950086116791,0.908917725,-4.697117329,-28.037109375,99.09842681884766,6.308801651000977,-26.240762638671423,1.940421,unknown; numeric event only
20261007_174626_general32_high_watering_walk_A501_on,general32_high_watering_walk_A501,on,CONTROL_PREPLAY,largest_held_target_error,4,13,left_ankle_pitch_joint,8,7,8,1791366397851.139,1655360331993000,0,3.0,0.9527319669723511,0.9521452188491821,-0.61241895,2.608258247,32.129806519,28.501245498657227,1.8144457340240479,39.85948442527094,1.885566,unknown; numeric event only
20261007_174626_general32_high_watering_walk_A501_on,general32_high_watering_walk_A501,on,CONTROL_PREPLAY,first_raw_plus3,4,13,left_ankle_pitch_joint,8,7,8,1791366397851.139,1655360331993000,0,3.0,0.9527319669723511,0.9521452188491821,-0.61241895,2.608258247,32.129806519,28.501245498657227,1.8144457340240479,39.85948442527094,1.885566,unknown; numeric event only
20261007_174626_general32_high_watering_walk_A501_on,general32_high_watering_walk_A501,on,CONTROL_PREPLAY,largest_held_target_error,5,17,left_ankle_roll_joint,8,7,8,1791366397851.139,1655360331993000,0,0.50637424,0.22208425402641296,0.28287333250045776,0.07762406,1.157802463,3.960876465,28.501245498657227,1.8144457340240479,3.749090164123457,1.885566,unknown; numeric event only
20261007_174626_general32_high_watering_walk_A501_on,general32_high_watering_walk_A501,on,CONTROL_PREPLAY,largest_held_target_error,6,1,right_hip_pitch_joint,7,6,7,1791366397831.133,1655360311986000,0,0.604423046,-0.1000521257519722,-0.011853115633130074,-0.326166928,1.541343927,21.708984375,99.09842681884766,6.308801651000977,21.423971221573346,1.858428,unknown; numeric event only
20261007_174626_general32_high_watering_walk_A501_on,general32_high_watering_walk_A501,on,CONTROL_PREPLAY,largest_held_target_error,7,4,right_hip_roll_joint,30,29,30,1791366398291.112,1655360771965000,0,-1.92945838,-0.6765866875648499,-0.7057174444198608,-0.327726483,-1.832595706,-26.3671875,99.09842681884766,6.308801651000977,-25.896826812821843,1.916888,unknown; numeric event only
20261007_174626_general32_high_watering_walk_A501_on,general32_high_watering_walk_A501,on,CONTROL_PREPLAY,largest_held_target_error,8,7,right_hip_yaw_joint,24,23,24,1791366398171.038,1655360651891000,0,-0.796024323,-0.4358603060245514,-0.4377846121788025,-0.151207894,-1.594171286,-7.3828125,40.179237365722656,2.557889699935913,-7.436719670802924,1.880915,unknown; numeric event only
20261007_174626_general32_high_watering_walk_A501_on,general32_high_watering_walk_A501,on,CONTROL_PREPLAY,largest_held_target_error,9,10,right_knee_joint,18,17,18,1791366398051.039,1655360531892000,0,-0.836510599,0.3756679594516754,0.3946913182735443,0.846024513,-5.292711258,-11.953125,99.09842681884766,6.308801651000977,-11.335744045774533,1.751381,unknown; numeric event only
20261007_174626_general32_high_watering_walk_A501_on,general32_high_watering_walk_A501,on,CONTROL_PREPLAY,largest_held_target_error,10,14,right_ankle_pitch_joint,11,10,11,1791366397911.111,1655360391964000,0,3.0,0.9527319669723511,0.9527319669723511,-0.431862235,0.223003641,37.864761353,28.501245498657227,1.8144457340240479,39.05803126134709,1.940421,unknown; numeric event only
20261007_174626_general32_high_watering_walk_A501_on,general32_high_watering_walk_A501,on,CONTROL_PREPLAY,first_raw_plus3,10,14,right_ankle_pitch_joint,7,6,7,1791366397831.133,1655360311986000,0,3.0,0.9527319669723511,0.9331324696540833,-0.432303637,0.74278909,35.254302979,28.501245498657227,1.8144457340240479,37.568879192848634,1.858428,unknown; numeric event only
20261007_174626_general32_high_watering_walk_A501_on,general32_high_watering_walk_A501,on,CONTROL_PREPLAY,largest_held_target_error,11,18,right_ankle_roll_joint,5,4,5,1791366397791.034,1655360271888000,0,-0.182799235,-0.080171599984169,-0.1527671366930008,-0.024566034,-0.350122571,-3.440745831,28.501245498657227,1.8144457340240479,-3.0186126957152997,1.748739,unknown; numeric event only
20261007_174626_general32_high_watering_walk_A501_on,general32_high_watering_walk_A501,on,CONTROL_PREPLAY,largest_held_target_error,12,2,waist_yaw_joint,6,5,6,1791366397811.126,1655360291979000,0,-2.677753687,-1.4661945104599,-1.5505427122116089,-0.262159735,-12.479104042,-22.484020233,40.179237365722656,2.557889699935913,-19.846073765881258,1.979956,unknown; numeric event only
20261007_174626_general32_high_watering_walk_A501_on,general32_high_watering_walk_A501,on,CONTROL_PREPLAY,largest_held_target_error,13,5,waist_roll_joint,21,20,21,1791366398111.146,1655360591999000,0,1.051712632,0.46125730872154236,0.6190839409828186,-0.410401553,-0.070524938,28.870613098,28.501245498657227,1.8144457340240479,29.46958247420713,1.860234,unknown; numeric event only
20261007_174626_general32_high_watering_walk_A501_on,general32_high_watering_walk_A501,on,CONTROL_PREPLAY,largest_held_target_error,14,8,waist_pitch_joint,9,8,9,1791366397871.16,1655360352013000,0,-1.106706858,-0.4853765070438385,-0.7313956022262573,0.03286295,-2.229246616,-14.840888023,28.501245498657227,1.8144457340240479,-17.73747360896016,1.885171,unknown; numeric event only
20261007_174626_general32_high_watering_walk_A501_on,general32_high_watering_walk_A501,on,CONTROL_PREPLAY,largest_held_target_error,15,11,left_shoulder_pitch_joint,8,7,8,1791366397851.139,1655360331993000,0,2.801193714,1.4285399913787842,1.4316266775131226,0.445034206,4.973165989,9.875,14.250622749328613,0.9072228670120239,9.547787212193978,1.885566,unknown; numeric event only
20261007_174626_general32_high_watering_walk_A501_on,general32_high_watering_walk_A501,on,CONTROL_PREPLAY,largest_held_target_error,16,15,left_shoulder_roll_joint,13,12,13,1791366397951.099,1655360431952000,0,0.653991163,0.4868256747722626,0.5395137071609497,-0.056158081,0.934194326,7.5,14.250622749328613,0.9072228670120239,7.641171480719599,1.804885,unknown; numeric event only
20261007_174626_general32_high_watering_walk_A501_on,general32_high_watering_walk_A501,on,CONTROL_PREPLAY,largest_held_target_error,17,19,left_shoulder_yaw_joint,20,19,20,1791366398091.105,1655360571959000,0,0.940071046,0.41229382157325745,0.3813537657260895,0.235022634,1.529378891,0.875,14.250622749328613,0.9072228670120239,0.697822252470123,1.8134,unknown; numeric event only
20261007_174626_general32_high_watering_walk_A501_on,general32_high_watering_walk_A501,on,CONTROL_PREPLAY,largest_held_target_error,18,21,left_elbow_joint,13,12,13,1791366397951.099,1655360431952000,0,-2.715297937,-0.5908680558204651,-0.7157319188117981,0.740061879,-13.627885818,-10.0,14.250622749328613,0.9072228670120239,-8.38243857030985,1.804885,unknown; numeric event only
20261007_174626_general32_high_watering_walk_A501_on,general32_high_watering_walk_A501,on,CONTROL_PREPLAY,first_raw_minus3,18,21,left_elbow_joint,12,11,12,1791366397931.036,1655360411889000,0,-3.0,-0.7157319188117981,0.0012177390744909644,0.962381244,-7.570195675,-7.875,14.250622749328613,0.9072228670120239,-6.8293238850003615,1.876803,unknown; numeric event only
20261007_174626_general32_high_watering_walk_A501_on,general32_high_watering_walk_A501,on,CONTROL_PREPLAY,largest_held_target_error,19,23,left_wrist_roll_joint,9,8,9,1791366397871.16,1655360352013000,0,-0.472823739,-0.20736975967884064,-0.2400093376636505,-0.069101043,-3.008136511,-0.1875,14.250622749328613,0.9072228670120239,0.293500597890191,1.885171,unknown; numeric event only
20261007_174626_general32_high_watering_walk_A501_on,general32_high_watering_walk_A501,on,CONTROL_PREPLAY,largest_held_target_error,20,25,left_wrist_pitch_joint,2,1,2,1791366397731.031,1655360211884000,0,0.938656032,0.06993069499731064,0.07488175481557846,0.005596633,1.147417665,-0.106250003,16.77832794189453,1.0681414604187012,-0.06311588508742982,1.877715,unknown; numeric event only
20261007_174626_general32_high_watering_walk_A501_on,general32_high_watering_walk_A501,on,CONTROL_PREPLAY,first_raw_minus3,20,25,left_wrist_pitch_joint,34,33,34,1791366398371.19,1655360852043000,0,-3.0,-0.22350260615348816,-0.20091889798641205,-0.160253063,-0.589048624,-0.043749999,16.77832794189453,1.0681414604187012,-0.053117457936002976,0.032773,unknown; numeric event only
20261007_174626_general32_high_watering_walk_A501_on,general32_high_watering_walk_A501,on,CONTROL_PREPLAY,largest_held_target_error,21,27,left_wrist_yaw_joint,8,7,8,1791366397851.139,1655360331993000,0,3.0,0.22350260615348816,0.2177591621875763,0.121759728,1.503301263,-0.03125,16.77832794189453,1.0681414604187012,0.004971582525378659,1.885566,unknown; numeric event only
20261007_174626_general32_high_watering_walk_A501_on,general32_high_watering_walk_A501,on,CONTROL_PREPLAY,first_raw_plus3,21,27,left_wrist_yaw_joint,8,7,8,1791366397851.139,1655360331993000,0,3.0,0.22350260615348816,0.2177591621875763,0.121759728,1.503301263,-0.03125,16.77832794189453,1.0681414604187012,0.004971582525378659,1.885566,unknown; numeric event only
20261007_174626_general32_high_watering_walk_A501_on,general32_high_watering_walk_A501,on,CONTROL_PREPLAY,largest_held_target_error,22,12,right_shoulder_pitch_joint,6,5,6,1791366397811.126,1655360291979000,0,-3.0,-1.115731954574585,-1.115731954574585,-0.043215115,-7.607010841,-9.0,14.250622749328613,0.9072228670120239,-8.38277868851604,1.979956,unknown; numeric event only
20261007_174626_general32_high_watering_walk_A501_on,general32_high_watering_walk_A501,on,CONTROL_PREPLAY,first_raw_minus3,22,12,right_shoulder_pitch_joint,5,4,5,1791366397791.034,1655360271888000,0,-3.0,-1.115731954574585,-0.7523778676986694,0.072732262,-3.710699558,-8.75,14.250622749328613,0.9072228670120239,-8.391901693356331,1.748739,unknown; numeric event only
20261007_174626_general32_high_watering_walk_A501_on,general32_high_watering_walk_A501,on,CONTROL_PREPLAY,largest_held_target_error,23,16,right_shoulder_roll_joint,6,5,6,1791366397811.126,1655360291979000,0,-3.0,-1.515731930732727,-1.506661295890808,-0.212600157,-2.001845121,-16.875,14.250622749328613,0.9072228670120239,-16.625057434911792,1.979956,unknown; numeric event only
20261007_174626_general32_high_watering_walk_A501_on,general32_high_watering_walk_A501,on,CONTROL_PREPLAY,first_raw_minus3,23,16,right_shoulder_roll_joint,6,5,6,1791366397811.126,1655360291979000,0,-3.0,-1.515731930732727,-1.506661295890808,-0.212600157,-2.001845121,-16.875,14.250622749328613,0.9072228670120239,-16.625057434911792,1.979956,unknown; numeric event only
20261007_174626_general32_high_watering_walk_A501_on,general32_high_watering_walk_A501,on,CONTROL_PREPLAY,largest_held_target_error,24,20,right_shoulder_yaw_joint,20,19,20,1791366398091.105,1655360571959000,0,-1.085481882,-0.4760677218437195,-0.5289552211761475,0.382033139,-11.00631237,-4.0625,14.250622749328613,0.9072228670120239,-2.9969731863584723,1.8134,unknown; numeric event only
20261007_174626_general32_high_watering_walk_A501_on,general32_high_watering_walk_A501,on,CONTROL_PREPLAY,largest_held_target_error,25,22,right_elbow_joint,6,5,6,1791366397811.126,1655360291979000,0,-3.0,-0.7157319188117981,-0.7157319188117981,0.505997956,-11.090681076,-8.4375,14.250622749328613,0.9072228670120239,-7.348692064642689,1.979956,unknown; numeric event only
20261007_174626_general32_high_watering_walk_A501_on,general32_high_watering_walk_A501,on,CONTROL_PREPLAY,first_raw_minus3,25,22,right_elbow_joint,5,4,5,1791366397791.034,1655360271888000,0,-3.0,-0.7157319188117981,-0.4882265627384186,0.714751184,-7.935282707,-10.75,14.250622749328613,0.9072228670120239,-9.944112116611109,1.748739,unknown; numeric event only
20261007_174626_general32_high_watering_walk_A501_on,general32_high_watering_walk_A501,on,CONTROL_PREPLAY,largest_held_target_error,26,24,right_wrist_roll_joint,7,6,7,1791366397831.133,1655360311986000,0,2.702690125,1.1853386163711548,1.0148365497589111,0.385208964,11.891419411,-0.5,14.250622749328613,0.9072228670120239,-1.8155824136690608,1.858428,unknown; numeric event only
20261007_174626_general32_high_watering_walk_A501_on,general32_high_watering_walk_A501,on,CONTROL_PREPLAY,largest_held_target_error,27,26,right_wrist_pitch_joint,14,13,14,1791366397971.099,1655360451953000,0,-1.471258879,-0.10961006581783295,-0.10301624238491058,-0.037930071,-1.092194319,0.106250003,16.77832794189453,1.0681414604187012,0.07458090697928754,1.817768,unknown; numeric event only
20261007_174626_general32_high_watering_walk_A501_on,general32_high_watering_walk_A501,on,CONTROL_PREPLAY,first_raw_minus3,27,26,right_wrist_pitch_joint,101,100,101,1791366399711.129,1655362191982000,0,-3.0,-0.22350260615348816,-0.2228718400001526,-0.198255032,-0.036815539,-0.331250012,16.77832794189453,1.0681414604187012,-0.3737046739156514,1.985716,unknown; numeric event only
20261007_174626_general32_high_watering_walk_A501_on,general32_high_watering_walk_A501,on,CONTROL_PREPLAY,largest_held_target_error,28,28,right_wrist_yaw_joint,18,17,18,1791366398051.039,1655360531892000,0,3.0,0.22350260615348816,0.20523111522197723,0.100703448,1.730330348,-0.0625,16.77832794189453,1.0681414604187012,-0.0944381052679657,1.751381,unknown; numeric event only
20261007_174626_general32_high_watering_walk_A501_on,general32_high_watering_walk_A501,on,CONTROL_PREPLAY,first_raw_plus3,28,28,right_wrist_yaw_joint,18,17,18,1791366398051.039,1655360531892000,0,3.0,0.22350260615348816,0.20523111522197723,0.100703448,1.730330348,-0.0625,16.77832794189453,1.0681414604187012,-0.0944381052679657,1.751381,unknown; numeric event only
20261007_174626_general32_high_watering_walk_A501_on,general32_high_watering_walk_A501,on,PLAY,largest_held_target_error,0,0,left_hip_pitch_joint,888,887,888,1791366415451.191,1655377932044000,549,1.165773034,0.09679168462753296,0.2694076895713806,-0.16993098,0.767944932,38.3203125,99.09842681884766,6.308801651000977,38.69295874032992,0.053468,unknown; numeric event only
20261007_174626_general32_high_watering_walk_A501_on,general32_high_watering_walk_A501,on,PLAY,largest_held_target_error,1,3,left_hip_roll_joint,564,563,564,1791366408971.139,1655371451992000,225,1.507279277,0.5285447835922241,0.5565630197525024,-0.104447044,0.405789047,62.138671875,99.09842681884766,6.308801651000977,62.945014819627474,1.98392,unknown; numeric event only
20261007_174626_general32_high_watering_walk_A501_on,general32_high_watering_walk_A501,on,PLAY,largest_held_target_error,2,6,left_hip_yaw_joint,544,543,544,1791366408571.159,1655371052012000,205,-0.04773818,-0.026138871908187866,-0.07335147261619568,0.203744307,0.071994834,-11.018288612,40.179237365722656,2.557889699935913,-11.317651946576296,2.016524,unknown; numeric event only
20261007_174626_general32_high_watering_walk_A501_on,general32_high_watering_walk_A501,on,PLAY,largest_held_target_error,3,9,left_knee_joint,887,886,887,1791366415431.107,1655377911960000,548,-0.35205549,0.5455477237701416,0.6971027851104736,0.082067974,4.886922359,32.16796875,99.09842681884766,6.308801651000977,30.11835837310228,1.968229,unknown; numeric event only
20261007_174626_general32_high_watering_walk_A501_on,general32_high_watering_walk_A501,on,PLAY,largest_held_target_error,4,13,left_ankle_pitch_joint,744,743,744,1791366412571.126,1655375051979000,405,3.0,0.9527319669723511,0.9527319669723511,-0.18112345,-0.000465285,31.905153275,28.501245498657227,1.8144457340240479,32.317135833494696,1.918784,unknown; numeric event only
20261007_174626_general32_high_watering_walk_A501_on,general32_high_watering_walk_A501,on,PLAY,first_raw_plus3,4,13,left_ankle_pitch_joint,423,422,423,1791366406151.109,1655368631962000,84,3.0,0.9527319669723511,0.9413906335830688,0.056893785,0.285657227,24.25044632,28.501245498657227,1.8144457340240479,24.690952287331402,1.946415,unknown; numeric event only
20261007_174626_general32_high_watering_walk_A501_on,general32_high_watering_walk_A501,on,PLAY,largest_held_target_error,5,17,left_ankle_roll_joint,885,884,885,1791366415391.153,1655377872006000,546,-1.136559486,-0.49846920371055603,-0.4730621576309204,-0.113344081,-1.894263625,-8.327788353,28.501245498657227,1.8144457340240479,-6.815374658864478,0.01284,unknown; numeric event only
20261007_174626_general32_high_watering_walk_A501_on,general32_high_watering_walk_A501,on,PLAY,largest_held_target_error,6,1,right_hip_pitch_joint,887,886,887,1791366415431.107,1655377911960000,548,-1.029137611,-0.6728789210319519,-0.785782516002655,-0.253166497,-1.250092149,-45.52734375,99.09842681884766,6.308801651000977,-44.89482616816602,1.968229,unknown; numeric event only
20261007_174626_general32_high_watering_walk_A501_on,general32_high_watering_walk_A501,on,PLAY,largest_held_target_error,7,4,right_hip_roll_joint,860,859,860,1791366414891.216,1655377372070000,521,-2.495135069,-0.874947726726532,-0.8991787433624268,-0.236761406,-1.412625909,-57.216796875,99.09842681884766,6.308801651000977,-56.73253936320041,1.834898,unknown; numeric event only
20261007_174626_general32_high_watering_walk_A501_on,general32_high_watering_walk_A501,on,PLAY,largest_held_target_error,8,7,right_hip_yaw_joint,465,464,465,1791366406991.037,1655369471890000,126,-0.245017588,-0.13415850698947906,-0.1083713248372078,-0.61127305,3.308334112,12.080965996,40.179237365722656,2.557889699935913,11.74385403791582,1.847708,unknown; numeric event only
20261007_174626_general32_high_watering_walk_A501_on,general32_high_watering_walk_A501,on,PLAY,largest_held_target_error,9,10,right_knee_joint,822,821,822,1791366414131.226,1655376612079000,483,-2.026467562,-0.04160408675670624,-0.07251180708408356,0.605504811,-0.341430038,-64.51171875,99.09842681884766,6.308801651000977,-65.0363658217324,0.092247,unknown; numeric event only
20261007_174626_general32_high_watering_walk_A501_on,general32_high_watering_walk_A501,on,PLAY,largest_held_target_error,10,14,right_ankle_pitch_joint,366,365,366,1791366405011.037,1655367491890000,27,2.636617899,0.7933607697486877,0.8013448715209961,-0.248757005,-0.191178039,30.146539688,28.501245498657227,1.8144457340240479,30.27609355862818,1.751364,unknown; numeric event only
20261007_174626_general32_high_watering_walk_A501_on,general32_high_watering_walk_A501,on,PLAY,largest_held_target_error,11,18,right_ankle_roll_joint,454,453,454,1791366406771.036,1655369251889000,115,0.719772518,0.31567588448524475,0.33656957745552063,0.000205643,0.967263579,8.095535278,28.501245498657227,1.8144457340240479,7.831743798217659,1.855214,unknown; numeric event only
20261007_174626_general32_high_watering_walk_A501_on,general32_high_watering_walk_A501,on,PLAY,largest_held_target_error,12,2,waist_yaw_joint,727,726,727,1791366412231.137,1655374711990000,388,0.375352472,0.20552292466163635,0.3443426191806793,-0.039894458,0.329119235,14.318181992,40.179237365722656,2.557889699935913,14.596502027496724,1.963058,unknown; numeric event only
20261007_174626_general32_high_watering_walk_A501_on,general32_high_watering_walk_A501,on,PLAY,largest_held_target_error,13,5,waist_roll_joint,879,878,879,1791366415271.039,1655377751892000,540,1.333878398,0.5850088000297546,0.5928117632865906,-0.309256464,-0.004479325,25.10178566,28.501245498657227,1.8144457340240479,25.718195494571198,1.880511,unknown; numeric event only
20261007_174626_general32_high_watering_walk_A501_on,general32_high_watering_walk_A501,on,PLAY,largest_held_target_error,14,8,waist_pitch_joint,625,624,625,1791366410191.039,1655372671892000,286,-1.425683737,-0.6252725720405579,-0.6425209045410156,-0.060778283,-0.142998919,-15.864109993,28.501245498657227,1.8144457340240479,-16.320925495023324,1.870569,unknown; numeric event only
20261007_174626_general32_high_watering_walk_A501_on,general32_high_watering_walk_A501,on,PLAY,largest_held_target_error,15,11,left_shoulder_pitch_joint,894,893,894,1791366415571.105,1655378051958000,555,1.65842557,0.9273478388786316,0.9748785495758057,0.477655262,-0.400368989,7.1875,14.250622749328613,0.9072228670120239,7.448965395487024,1.969034,unknown; numeric event only
20261007_174626_general32_high_watering_walk_A501_on,general32_high_watering_walk_A501,on,PLAY,largest_held_target_error,16,15,left_shoulder_roll_joint,718,717,718,1791366412051.174,1655374532027000,379,1.053052425,0.6618449091911316,0.8379859328269958,0.2404515,1.138213754,7.375,14.250622749328613,0.9072228670120239,7.482624236775158,1.87998,unknown; numeric event only
20261007_174626_general32_high_watering_walk_A501_on,general32_high_watering_walk_A501,on,PLAY,largest_held_target_error,17,19,left_shoulder_yaw_joint,718,717,718,1791366412051.174,1655374532027000,379,0.698351502,0.30628111958503723,0.34530964493751526,0.156370178,0.690291405,2.3125,14.250622749328613,0.9072228670120239,2.0662569182679187,1.87998,unknown; numeric event only
20261007_174626_general32_high_watering_walk_A501_on,general32_high_watering_walk_A501,on,PLAY,largest_held_target_error,18,21,left_elbow_joint,721,720,721,1791366412111.204,1655374592057000,382,-1.227245569,0.06175793334841728,0.009429802186787128,0.392603219,-2.804116964,-3.375,14.250622749328613,0.9072228670120239,-2.9165007790592146,1.521106,unknown; numeric event only
20261007_174626_general32_high_watering_walk_A501_on,general32_high_watering_walk_A501,on,PLAY,largest_held_target_error,19,23,left_wrist_roll_joint,350,349,350,1791366404691.146,1655367171999000,11,-0.586342275,-0.2571564316749573,-0.21048368513584137,-0.022817966,-3.578777313,0.0,14.250622749328613,0.9072228670120239,0.5723952479111123,0.003078,unknown; numeric event only
20261007_174626_general32_high_watering_walk_A501_on,general32_high_watering_walk_A501,on,PLAY,largest_held_target_error,20,25,left_wrist_pitch_joint,352,351,352,1791366404731.195,1655367212048000,13,-3.0,-0.22350260615348816,-0.20968368649482727,-0.12187957,-1.270136118,-0.137500003,16.77832794189453,1.0681414604187012,-0.11652121318746311,0.024448,unknown; numeric event only
20261007_174626_general32_high_watering_walk_A501_on,general32_high_watering_walk_A501,on,PLAY,first_raw_minus3,20,25,left_wrist_pitch_joint,352,351,352,1791366404731.195,1655367212048000,13,-3.0,-0.22350260615348816,-0.20968368649482727,-0.12187957,-1.270136118,-0.137500003,16.77832794189453,1.0681414604187012,-0.11652121318746311,0.024448,unknown; numeric event only
20261007_174626_general32_high_watering_walk_A501_on,general32_high_watering_walk_A501,on,PLAY,largest_held_target_error,21,27,left_wrist_yaw_joint,895,894,895,1791366415591.068,1655378071922000,556,2.891483307,0.2154180258512497,0.1988343745470047,0.137590885,0.846757412,0.087499999,16.77832794189453,1.0681414604187012,0.12310665325159487,1.929688,unknown; numeric event only
20261007_174626_general32_high_watering_walk_A501_on,general32_high_watering_walk_A501,on,PLAY,first_raw_plus3,21,27,left_wrist_yaw_joint,340,339,340,1791366404491.175,1655366972028000,1,3.0,0.22350260615348816,0.22214096784591675,0.213079527,0.0,0.131249994,16.77832794189453,1.0681414604187012,0.15203582613886954,0.020198,unknown; numeric event only
20261007_174626_general32_high_watering_walk_A501_on,general32_high_watering_walk_A501,on,PLAY,largest_held_target_error,22,12,right_shoulder_pitch_joint,654,653,654,1791366410771.125,1655373251978000,315,-3.0,-1.115731954574585,-1.115731954574585,-0.416895241,0.010737866,-9.75,14.250622749328613,0.9072228670120239,-9.968600006110137,1.975593,unknown; numeric event only
20261007_174626_general32_high_watering_walk_A501_on,general32_high_watering_walk_A501,on,PLAY,first_raw_minus3,22,12,right_shoulder_pitch_joint,339,338,339,1791366404471.199,1655366952053000,0,-3.0,-1.115731954574585,-1.115731954574585,-0.928058386,0.010737866,-2.5,14.250622749328613,0.9072228670120239,-2.6842068633547744,0.05765,unknown; numeric event only
20261007_174626_general32_high_watering_walk_A501_on,general32_high_watering_walk_A501,on,PLAY,largest_held_target_error,23,16,right_shoulder_roll_joint,631,630,631,1791366410311.099,1655372791952000,292,-3.0,-1.515731930732727,-1.515731930732727,-0.883932471,0.0,-9.0625,14.250622749328613,0.9072228670120239,-9.003535753880726,1.770537,unknown; numeric event only
20261007_174626_general32_high_watering_walk_A501_on,general32_high_watering_walk_A501,on,PLAY,first_raw_minus3,23,16,right_shoulder_roll_joint,339,338,339,1791366404471.199,1655366952053000,0,-3.0,-1.515731930732727,-1.515731930732727,-1.324484587,0.0,-2.8125,14.250622749328613,0.9072228670120239,-2.72539374734627,0.05765,unknown; numeric event only
20261007_174626_general32_high_watering_walk_A501_on,general32_high_watering_walk_A501,on,PLAY,largest_held_target_error,24,20,right_shoulder_yaw_joint,723,722,723,1791366412151.139,1655374631993000,384,-1.388493538,-0.6089617609977722,-0.7495657801628113,0.058375161,-8.347924232,-4.6875,14.250622749328613,0.9072228670120239,-3.9402338008945392,2.003003,unknown; numeric event only
20261007_174626_general32_high_watering_walk_A501_on,general32_high_watering_walk_A501,on,PLAY,largest_held_target_error,25,22,right_elbow_joint,722,721,722,1791366412131.117,1655374611971000,383,-3.0,-0.7157319188117981,-0.7157319188117981,0.518042088,-8.528933525,-10.6875,14.250622749328613,0.9072228670120239,-9.84440440389706,1.96306,unknown; numeric event only
20261007_174626_general32_high_watering_walk_A501_on,general32_high_watering_walk_A501,on,PLAY,first_raw_minus3,25,22,right_elbow_joint,639,638,639,1791366410471.033,1655372951887000,300,-3.0,-0.7157319188117981,-0.6667004823684692,-0.452811956,0.01840777,-2.875,14.250622749328613,0.9072228670120239,-3.0647446495615784,1.417131,unknown; numeric event only
20261007_174626_general32_high_watering_walk_A501_on,general32_high_watering_walk_A501,on,PLAY,largest_held_target_error,26,24,right_wrist_roll_joint,341,340,341,1791366404511.175,1655366992028000,2,1.364423871,0.5984053611755371,0.6550658941268921,0.936926723,-5.079010487,-0.125,14.250622749328613,0.9072228670120239,0.591102115516545,0.036314,unknown; numeric event only
20261007_174626_general32_high_watering_walk_A501_on,general32_high_watering_walk_A501,on,PLAY,first_raw_plus3,26,24,right_wrist_roll_joint,532,531,532,1791366408331.034,1655370811887000,193,3.0,1.3157318830490112,1.3066738843917847,1.158431172,0.997087538,1.125,14.250622749328613,0.9072228670120239,1.2079703547462248,1.642061,unknown; numeric event only
20261007_174626_general32_high_watering_walk_A501_on,general32_high_watering_walk_A501,on,PLAY,largest_held_target_error,27,26,right_wrist_pitch_joint,650,649,650,1791366410691.188,1655373172042000,311,-0.467416763,-0.03482295572757721,-0.032626960426568985,0.146099687,-0.073631078,-2.862499952,16.77832794189453,1.0681414604187012,-2.920085895291211,0.053449,unknown; numeric event only
20261007_174626_general32_high_watering_walk_A501_on,general32_high_watering_walk_A501,on,PLAY,first_raw_minus3,27,26,right_wrist_pitch_joint,526,525,526,1791366408211.034,1655370691887000,187,-3.0,-0.22350260615348816,-0.2125914990901947,-0.181800693,-0.785398185,0.349999994,16.77832794189453,1.0681414604187012,0.32229812215952747,1.888109,unknown; numeric event only
20261007_174626_general32_high_watering_walk_A501_on,general32_high_watering_walk_A501,on,PLAY,largest_held_target_error,28,28,right_wrist_yaw_joint,933,932,933,1791366416351.098,1655378831952000,594,0.626750529,0.046693459153175354,0.06563232839107513,0.130939648,-0.816077828,-0.193749994,16.77832794189453,1.0681414604187012,-0.22406106238941892,1.822679,unknown; numeric event only
20261007_174626_general32_high_watering_walk_A501_on,general32_high_watering_walk_A501,on,PLAY,first_raw_plus3,28,28,right_wrist_yaw_joint,339,338,339,1791366404471.199,1655366952053000,0,3.0,0.22350260615348816,0.22350260615348816,0.218580291,-0.01840777,0.09375,16.77832794189453,1.0681414604187012,0.10225032020943264,0.05765,unknown; numeric event only
20261007_174626_general32_high_watering_walk_A501_on,general32_high_watering_walk_A501,on,PLAY,first_raw_minus3,28,28,right_wrist_yaw_joint,952,951,952,1791366416731.033,1655379211887000,613,-3.0,-0.22350260615348816,-0.22246602177619934,-0.164471507,-0.840621531,-0.0625,16.77832794189453,1.0681414604187012,-0.0751482779643764,1.89666,unknown; numeric event only
20261007_174626_general32_high_watering_walk_A501_on,general32_high_watering_walk_A501,on,FINAL_HOLD,largest_held_target_error,0,0,left_hip_pitch_joint,1698,1697,1698,1791366431651.092,1655394131945000,764,0.62010175,-0.09455420821905136,-0.0935659259557724,-0.147611558,0.003272493,5.009765625,99.09842681884766,6.308801651000977,5.3351916027719675,1.804755,unknown; numeric event only
20261007_174626_general32_high_watering_walk_A501_on,general32_high_watering_walk_A501,on,FINAL_HOLD,largest_held_target_error,1,3,left_hip_roll_joint,1131,1130,1131,1791366420311.035,1655382791888000,764,-0.417769611,-0.14649569988250732,-0.14747130870819092,0.159150511,-0.033815756,-30.234375,99.09842681884766,6.308801651000977,-30.172403064131412,1.877263,unknown; numeric event only
20261007_174626_general32_high_watering_walk_A501_on,general32_high_watering_walk_A501,on,FINAL_HOLD,largest_held_target_error,2,6,left_hip_yaw_joint,1124,1123,1124,1791366420171.137,1655382651990000,764,-0.054953381,-0.03008952923119068,-0.027167797088623047,-0.103104204,-0.054853205,3.355823994,40.179237365722656,2.557889699935913,3.1913753660702904,1.979398,unknown; numeric event only
20261007_174626_general32_high_watering_walk_A501_on,general32_high_watering_walk_A501,on,FINAL_HOLD,largest_held_target_error,3,9,left_knee_joint,1697,1696,1697,1791366431631.107,1655394111961000,764,-1.262169242,0.22640588879585266,0.2270679920911789,0.171345651,0.003272493,5.09765625,99.09842681884766,6.308801651000977,5.5013508315577715,1.831724,unknown; numeric event only
20261007_174626_general32_high_watering_walk_A501_on,general32_high_watering_walk_A501,on,FINAL_HOLD,largest_held_target_error,4,13,left_ankle_pitch_joint,1697,1696,1697,1791366431631.107,1655394111961000,764,1.387668729,0.24560002982616425,0.24786223471164703,-0.1381329,-0.005847644,10.817842484,28.501245498657227,1.8144457340240479,11.011952328413813,1.831724,unknown; numeric event only
20261007_174626_general32_high_watering_walk_A501_on,general32_high_watering_walk_A501,on,FINAL_HOLD,largest_held_target_error,5,17,left_ankle_roll_joint,1133,1132,1133,1791366420351.037,1655382831890000,764,-0.500592053,-0.2195483148097992,-0.22065772116184235,-0.142625809,-0.003474837,-2.451828003,28.501245498657227,1.8144457340240479,-2.2177017820832465,1.62658,unknown; numeric event only
20261007_174626_general32_high_watering_walk_A501_on,general32_high_watering_walk_A501,on,FINAL_HOLD,largest_held_target_error,6,1,right_hip_pitch_joint,1113,1112,1113,1791366419951.034,1655382431887000,764,0.700688124,-0.06629567593336105,-0.030816368758678436,-0.103731185,0.040360741,7.20703125,99.09842681884766,6.308801651000977,6.971115671843908,1.887763,unknown; numeric event only
20261007_174626_general32_high_watering_walk_A501_on,general32_high_watering_walk_A501,on,FINAL_HOLD,largest_held_target_error,7,4,right_hip_roll_joint,1135,1134,1135,1791366420391.07,1655382871923000,764,0.315377176,0.1105906218290329,0.11194111406803131,-0.12628071,-0.025089111,23.203125,99.09842681884766,6.308801651000977,23.765690223957147,1.779045,unknown; numeric event only
20261007_174626_general32_high_watering_walk_A501_on,general32_high_watering_walk_A501,on,FINAL_HOLD,largest_held_target_error,8,7,right_hip_yaw_joint,1114,1113,1114,1791366419971.033,1655382451886000,764,-0.846188188,-0.4633273482322693,-0.4548291862010956,-0.509909809,0.001714163,2.293146372,40.179237365722656,2.557889699935913,2.2087127778073063,1.875151,unknown; numeric event only
20261007_174626_general32_high_watering_walk_A501_on,general32_high_watering_walk_A501,on,FINAL_HOLD,largest_held_target_error,9,10,right_knee_joint,1113,1112,1113,1791366419951.034,1655382431887000,764,-1.280769706,0.21988341212272644,0.2320270538330078,0.140129149,0.017453294,9.228515625,99.09842681884766,6.308801651000977,8.996828426896645,1.887763,unknown; numeric event only
20261007_174626_general32_high_watering_walk_A501_on,general32_high_watering_walk_A501,on,FINAL_HOLD,largest_held_target_error,10,14,right_ankle_pitch_joint,1150,1149,1150,1791366420691.033,1655383171886000,764,1.314289927,0.21341773867607117,0.21421845257282257,-0.05093113,-0.001635679,7.462833881,28.501245498657227,1.8144457340240479,7.5600611975582845,1.876356,unknown; numeric event only
20261007_174626_general32_high_watering_walk_A501_on,general32_high_watering_walk_A501,on,FINAL_HOLD,largest_held_target_error,11,18,right_ankle_roll_joint,1129,1128,1129,1791366420271.037,1655382751891000,764,0.308101475,0.13512632250785828,0.1357172578573227,0.077366695,0.006257586,1.310772181,28.501245498657227,1.8144457340240479,1.6517096667583955,1.893896,unknown; numeric event only
20261007_174626_general32_high_watering_walk_A501_on,general32_high_watering_walk_A501,on,FINAL_HOLD,largest_held_target_error,12,2,waist_yaw_joint,1106,1105,1106,1791366419811.167,1655382292021000,764,0.112244986,0.06145934388041496,0.05883129686117172,0.093502216,0.023998279,-1.621981502,40.179237365722656,2.557889699935913,-1.4544360404370462,2.033176,unknown; numeric event only
20261007_174626_general32_high_watering_walk_A501_on,general32_high_watering_walk_A501,on,FINAL_HOLD,largest_held_target_error,13,5,waist_roll_joint,1903,1902,1903,1791366435751.141,1655398231994000,764,-0.115870774,-0.050818294286727905,-0.051381438970565796,0.057165157,-0.001869401,-3.295554638,28.501245498657227,1.8144457340240479,-3.0903212531310222,1.940508,unknown; numeric event only
20261007_174626_general32_high_watering_walk_A501_on,general32_high_watering_walk_A501,on,FINAL_HOLD,largest_held_target_error,14,8,waist_pitch_joint,1106,1105,1106,1791366419811.167,1655382292021000,764,-0.302356035,-0.13260649144649506,-0.15362070500850677,0.015318545,-0.058037218,-4.5046134,28.501245498657227,1.8144457340240479,-4.709673656236758,2.033176,unknown; numeric event only
20261007_174626_general32_high_watering_walk_A501_on,general32_high_watering_walk_A501,on,FINAL_HOLD,largest_held_target_error,15,11,left_shoulder_pitch_joint,1119,1118,1119,1791366420071.035,1655382551888000,764,0.295886159,0.32976895570755005,0.3303849399089813,0.200699821,-0.118116528,1.75,14.250622749328613,0.9072228670120239,1.9552517209473814,1.897218,unknown; numeric event only
20261007_174626_general32_high_watering_walk_A501_on,general32_high_watering_walk_A501,on,FINAL_HOLD,largest_held_target_error,16,15,left_shoulder_roll_joint,1123,1122,1123,1791366420151.156,1655382632009000,764,0.449407637,0.3971000015735626,0.39822739362716675,0.244394302,-0.012271847,2.0,14.250622749328613,0.9072228670120239,2.2033506553605284,0.005419,unknown; numeric event only
20261007_174626_general32_high_watering_walk_A501_on,general32_high_watering_walk_A501,on,FINAL_HOLD,largest_held_target_error,17,19,left_shoulder_yaw_joint,1105,1104,1105,1791366419791.116,1655382271970000,764,-0.058171906,-0.025512877851724625,-0.04293564707040787,-0.146087706,0.615126312,1.0625,14.250622749328613,0.9072228670120239,0.9119244212749589,1.970064,unknown; numeric event only
20261007_174626_general32_high_watering_walk_A501_on,general32_high_watering_walk_A501,on,FINAL_HOLD,largest_held_target_error,18,21,left_elbow_joint,1119,1118,1119,1791366420071.035,1655382551888000,764,1.367423058,1.1997207403182983,1.199019193649292,1.12306571,0.509281635,0.5,14.250622749328613,0.9072228670120239,0.6203524969620868,1.897218,unknown; numeric event only
20261007_174626_general32_high_watering_walk_A501_on,general32_high_watering_walk_A501,on,FINAL_HOLD,largest_held_target_error,19,23,left_wrist_roll_joint,1115,1114,1115,1791366419991.038,1655382471891000,764,0.037545487,0.016466598957777023,0.019252529367804527,0.088791125,-1.3422333,-0.0625,14.250622749328613,0.9072228670120239,0.22673644975248197,1.894262,unknown; numeric event only
20261007_174626_general32_high_watering_walk_A501_on,general32_high_watering_walk_A501,on,FINAL_HOLD,largest_held_target_error,20,25,left_wrist_pitch_joint,1110,1109,1110,1791366419891.038,1655382371891000,764,-0.865062296,-0.06444789469242096,-0.07755550742149353,-0.124599993,0.822213709,-0.068750001,16.77832794189453,1.0681414604187012,-0.08891274501362756,1.887359,unknown; numeric event only
20261007_174626_general32_high_watering_walk_A501_on,general32_high_watering_walk_A501,on,FINAL_HOLD,first_raw_minus3,20,25,left_wrist_pitch_joint,1135,1134,1135,1791366420391.07,1655382871923000,764,-3.0,-0.22350260615348816,-0.22335883975028992,-0.20880115,-0.042951465,-0.1875,16.77832794189453,1.0681414604187012,-0.19837545215449837,1.779045,unknown; numeric event only
20261007_174626_general32_high_watering_walk_A501_on,general32_high_watering_walk_A501,on,FINAL_HOLD,largest_held_target_error,21,27,left_wrist_yaw_joint,1111,1110,1111,1791366419911.163,1655382392016000,764,1.412270784,0.1052154004573822,0.09783846884965897,0.069820099,0.355883569,0.0625,16.77832794189453,1.0681414604187012,0.08996740260418873,0.004976,unknown; numeric event only
20261007_174626_general32_high_watering_walk_A501_on,general32_high_watering_walk_A501,on,FINAL_HOLD,largest_held_target_error,22,12,right_shoulder_pitch_joint,1106,1105,1106,1791366419811.167,1655382292021000,764,-0.247745574,0.09134440869092941,0.11415602266788483,-0.013314474,0.268446654,1.75,14.250622749328613,0.9072228670120239,1.5729930166019117,2.033176,unknown; numeric event only
20261007_174626_general32_high_watering_walk_A501_on,general32_high_watering_walk_A501,on,FINAL_HOLD,largest_held_target_error,23,16,right_shoulder_roll_joint,1885,1884,1885,1791366435391.035,1655397871888000,764,-0.585467339,-0.45677268505096436,-0.4577474296092987,-0.315748394,-0.004601942,-2.125,14.250622749328613,0.9072228670120239,-2.019399700221533,1.714042,unknown; numeric event only
20261007_174626_general32_high_watering_walk_A501_on,general32_high_watering_walk_A501,on,FINAL_HOLD,largest_held_target_error,24,20,right_shoulder_yaw_joint,1113,1112,1113,1791366419951.034,1655382431887000,764,0.35024637,0.15361011028289795,0.10490947961807251,0.151816159,-0.012271847,-0.4375,14.250622749328613,0.9072228670120239,-0.6573160920766865,1.887763,unknown; numeric event only
20261007_174626_general32_high_watering_walk_A501_on,general32_high_watering_walk_A501,on,FINAL_HOLD,largest_held_target_error,25,22,right_elbow_joint,1114,1113,1114,1791366419971.033,1655382451886000,764,1.383554816,1.2067958116531372,1.1871826648712158,1.303668022,-0.714835048,-0.875,14.250622749328613,0.9072228670120239,-1.0114741785758834,1.875151,unknown; numeric event only
20261007_174626_general32_high_watering_walk_A501_on,general32_high_watering_walk_A501,on,FINAL_HOLD,largest_held_target_error,26,24,right_wrist_roll_joint,1105,1104,1105,1791366419791.116,1655382271970000,764,0.034241449,0.015017522498965263,0.034797899425029755,0.099253356,-0.857495308,-0.375,14.250622749328613,0.9072228670120239,-0.1405910440125151,1.970064,unknown; numeric event only
20261007_174626_general32_high_watering_walk_A501_on,general32_high_watering_walk_A501,on,FINAL_HOLD,largest_held_target_error,27,26,right_wrist_pitch_joint,1120,1119,1120,1791366420091.042,1655382571895000,764,-3.0,-0.22350260615348816,-0.22038932144641876,-0.174550235,-0.595184565,-0.106250003,16.77832794189453,1.0681414604187012,-0.13336191447709744,1.883328,unknown; numeric event only
20261007_174626_general32_high_watering_walk_A501_on,general32_high_watering_walk_A501,on,FINAL_HOLD,first_raw_minus3,27,26,right_wrist_pitch_joint,1120,1119,1120,1791366420091.042,1655382571895000,764,-3.0,-0.22350260615348816,-0.22038932144641876,-0.174550235,-0.595184565,-0.106250003,16.77832794189453,1.0681414604187012,-0.13336191447709744,1.883328,unknown; numeric event only
20261007_174626_general32_high_watering_walk_A501_on,general32_high_watering_walk_A501,on,FINAL_HOLD,largest_held_target_error,28,28,right_wrist_yaw_joint,1206,1205,1206,1791366421811.109,1655384291962000,764,0.922446012,0.06872303038835526,0.06643036007881165,0.041333593,0.042951465,0.375,16.77832794189453,1.0681414604187012,0.3752035477774215,1.791391,unknown; numeric event only
20261007_174737_general32_high_watering_walk_A501_off,general32_high_watering_walk_A501,off,CONTROL_PREPLAY,largest_held_target_error,0,0,left_hip_pitch_joint,10,9,10,1791366464238.257,1655426719110000,0,-0.313446105,-0.4219134747982025,-0.591711163520813,-0.255118042,-0.413424879,-30.673828125,99.09842681884766,6.308801651000977,-30.747633261557706,0.115158,unknown; numeric event only
20261007_174737_general32_high_watering_walk_A501_off,general32_high_watering_walk_A501,off,CONTROL_PREPLAY,largest_held_target_error,1,3,left_hip_roll_joint,10,9,10,1791366464238.257,1655426719110000,0,0.483625561,0.1695888489484787,-0.14044710993766785,0.20375526,-1.650427103,-24.609375,99.09842681884766,6.308801651000977,-23.697696135878743,0.115158,unknown; numeric event only
20261007_174737_general32_high_watering_walk_A501_off,general32_high_watering_walk_A501,off,CONTROL_PREPLAY,largest_held_target_error,2,6,left_hip_yaw_joint,10,9,10,1791366464238.257,1655426719110000,0,0.478322178,0.2619036138057709,0.7229706645011902,0.279221028,4.165415287,7.998046875,40.179237365722656,2.557889699935913,7.174849117361573,0.115158,unknown; numeric event only
20261007_174737_general32_high_watering_walk_A501_off,general32_high_watering_walk_A501,off,CONTROL_PREPLAY,largest_held_target_error,3,9,left_knee_joint,11,10,11,1791366464258.186,1655426739039000,0,-1.053882122,0.29944413900375366,0.36210522055625916,0.940108657,-6.025749207,-22.939453125,99.09842681884766,6.308801651000977,-19.263974701823095,0.134241,unknown; numeric event only
20261007_174737_general32_high_watering_walk_A501_off,general32_high_watering_walk_A501,off,CONTROL_PREPLAY,largest_held_target_error,4,13,left_ankle_pitch_joint,7,6,7,1791366464178.119,1655426658973000,0,3.0,0.9527319669723511,0.9426606893539429,-0.661975205,1.952316403,36.517288208,28.501245498657227,1.8144457340240479,42.1917493920506,0.044095,unknown; numeric event only
20261007_174737_general32_high_watering_walk_A501_off,general32_high_watering_walk_A501,off,CONTROL_PREPLAY,first_raw_plus3,4,13,left_ankle_pitch_joint,7,6,7,1791366464178.119,1655426658973000,0,3.0,0.9527319669723511,0.9426606893539429,-0.661975205,1.952316403,36.517288208,28.501245498657227,1.8144457340240479,42.1917493920506,0.044095,unknown; numeric event only
20261007_174737_general32_high_watering_walk_A501_off,general32_high_watering_walk_A501,off,CONTROL_PREPLAY,largest_held_target_error,5,17,left_ankle_roll_joint,7,6,7,1791366464178.119,1655426658973000,0,0.720887661,0.3161649703979492,0.29546502232551575,0.079278916,0.831386209,5.37381649,28.501245498657227,1.8144457340240479,4.653068129535862,0.044095,unknown; numeric event only
20261007_174737_general32_high_watering_walk_A501_off,general32_high_watering_walk_A501,off,CONTROL_PREPLAY,largest_held_target_error,6,1,right_hip_pitch_joint,7,6,7,1791366464178.119,1655426658973000,0,0.464064091,-0.14927060902118683,-0.04329369217157364,-0.304060549,1.618793011,16.611328125,99.09842681884766,6.308801651000977,15.628941257767092,0.044095,unknown; numeric event only
20261007_174737_general32_high_watering_walk_A501_off,general32_high_watering_walk_A501,off,CONTROL_PREPLAY,largest_held_target_error,7,4,right_hip_roll_joint,10,9,10,1791366464238.257,1655426719110000,0,-0.622002065,-0.21811215579509735,-0.2581339180469513,-0.018544123,-2.551453352,-9.228515625,99.09842681884766,6.308801651000977,-7.64635865145344,0.115158,unknown; numeric event only
20261007_174737_general32_high_watering_walk_A501_off,general32_high_watering_walk_A501,off,CONTROL_PREPLAY,largest_held_target_error,8,7,right_hip_yaw_joint,10,9,10,1791366464238.257,1655426719110000,0,0.684943855,0.37503859400749207,0.405608206987381,0.078101538,2.583243132,7.047230244,40.179237365722656,2.557889699935913,6.551317192328151,0.115158,unknown; numeric event only
20261007_174737_general32_high_watering_walk_A501_off,general32_high_watering_walk_A501,off,CONTROL_PREPLAY,largest_held_target_error,9,10,right_knee_joint,44,43,44,1791366464918.265,1655427399119000,0,-1.411127448,0.17417198419570923,0.12887580692768097,0.619506657,-0.017453294,-47.98828125,99.09842681884766,6.308801651000977,-48.51063602095812,0.209688,unknown; numeric event only
20261007_174737_general32_high_watering_walk_A501_off,general32_high_watering_walk_A501,off,CONTROL_PREPLAY,largest_held_target_error,10,14,right_ankle_pitch_joint,6,5,6,1791366464158.168,1655426639021000,0,3.0,0.9527319669723511,0.9527319669723511,-0.483675361,0.769727111,37.242347717,28.501245498657227,1.8144457340240479,39.54276981769362,0.094663,unknown; numeric event only
20261007_174737_general32_high_watering_walk_A501_off,general32_high_watering_walk_A501,off,CONTROL_PREPLAY,first_raw_plus3,10,14,right_ankle_pitch_joint,5,4,5,1791366464138.226,1655426619080000,0,3.0,0.9527319669723511,0.7726371884346008,-0.510223389,1.540893316,29.40678215,28.501245498657227,1.8144457340240479,33.76725695421036,0.113096,unknown; numeric event only
20261007_174737_general32_high_watering_walk_A501_off,general32_high_watering_walk_A501,off,CONTROL_PREPLAY,largest_held_target_error,11,18,right_ankle_roll_joint,10,9,10,1791366464238.257,1655426719110000,0,-0.070870712,-0.031082287430763245,-0.16043135523796082,0.012205014,-0.117395662,-5.081227303,28.501245498657227,1.8144457340240479,-4.707343483539129,0.115158,unknown; numeric event only
20261007_174737_general32_high_watering_walk_A501_off,general32_high_watering_walk_A501,off,CONTROL_PREPLAY,largest_held_target_error,12,2,waist_yaw_joint,6,5,6,1791366464158.168,1655426639021000,0,-2.621900082,-1.4356120824813843,-1.428594946861267,-0.18115218,-10.6980896,-25.727983475,40.179237365722656,2.557889699935913,-22.756765833041168,0.094663,unknown; numeric event only
20261007_174737_general32_high_watering_walk_A501_off,general32_high_watering_walk_A501,off,CONTROL_PREPLAY,largest_held_target_error,13,5,waist_roll_joint,8,7,8,1791366464198.287,1655426679140000,0,-2.114365816,-0.9273128509521484,-1.222433090209961,0.044632584,-4.387450695,-30.930187225,28.501245498657227,1.8144457340240479,-28.15215864679613,0.233953,unknown; numeric event only
20261007_174737_general32_high_watering_walk_A501_off,general32_high_watering_walk_A501,off,CONTROL_PREPLAY,largest_held_target_error,14,8,waist_pitch_joint,9,8,9,1791366464218.29,1655426699143000,0,-1.018694043,-0.4467760920524597,-0.7170397043228149,0.041565314,-2.701477766,-12.964524269,28.501245498657227,1.8144457340240479,-16.719503055652396,0.091048,unknown; numeric event only
20261007_174737_general32_high_watering_walk_A501_off,general32_high_watering_walk_A501,off,CONTROL_PREPLAY,largest_held_target_error,15,11,left_shoulder_pitch_joint,13,12,13,1791366464298.119,1655426778972000,0,-0.776987672,-0.14076916873455048,-0.5101190805435181,0.767709494,-0.601320505,-17.8125,14.250622749328613,0.9072228670120239,-17.66432124159279,0.064219,unknown; numeric event only
20261007_174737_general32_high_watering_walk_A501_off,general32_high_watering_walk_A501,off,CONTROL_PREPLAY,first_raw_plus3,15,11,left_shoulder_pitch_joint,7,6,7,1791366464178.119,1655426658973000,0,3.0,1.515731930732727,1.3258538246154785,0.325108051,7.047108173,8.3125,14.250622749328613,0.9072228670120239,7.867952806926275,0.044095,unknown; numeric event only
20261007_174737_general32_high_watering_walk_A501_off,general32_high_watering_walk_A501,off,CONTROL_PREPLAY,largest_held_target_error,16,15,left_shoulder_roll_joint,14,13,14,1791366464318.187,1655426799040000,0,0.689228356,0.5022799372673035,0.742229700088501,0.03384345,3.136990786,7.4375,14.250622749328613,0.9072228670120239,7.248995436157558,0.134645,unknown; numeric event only
20261007_174737_general32_high_watering_walk_A501_off,general32_high_watering_walk_A501,off,CONTROL_PREPLAY,largest_held_target_error,17,19,left_shoulder_yaw_joint,8,7,8,1791366464198.287,1655426679140000,0,0.659051716,0.289045125246048,0.26528415083885193,0.079215728,3.302660704,0.1875,14.250622749328613,0.9072228670120239,-0.34465841321179,0.233953,unknown; numeric event only
20261007_174737_general32_high_watering_walk_A501_off,general32_high_watering_walk_A501,off,CONTROL_PREPLAY,largest_held_target_error,18,21,left_elbow_joint,13,12,13,1791366464298.119,1655426778972000,0,-1.393329382,-0.011082657612860203,-0.12065713852643967,0.961770058,-9.320467949,-8.0625,14.250622749328613,0.9072228670120239,-6.969519976726216,0.064219,unknown; numeric event only
20261007_174737_general32_high_watering_walk_A501_off,general32_high_watering_walk_A501,off,CONTROL_PREPLAY,largest_held_target_error,19,23,left_wrist_roll_joint,14,13,14,1791366464318.187,1655426799040000,0,0.46192944,0.20259177684783936,0.16553010046482086,-0.018204039,3.210621834,-0.0625,14.250622749328613,0.9072228670120239,-0.2944236374471898,0.134645,unknown; numeric event only
20261007_174737_general32_high_watering_walk_A501_off,general32_high_watering_walk_A501,off,CONTROL_PREPLAY,largest_held_target_error,20,25,left_wrist_pitch_joint,18,17,18,1791366464398.275,1655426879128000,0,2.376444817,0.17704720795154572,0.15618595480918884,0.068681598,0.82834965,0.581250012,16.77832794189453,1.0681414604187012,0.5833821900008022,0.096464,unknown; numeric event only
20261007_174737_general32_high_watering_walk_A501_off,general32_high_watering_walk_A501,off,CONTROL_PREPLAY,first_raw_plus3,20,25,left_wrist_pitch_joint,33,32,33,1791366464698.119,1655427178972000,0,3.0,0.22350260615348816,0.2171446979045868,0.18760106,0.435650557,-0.043749999,16.77832794189453,1.0681414604187012,0.03035642317354259,0.055705,unknown; numeric event only
20261007_174737_general32_high_watering_walk_A501_off,general32_high_watering_walk_A501,off,CONTROL_PREPLAY,largest_held_target_error,21,27,left_wrist_yaw_joint,7,6,7,1791366464178.119,1655426658973000,0,3.0,0.22350260615348816,0.20816317200660706,0.106659606,1.386718631,0.193749994,16.77832794189453,1.0681414604187012,0.2218484540244292,0.044095,unknown; numeric event only
20261007_174737_general32_high_watering_walk_A501_off,general32_high_watering_walk_A501,off,CONTROL_PREPLAY,first_raw_plus3,21,27,left_wrist_yaw_joint,7,6,7,1791366464178.119,1655426658973000,0,3.0,0.22350260615348816,0.20816317200660706,0.106659606,1.386718631,0.193749994,16.77832794189453,1.0681414604187012,0.2218484540244292,0.044095,unknown; numeric event only
20261007_174737_general32_high_watering_walk_A501_off,general32_high_watering_walk_A501,off,CONTROL_PREPLAY,largest_held_target_error,22,12,right_shoulder_pitch_joint,6,5,6,1791366464158.168,1655426639021000,0,-3.0,-1.115731954574585,-1.115731954574585,0.000898817,-6.510214806,-10.5,14.250622749328613,0.9072228670120239,-10.006468134837695,0.094663,unknown; numeric event only
20261007_174737_general32_high_watering_walk_A501_off,general32_high_watering_walk_A501,off,CONTROL_PREPLAY,first_raw_minus3,22,12,right_shoulder_pitch_joint,5,4,5,1791366464138.226,1655426619080000,0,-3.0,-1.115731954574585,-0.6971567869186401,0.098905809,-2.506524801,-9.3125,14.250622749328613,0.9072228670120239,-9.070411123087801,0.113096,unknown; numeric event only
20261007_174737_general32_high_watering_walk_A501_off,general32_high_watering_walk_A501,off,CONTROL_PREPLAY,largest_held_target_error,23,16,right_shoulder_roll_joint,6,5,6,1791366464158.168,1655426639021000,0,-3.0,-1.515731930732727,-1.515731930732727,-0.245964244,-1.886796474,-16.625,14.250622749328613,0.9072228670120239,-16.383235376305308,0.094663,unknown; numeric event only
20261007_174737_general32_high_watering_walk_A501_off,general32_high_watering_walk_A501,off,CONTROL_PREPLAY,first_raw_minus3,23,16,right_shoulder_roll_joint,5,4,5,1791366464138.226,1655426619080000,0,-3.0,-1.515731930732727,-0.7174261808395386,-0.205325738,-1.42813623,-6.3125,14.250622749328613,0.9072228670120239,-6.002112375606043,0.113096,unknown; numeric event only
20261007_174737_general32_high_watering_walk_A501_off,general32_high_watering_walk_A501,off,CONTROL_PREPLAY,largest_held_target_error,24,20,right_shoulder_yaw_joint,14,13,14,1791366464318.187,1655426799040000,0,3.0,1.3157318830490112,1.17295241355896,0.18136926,9.792933464,6.4375,14.250622749328613,0.9072228670120239,5.246304272290251,0.134645,unknown; numeric event only
20261007_174737_general32_high_watering_walk_A501_off,general32_high_watering_walk_A501,off,CONTROL_PREPLAY,first_raw_plus3,24,20,right_shoulder_yaw_joint,14,13,14,1791366464318.187,1655426799040000,0,3.0,1.3157318830490112,1.17295241355896,0.18136926,9.792933464,6.4375,14.250622749328613,0.9072228670120239,5.246304272290251,0.134645,unknown; numeric event only
20261007_174737_general32_high_watering_walk_A501_off,general32_high_watering_walk_A501,off,CONTROL_PREPLAY,largest_held_target_error,25,22,right_elbow_joint,6,5,6,1791366464158.168,1655426639021000,0,-3.0,-0.7157319188117981,-0.7157319188117981,0.508478701,-11.236410141,-8.4375,14.250622749328613,0.9072228670120239,-7.2518354856186935,0.094663,unknown; numeric event only
20261007_174737_general32_high_watering_walk_A501_off,general32_high_watering_walk_A501,off,CONTROL_PREPLAY,first_raw_minus3,25,22,right_elbow_joint,5,4,5,1791366464138.226,1655426619080000,0,-3.0,-0.7157319188117981,-0.4789807200431824,0.719472945,-8.159244537,-10.5625,14.250622749328613,0.9072228670120239,-9.676457841571295,0.113096,unknown; numeric event only
20261007_174737_general32_high_watering_walk_A501_off,general32_high_watering_walk_A501,off,CONTROL_PREPLAY,largest_held_target_error,26,24,right_wrist_roll_joint,7,6,7,1791366464178.119,1655426658973000,0,2.996375084,1.314142107963562,1.1113237142562866,0.41194576,13.304216385,-0.625,14.250622749328613,0.9072228670120239,-2.1033179468445002,0.044095,unknown; numeric event only
20261007_174737_general32_high_watering_walk_A501_off,general32_high_watering_walk_A501,off,CONTROL_PREPLAY,first_raw_plus3,26,24,right_wrist_roll_joint,8,7,8,1791366464198.287,1655426679140000,0,3.0,1.3157318830490112,1.314142107963562,0.659887373,12.222759247,-0.5625,14.250622749328613,0.9072228670120239,-1.7652292769333684,0.233953,unknown; numeric event only
20261007_174737_general32_high_watering_walk_A501_off,general32_high_watering_walk_A501,off,CONTROL_PREPLAY,largest_held_target_error,27,26,right_wrist_pitch_joint,25,24,25,1791366464538.243,1655427019097000,0,3.0,0.22350260615348816,0.22072391211986542,0.147741526,1.1044662,0.137500003,16.77832794189453,1.0681414604187012,0.04479626844997986,0.159768,unknown; numeric event only
20261007_174737_general32_high_watering_walk_A501_off,general32_high_watering_walk_A501,off,CONTROL_PREPLAY,first_raw_plus3,27,26,right_wrist_pitch_joint,25,24,25,1791366464538.243,1655427019097000,0,3.0,0.22350260615348816,0.22072391211986542,0.147741526,1.1044662,0.137500003,16.77832794189453,1.0681414604187012,0.04479626844997986,0.159768,unknown; numeric event only
20261007_174737_general32_high_watering_walk_A501_off,general32_high_watering_walk_A501,off,CONTROL_PREPLAY,largest_held_target_error,28,28,right_wrist_yaw_joint,16,15,16,1791366464358.253,1655426839106000,0,3.0,0.22350260615348816,0.22213953733444214,0.120920829,1.521708965,0.09375,16.77832794189453,1.0681414604187012,0.07288024608291321,0.208109,unknown; numeric event only
20261007_174737_general32_high_watering_walk_A501_off,general32_high_watering_walk_A501,off,CONTROL_PREPLAY,first_raw_plus3,28,28,right_wrist_yaw_joint,16,15,16,1791366464358.253,1655426839106000,0,3.0,0.22350260615348816,0.22213953733444214,0.120920829,1.521708965,0.09375,16.77832794189453,1.0681414604187012,0.07288024608291321,0.208109,unknown; numeric event only
20261007_174737_general32_high_watering_walk_A501_off,general32_high_watering_walk_A501,off,PLAY,largest_held_target_error,0,0,left_hip_pitch_joint,552,551,552,1791366475078.119,1655437558972000,403,0.244561166,-0.2262418270111084,-0.278058797121048,0.032852754,0.389426619,-33.22265625,99.09842681884766,6.308801651000977,-33.26766089279451,2.004016,unknown; numeric event only
20261007_174737_general32_high_watering_walk_A501_off,general32_high_watering_walk_A501,off,PLAY,largest_held_target_error,1,3,left_hip_roll_joint,163,162,163,1791366467298.558,1655429779411000,14,1.045173287,0.36650198698043823,0.37636086344718933,-0.043326434,0.183259577,39.90234375,99.09842681884766,6.308801651000977,40.4342026109309,0.512722,unknown; numeric event only
20261007_174737_general32_high_watering_walk_A501_off,general32_high_watering_walk_A501,off,PLAY,largest_held_target_error,2,6,left_hip_yaw_joint,469,468,469,1791366473418.231,1655435899084000,320,0.73362422,0.40169334411621094,0.41085606813430786,0.121518061,-0.082279809,11.969105721,40.179237365722656,2.557889699935913,11.835843143528304,2.091933,unknown; numeric event only
20261007_174737_general32_high_watering_walk_A501_off,general32_high_watering_walk_A501,off,PLAY,largest_held_target_error,3,9,left_knee_joint,474,473,474,1791366473518.116,1655435998969000,325,0.693323255,0.9121217727661133,0.867824912071228,0.373575449,5.196718216,16.611328125,99.09842681884766,6.308801651000977,16.194279785531194,2.022768,unknown; numeric event only
20261007_174737_general32_high_watering_walk_A501_off,general32_high_watering_walk_A501,off,PLAY,largest_held_target_error,4,13,left_ankle_pitch_joint,171,170,171,1791366467458.173,1655429939026000,22,3.0,0.9527319669723511,0.9496527314186096,-0.286290735,0.253409922,33.881671906,28.501245498657227,1.8144457340240479,34.766129606925944,0.119501,unknown; numeric event only
20261007_174737_general32_high_watering_walk_A501_off,general32_high_watering_walk_A501,off,PLAY,first_raw_plus3,4,13,left_ankle_pitch_joint,171,170,171,1791366467458.173,1655429939026000,22,3.0,0.9527319669723511,0.9496527314186096,-0.286290735,0.253409922,33.881671906,28.501245498657227,1.8144457340240479,34.766129606925944,0.119501,unknown; numeric event only
20261007_174737_general32_high_watering_walk_A501_off,general32_high_watering_walk_A501,off,PLAY,largest_held_target_error,5,17,left_ankle_roll_joint,163,162,163,1791366467298.558,1655429779411000,14,0.412379682,0.18086037039756775,0.19529379904270172,0.016231434,-0.023515685,4.863259315,28.501245498657227,1.8144457340240479,5.146168359983123,0.512722,unknown; numeric event only
20261007_174737_general32_high_watering_walk_A501_off,general32_high_watering_walk_A501,off,PLAY,largest_held_target_error,6,1,right_hip_pitch_joint,474,473,474,1791366473518.116,1655435998969000,325,-0.607108474,-0.5248895287513733,-0.5609469413757324,-0.071568727,-0.82248646,-43.06640625,99.09842681884766,6.308801651000977,-43.30770722727791,2.022768,unknown; numeric event only
20261007_174737_general32_high_watering_walk_A501_off,general32_high_watering_walk_A501,off,PLAY,largest_held_target_error,7,4,right_hip_roll_joint,477,476,477,1791366473578.124,1655436058977000,328,-1.475189924,-0.5172922611236572,-0.5139102935791016,-0.036321256,-0.533416271,-44.6484375,99.09842681884766,6.308801651000977,-43.96310483886089,2.036287,unknown; numeric event only
20261007_174737_general32_high_watering_walk_A501_off,general32_high_watering_walk_A501,off,PLAY,largest_held_target_error,8,7,right_hip_yaw_joint,645,644,645,1791366476938.573,1655439419426000,496,0.304555655,0.16675837337970734,0.17951036989688873,-0.237424925,0.087422296,16.779119492,40.179237365722656,2.557889699935913,16.528525589326517,0.497782,unknown; numeric event only
20261007_174737_general32_high_watering_walk_A501_off,general32_high_watering_walk_A501,off,PLAY,largest_held_target_error,9,10,right_knee_joint,263,262,263,1791366469298.204,1655431779057000,114,-1.830772042,0.027018791064620018,0.01107041072100401,0.488172352,0.001090831,-46.7578125,99.09842681884766,6.308801651000977,-47.286933649380494,2.028598,unknown; numeric event only
20261007_174737_general32_high_watering_walk_A501_off,general32_high_watering_walk_A501,off,PLAY,largest_held_target_error,10,14,right_ankle_pitch_joint,177,176,177,1791366467578.379,1655430059233000,28,2.849360228,0.8866647481918335,0.905937135219574,-0.377204984,0.218599632,35.244049072,28.501245498657227,1.8144457340240479,36.17451137980275,0.303226,unknown; numeric event only
20261007_174737_general32_high_watering_walk_A501_off,general32_high_watering_walk_A501,off,PLAY,largest_held_target_error,11,18,right_ankle_roll_joint,474,473,474,1791366473518.116,1655435998969000,325,-0.57056427,-0.25023654103279114,-0.26602864265441895,-0.082100943,0.013741221,-5.516652584,28.501245498657227,1.8144457340240479,-5.267101221677619,2.022768,unknown; numeric event only
20261007_174737_general32_high_watering_walk_A501_off,general32_high_watering_walk_A501,off,PLAY,largest_held_target_error,12,2,waist_yaw_joint,476,475,476,1791366473558.115,1655436038969000,327,-0.254892439,-0.13956545293331146,-0.16672371327877045,0.070186928,-0.157702968,-9.228515625,40.179237365722656,2.557889699935913,-9.115502092908766,0.053158,unknown; numeric event only
20261007_174737_general32_high_watering_walk_A501_off,general32_high_watering_walk_A501,off,PLAY,largest_held_target_error,13,5,waist_roll_joint,738,737,738,1791366478798.307,1655441279160000,589,1.634705663,0.7169448137283325,0.7738390564918518,-0.193606272,0.866481662,25.911331177,28.501245498657227,1.8144457340240479,26.00121285864939,0.225284,unknown; numeric event only
20261007_174737_general32_high_watering_walk_A501_off,general32_high_watering_walk_A501,off,PLAY,largest_held_target_error,14,8,waist_pitch_joint,468,467,468,1791366473398.143,1655435878997000,319,0.978634775,0.4292069971561432,0.4473709762096405,-0.081804052,0.207755014,14.533901215,28.501245498657227,1.8144457340240479,14.705187191887418,0.065823,unknown; numeric event only
20261007_174737_general32_high_watering_walk_A501_off,general32_high_watering_walk_A501,off,PLAY,largest_held_target_error,15,11,left_shoulder_pitch_joint,588,587,588,1791366475798.264,1655438279118000,439,1.378496885,0.8045774698257446,0.8344987034797668,0.585693061,0.208621398,3.1875,14.250622749328613,0.9072228670120239,3.356369246069871,0.092545,unknown; numeric event only
20261007_174737_general32_high_watering_walk_A501_off,general32_high_watering_walk_A501,off,PLAY,largest_held_target_error,16,15,left_shoulder_roll_joint,759,758,759,1791366479218.135,1655441698988000,610,1.182478666,0.7186083197593689,0.7335096597671509,0.424061805,-0.012271847,4.1875,14.250622749328613,0.9072228670120239,4.42095793909457,0.075875,unknown; numeric event only
20261007_174737_general32_high_watering_walk_A501_off,general32_high_watering_walk_A501,off,PLAY,largest_held_target_error,17,19,left_shoulder_yaw_joint,758,757,758,1791366479198.259,1655441679112000,609,0.468007177,0.2052573263645172,0.20478852093219757,0.11909923,0.300660253,1.125,14.250622749328613,0.9072228670120239,0.9483599020089923,0.190477,unknown; numeric event only
20261007_174737_general32_high_watering_walk_A501_off,general32_high_watering_walk_A501,off,PLAY,largest_held_target_error,18,21,left_elbow_joint,658,657,658,1791366477198.281,1655439679134000,509,-0.186168969,0.5183505415916443,0.470007985830307,0.636793792,-0.96794194,-1.6875,14.250622749328613,0.9072228670120239,-1.4986625417589585,0.195408,unknown; numeric event only
20261007_174737_general32_high_watering_walk_A501_off,general32_high_watering_walk_A501,off,PLAY,largest_held_target_error,19,23,left_wrist_roll_joint,483,482,483,1791366473698.12,1655436178974000,334,0.769791603,0.33761313557624817,0.33538854122161865,0.26458773,1.093728304,0.0,14.250622749328613,0.9072228670120239,0.016700323378640358,0.049289,unknown; numeric event only
20261007_174737_general32_high_watering_walk_A501_off,general32_high_watering_walk_A501,off,PLAY,largest_held_target_error,20,25,left_wrist_pitch_joint,726,725,726,1791366478558.125,1655441038978000,577,1.607012272,0.11972381174564362,0.12449674308300018,0.155663103,-0.214757323,-0.337500006,16.77832794189453,1.0681414604187012,-0.29352820681770897,0.005293,unknown; numeric event only
20261007_174737_general32_high_watering_walk_A501_off,general32_high_watering_walk_A501,off,PLAY,first_raw_plus3,20,25,left_wrist_pitch_joint,150,149,150,1791366467038.253,1655429519107000,1,3.0,0.22350260615348816,0.22173790633678436,0.212300554,0.01840777,0.106250003,16.77832794189453,1.0681414604187012,0.13868089007892112,0.186014,unknown; numeric event only
20261007_174737_general32_high_watering_walk_A501_off,general32_high_watering_walk_A501,off,PLAY,largest_held_target_error,21,27,left_wrist_yaw_joint,563,562,563,1791366475298.121,1655437778974000,414,1.922223568,0.14320732653141022,0.15000982582569122,0.182963163,-0.411106855,-0.150000006,16.77832794189453,1.0681414604187012,-0.11378162140253772,2.014078,unknown; numeric event only
20261007_174737_general32_high_watering_walk_A501_off,general32_high_watering_walk_A501,off,PLAY,first_raw_plus3,21,27,left_wrist_yaw_joint,160,159,160,1791366467238.204,1655429719057000,11,3.0,0.22350260615348816,0.2186497449874878,0.211102128,0.042951465,0.037500001,16.77832794189453,1.0681414604187012,0.08075815244366152,0.152319,unknown; numeric event only
20261007_174737_general32_high_watering_walk_A501_off,general32_high_watering_walk_A501,off,PLAY,largest_held_target_error,22,12,right_shoulder_pitch_joint,733,732,733,1791366478698.288,1655441179141000,584,0.414915651,0.3819725811481476,0.3714258670806885,-0.413959116,6.102175713,6.4375,14.250622749328613,0.9072228670120239,5.656191761511726,0.212191,unknown; numeric event only
20261007_174737_general32_high_watering_walk_A501_off,general32_high_watering_walk_A501,off,PLAY,first_raw_minus3,22,12,right_shoulder_pitch_joint,149,148,149,1791366467018.272,1655429499125000,0,-3.0,-1.115731954574585,-1.115731954574585,-0.890380025,0.01687379,-3.0,14.250622749328613,0.9072228670120239,-3.2267136223418387,0.211507,unknown; numeric event only
20261007_174737_general32_high_watering_walk_A501_off,general32_high_watering_walk_A501,off,PLAY,largest_held_target_error,23,16,right_shoulder_roll_joint,734,733,734,1791366478718.129,1655441198982000,585,-1.361153603,-0.7969710826873779,-0.716279923915863,-1.423582196,2.755029678,7.5625,14.250622749328613,0.9072228670120239,7.580071926035645,0.065421,unknown; numeric event only
20261007_174737_general32_high_watering_walk_A501_off,general32_high_watering_walk_A501,off,PLAY,first_raw_minus3,23,16,right_shoulder_roll_joint,149,148,149,1791366467018.272,1655429499125000,0,-3.0,-1.515731930732727,-1.515731930732727,-1.295195103,-0.003067962,-3.25,14.250622749328613,0.9072228670120239,-3.140003809071242,0.211507,unknown; numeric event only
20261007_174737_general32_high_watering_walk_A501_off,general32_high_watering_walk_A501,off,PLAY,largest_held_target_error,24,20,right_shoulder_yaw_joint,580,579,580,1791366475638.221,1655438119074000,431,-0.429882407,-0.18853667378425598,-0.22554270923137665,0.192131102,-2.181320667,-4.0625,14.250622749328613,0.9072228670120239,-3.973167926744321,2.035696,unknown; numeric event only
20261007_174737_general32_high_watering_walk_A501_off,general32_high_watering_walk_A501,off,PLAY,largest_held_target_error,25,22,right_elbow_joint,729,728,729,1791366478618.161,1655441099014000,580,-1.692110419,-0.14212124049663544,-0.16117767989635468,0.349280238,-1.816233277,-5.5625,14.250622749328613,0.9072228670120239,-5.626614856626126,0.092735,unknown; numeric event only
20261007_174737_general32_high_watering_walk_A501_off,general32_high_watering_walk_A501,off,PLAY,largest_held_target_error,26,24,right_wrist_roll_joint,556,555,556,1791366475158.12,1655437638973000,407,-0.105124786,-0.04610534757375717,-0.0362498015165329,-0.151900053,0.929592371,0.75,14.250622749328613,0.9072228670120239,0.8047406487847465,2.04583,unknown; numeric event only
20261007_174737_general32_high_watering_walk_A501_off,general32_high_watering_walk_A501,off,PLAY,largest_held_target_error,27,26,right_wrist_pitch_joint,729,728,729,1791366478618.161,1655441099014000,580,2.619097233,0.1951250284910202,0.19337843358516693,0.263461202,-0.012271847,-1.131250024,16.77832794189453,1.0681414604187012,-1.1627636029633024,0.092735,unknown; numeric event only
20261007_174737_general32_high_watering_walk_A501_off,general32_high_watering_walk_A501,off,PLAY,first_raw_plus3,27,26,right_wrist_pitch_joint,149,148,149,1791366467018.272,1655429499125000,0,3.0,0.22350260615348816,0.22350260615348816,0.220929191,0.0,0.068750001,16.77832794189453,1.0681414604187012,0.04317760337586524,0.211507,unknown; numeric event only
20261007_174737_general32_high_watering_walk_A501_off,general32_high_watering_walk_A501,off,PLAY,largest_held_target_error,28,28,right_wrist_yaw_joint,753,752,753,1791366479098.216,1655441579069000,604,-0.551388383,-0.04107891395688057,-0.021466104313731194,0.046307046,-1.043107033,0.018750001,16.77832794189453,1.0681414604187012,-0.02293427201745568,0.122306,unknown; numeric event only
20261007_174737_general32_high_watering_walk_A501_off,general32_high_watering_walk_A501,off,PLAY,first_raw_plus3,28,28,right_wrist_yaw_joint,149,148,149,1791366467018.272,1655429499125000,0,3.0,0.22350260615348816,0.22350260615348816,0.218592271,0.0,0.106250003,16.77832794189453,1.0681414604187012,0.08238721350983727,0.211507,unknown; numeric event only
20261007_174737_general32_high_watering_walk_A501_off,general32_high_watering_walk_A501,off,PLAY,first_raw_minus3,28,28,right_wrist_yaw_joint,765,764,765,1791366479338.174,1655441819027000,616,-3.0,-0.22350260615348816,-0.2132406085729599,-0.1626499,-0.730174899,-0.037500001,16.77832794189453,1.0681414604187012,-0.06889741627099888,1.942773,unknown; numeric event only
20261007_174737_general32_high_watering_walk_A501_off,general32_high_watering_walk_A501,off,FINAL_HOLD,largest_held_target_error,0,0,left_hip_pitch_joint,1389,1388,1389,1791366491818.119,1655454298972000,764,0.610299885,-0.09799134731292725,-0.09799780696630478,-0.037676271,-0.006544985,-6.240234375,99.09842681884766,6.308801651000977,-5.936478305383565,1.915568,unknown; numeric event only
20261007_174737_general32_high_watering_walk_A501_off,general32_high_watering_walk_A501,off,FINAL_HOLD,largest_held_target_error,1,3,left_hip_roll_joint,1337,1336,1337,1791366490778.117,1655453258970000,764,-0.172780871,-0.06058759242296219,-0.06049109250307083,0.099734314,0.01199914,-16.171875,99.09842681884766,6.308801651000977,-15.953785915107272,0.06906,unknown; numeric event only
20261007_174737_general32_high_watering_walk_A501_off,general32_high_watering_walk_A501,off,FINAL_HOLD,largest_held_target_error,2,6,left_hip_yaw_joint,1390,1389,1390,1791366491838.119,1655454318972000,764,-0.08188042,-0.044833336025476456,-0.04463426023721695,-0.107496746,0.017141627,2.684659004,40.179237365722656,2.557889699935913,2.481920345718778,1.83051,unknown; numeric event only
20261007_174737_general32_high_watering_walk_A501_off,general32_high_watering_walk_A501,off,FINAL_HOLD,largest_held_target_error,3,9,left_knee_joint,1385,1384,1385,1791366491738.119,1655454218972000,764,-1.560863733,0.12166523188352585,0.1215410828590393,0.172453523,0.008726647,-5.361328125,99.09842681884766,6.308801651000977,-5.100397408479258,0.035111,unknown; numeric event only
20261007_174737_general32_high_watering_walk_A501_off,general32_high_watering_walk_A501,off,FINAL_HOLD,largest_held_target_error,4,13,left_ankle_pitch_joint,933,932,933,1791366482698.127,1655445178980000,764,1.21427393,0.1695529967546463,0.172640860080719,-0.180566505,0.009444659,9.816386223,28.501245498657227,1.8144457340240479,10.04971300286756,1.949466,unknown; numeric event only
20261007_174737_general32_high_watering_walk_A501_off,general32_high_watering_walk_A501,off,FINAL_HOLD,largest_held_target_error,5,17,left_ankle_roll_joint,1523,1522,1523,1791366494498.117,1655456978971000,764,-0.245693564,-0.1077556237578392,-0.10791438072919846,-0.076695785,-0.007234958,-1.104932189,28.501245498657227,1.8144457340240479,-0.8766414223222739,0.063978,unknown; numeric event only
20261007_174737_general32_high_watering_walk_A501_off,general32_high_watering_walk_A501,off,FINAL_HOLD,largest_held_target_error,6,1,right_hip_pitch_joint,929,928,929,1791366482618.203,1655445099056000,764,0.821593523,-0.023898810148239136,-0.02348722703754902,-0.082826443,0.016362462,5.9765625,99.09842681884766,6.308801651000977,5.777195423262705,0.136233,unknown; numeric event only
20261007_174737_general32_high_watering_walk_A501_off,general32_high_watering_walk_A501,off,FINAL_HOLD,largest_held_target_error,7,4,right_hip_roll_joint,1523,1522,1523,1791366494498.117,1655456978971000,764,-0.016324587,-0.005724403541535139,-0.005379421170800924,-0.139864951,0.032724924,12.83203125,99.09842681884766,6.308801651000977,13.120849381412755,0.063978,unknown; numeric event only
20261007_174737_general32_high_watering_walk_A501_off,general32_high_watering_walk_A501,off,FINAL_HOLD,largest_held_target_error,8,7,right_hip_yaw_joint,1381,1380,1381,1791366491658.117,1655454138970000,764,-0.721811712,-0.395225465297699,-0.39524349570274353,-0.3447074,0.003428325,-1.733842373,40.179237365722656,2.557889699935913,-2.0392710619829417,0.02345,unknown; numeric event only
20261007_174737_general32_high_watering_walk_A501_off,general32_high_watering_walk_A501,off,FINAL_HOLD,largest_held_target_error,9,10,right_knee_joint,932,931,932,1791366482678.118,1655445158971000,764,-1.296305776,0.21443551778793335,0.21509896218776703,0.172666579,-0.008726647,4.39453125,99.09842681884766,6.308801651000977,4.260037105083537,1.933203,unknown; numeric event only
20261007_174737_general32_high_watering_walk_A501_off,general32_high_watering_walk_A501,off,FINAL_HOLD,largest_held_target_error,10,14,right_ankle_pitch_joint,932,931,932,1791366482678.118,1655445158971000,764,1.16569519,0.14824746549129486,0.14965380728244781,-0.080022313,0.00225626,6.344902992,28.501245498657227,1.8144457340240479,6.541961628017322,1.933203,unknown; numeric event only
20261007_174737_general32_high_watering_walk_A501_off,general32_high_watering_walk_A501,off,FINAL_HOLD,largest_held_target_error,11,18,right_ankle_roll_joint,1372,1371,1372,1791366491478.137,1655453958990000,764,0.211969033,0.09296480566263199,0.09279360622167587,0.065753274,-0.014593516,0.451557785,28.501245498657227,1.8144457340240479,0.7971622898658471,2.055359,unknown; numeric event only
20261007_174737_general32_high_watering_walk_A501_off,general32_high_watering_walk_A501,off,FINAL_HOLD,largest_held_target_error,12,2,waist_yaw_joint,1370,1369,1370,1791366491438.125,1655453918978000,764,0.103340603,0.05658378079533577,0.05672650784254074,0.069691427,-0.01199914,-0.727095187,40.179237365722656,2.557889699935913,-0.49022808764087156,0.030675,unknown; numeric event only
20261007_174737_general32_high_watering_walk_A501_off,general32_high_watering_walk_A501,off,FINAL_HOLD,largest_held_target_error,13,5,waist_roll_joint,1376,1375,1376,1791366491558.121,1655454038975000,764,-0.100043058,-0.043876614421606064,-0.04393106698989868,0.046133105,-0.030081747,-2.739787579,28.501245498657227,1.8144457340240479,-2.5123593790012495,1.934495,unknown; numeric event only
20261007_174737_general32_high_watering_walk_A501_off,general32_high_watering_walk_A501,off,FINAL_HOLD,largest_held_target_error,14,8,waist_pitch_joint,933,932,933,1791366482698.127,1655445178980000,764,-0.155463636,-0.06818282604217529,-0.06864192336797714,0.004451239,0.004522396,-2.040073872,28.501245498657227,1.8144457340240479,-2.0914518070526977,1.949466,unknown; numeric event only
20261007_174737_general32_high_watering_walk_A501_off,general32_high_watering_walk_A501,off,FINAL_HOLD,largest_held_target_error,15,11,left_shoulder_pitch_joint,928,927,928,1791366482598.122,1655445078975000,764,0.42396754,0.3859425485134125,0.3866768777370453,0.297568321,0.007669904,1.125,14.250622749328613,0.9072228670120239,1.2628941135001897,1.876878,unknown; numeric event only
20261007_174737_general32_high_watering_walk_A501_off,general32_high_watering_walk_A501,off,FINAL_HOLD,largest_held_target_error,16,15,left_shoulder_roll_joint,1337,1336,1337,1791366490778.117,1655453258970000,764,0.245152682,0.3075183928012848,0.3084138035774231,0.185060412,0.006135923,1.5625,14.250622749328613,0.9072228670120239,1.752295998564241,0.06906,unknown; numeric event only
20261007_174737_general32_high_watering_walk_A501_off,general32_high_watering_walk_A501,off,FINAL_HOLD,largest_held_target_error,17,19,left_shoulder_yaw_joint,1361,1360,1361,1791366491258.166,1655453739019000,764,0.200481653,0.0879267081618309,0.0877392441034317,0.102788702,-0.004601942,-0.0625,14.250622749328613,0.9072228670120239,-0.21028916005083623,1.906481,unknown; numeric event only
20261007_174737_general32_high_watering_walk_A501_off,general32_high_watering_walk_A501,off,FINAL_HOLD,largest_held_target_error,18,21,left_elbow_joint,1371,1370,1371,1791366491458.117,1655453938971000,764,0.696044266,0.905269205570221,0.9035055041313171,0.943542004,-0.026077675,-0.6875,14.250622749328613,0.9072228670120239,-0.546886792753636,0.042256,unknown; numeric event only
20261007_174737_general32_high_watering_walk_A501_off,general32_high_watering_walk_A501,off,FINAL_HOLD,largest_held_target_error,19,23,left_wrist_roll_joint,916,915,916,1791366482358.197,1655444839050000,764,0.598389864,0.26244020462036133,0.2624727785587311,0.243471518,0.0,0.0625,14.250622749328613,0.9072228670120239,0.2707797959841737,1.92564,unknown; numeric event only
20261007_174737_general32_high_watering_walk_A501_off,general32_high_watering_walk_A501,off,FINAL_HOLD,largest_held_target_error,20,25,left_wrist_pitch_joint,1385,1384,1385,1791366491738.119,1655454218972000,764,2.214000702,0.16494497656822205,0.16430437564849854,0.149023846,0.030679617,0.193749994,16.77832794189453,1.0681414604187012,0.22361156666088455,0.035111,unknown; numeric event only
20261007_174737_general32_high_watering_walk_A501_off,general32_high_watering_walk_A501,off,FINAL_HOLD,largest_held_target_error,21,27,left_wrist_yaw_joint,1372,1371,1372,1791366491478.137,1655453958990000,764,2.637064219,0.19646358489990234,0.19471050798892975,0.179224089,0.079767004,0.131249994,16.77832794189453,1.0681414604187012,0.17463377229606164,2.055359,unknown; numeric event only
20261007_174737_general32_high_watering_walk_A501_off,general32_high_watering_walk_A501,off,FINAL_HOLD,largest_held_target_error,22,12,right_shoulder_pitch_joint,1326,1325,1326,1791366490558.305,1655453039159000,764,-0.286081731,0.07453104108572006,0.07786184549331665,0.053869091,0.039883502,0.4375,14.250622749328613,0.9072228670120239,0.3057284679705947,0.098409,unknown; numeric event only
20261007_174737_general32_high_watering_walk_A501_off,general32_high_watering_walk_A501,off,FINAL_HOLD,largest_held_target_error,23,16,right_shoulder_roll_joint,1345,1344,1345,1791366490938.131,1655453418985000,764,-0.502902508,-0.42056164145469666,-0.4212626814842224,-0.302338034,0.001533981,-1.8125,14.250622749328613,0.9072228670120239,-1.696141949535308,0.069017,unknown; numeric event only
20261007_174737_general32_high_watering_walk_A501_off,general32_high_watering_walk_A501,off,FINAL_HOLD,largest_held_target_error,24,20,right_shoulder_yaw_joint,1328,1327,1328,1791366490598.208,1655453079061000,764,0.041054726,0.018005670979619026,0.01779809780418873,0.000814927,0.024543693,0.375,14.250622749328613,0.9072228670120239,0.2197541606873825,2.034183,unknown; numeric event only
20261007_174737_general32_high_watering_walk_A501_off,general32_high_watering_walk_A501,off,FINAL_HOLD,largest_held_target_error,25,22,right_elbow_joint,1358,1357,1358,1791366491198.117,1655453678970000,764,1.27316761,1.1583824157714844,1.157981514930725,1.198110938,0.003067962,-0.4375,14.250622749328613,0.9072228670120239,-0.5746525945899639,0.04612,unknown; numeric event only
20261007_174737_general32_high_watering_walk_A501_off,general32_high_watering_walk_A501,off,FINAL_HOLD,largest_held_target_error,26,24,right_wrist_roll_joint,1360,1359,1360,1791366491238.313,1655453719166000,764,-0.479648769,-0.21036307513713837,-0.2081199288368225,-0.228023857,-0.003067962,0.125,14.250622749328613,0.9072228670120239,0.2864266967647035,0.147027,unknown; numeric event only
20261007_174737_general32_high_watering_walk_A501_off,general32_high_watering_walk_A501,off,FINAL_HOLD,largest_held_target_error,27,26,right_wrist_pitch_joint,1393,1392,1393,1791366491898.119,1655454378973000,764,2.098751783,0.15635883808135986,0.15606847405433655,0.139484391,0.006135923,0.293749988,16.77832794189453,1.0681414604187012,0.2716991503470376,0.038425,unknown; numeric event only
20261007_174737_general32_high_watering_walk_A501_off,general32_high_watering_walk_A501,off,FINAL_HOLD,largest_held_target_error,28,28,right_wrist_yaw_joint,1142,1141,1142,1791366486878.164,1655449359017000,764,-1.444532037,-0.10761889070272446,-0.10760977864265442,-0.117864855,0.0,0.200000003,16.77832794189453,1.0681414604187012,0.17206303419271343,1.968801,unknown; numeric event only
